Year,Name,NestName,ID,Sex,MeasurementDate,MeasurementDateJulYear,HatchDate,HatchDateJulYear,FieldAge,CalcAgeInteger,CalcAge,BNT,TEC,BW,BD,Head,UB,UBS,TBS,Skull,Tarsus,WingChord,Primary7,TailLength,Weight,MaxC1_11,MaxC12_22,MaxCIncubation,MinC1_11,MinC12_22,MinCIncubation,GDD10CSum1_11,GDD10CSum12_22,GDD10CSumIncubation,PrecipSum1_11,PrecipSum12_22,PrecipSumIncubation,MaxC6_19,MinC6_19,GDD10CSum6_19,PrecipSum6_19,MaxC8_22,MinC8_22,GDD10CSum8_22,PrecipSum8_22
1989,BSWG,ALEX89,BSWG ALEX89,U,5/18/1989,1989138,4/22/1989,1989112,26,26,25.7,23.2,39,12.9,13.8,80.7,15.8,218.04,260.325,41.7,61,160,105,50,400,13.08080808,11.81818182,10.52631579,0.303030303,4.949494949,-0.292397661,-36.38888889,-17.77777778,-92.77777778,3.048,9.0932,2.2606,13.69047619,3.928571429,-16.66666667,6.9596,12.85185185,5.185185185,-14.72222222,12.1412
1989,GSWG,ALEX89,GSWG ALEX89,U,5/18/1989,1989138,4/22/1989,1989112,26,26,25.5,22.2,34,12.2,13.2,75.5,11.8,155.76,215.9,41.5,59.6,160,100,50,350,13.08080808,11.81818182,10.52631579,0.303030303,4.949494949,-0.292397661,-36.38888889,-17.77777778,-92.77777778,3.048,9.0932,2.2606,13.69047619,3.928571429,-16.66666667,6.9596,12.85185185,5.185185185,-14.72222222,12.1412
1989,WSWG,ALEX89,WSWG ALEX89,U,5/18/1989,1989138,4/22/1989,1989112,26,26,26.1,23.6,38.1,12.6,13.9,80.3,14.5,201.55,252.4125,42.2,60.2,170,117,52,410,13.08080808,11.81818182,10.52631579,0.303030303,4.949494949,-0.292397661,-36.38888889,-17.77777778,-92.77777778,3.048,9.0932,2.2606,13.69047619,3.928571429,-16.66666667,6.9596,12.85185185,5.185185185,-14.72222222,12.1412
1989,YSWG,ALEX89,YSWG ALEX89,U,5/18/1989,1989138,4/23/1989,1989113,26,25,25.3,22,34,12.9,13.2,76.2,12,158.4,221.85,42.2,59,155,93,50,330,12.67676768,12.57575758,10.20467836,1.262626263,4.898989899,-0.701754386,-33.33333333,-13.88888889,-99.72222222,3.0734,9.0678,1.905,13.25396825,4.365079365,-16.66666667,11.5062,13.14814815,5.296296296,-11.66666667,12.1412
1989,BSBW,UTIC89,BSBW UTIC89,U,6/27/1989,1989178,6/2/1989,1989153,25,25,25.2,22.6,34.7,14.3,13.8,77.8,12.1,166.98,243.7675,43.1,60.8,154,98,40,330,23.03030303,22.97979798,23.2748538,12.57575758,15.2020202,10.1754386,85.83333333,100,127.7777778,4.5974,6.2484,6.5786,21.86507937,12.97619048,103.8888889,5.5626,22.74074074,14.2962963,127.7777778,6.6548
1989,BSGY,WSAP89,BSGY WSAP89,U,5/31/1989,1989151,5/5/1989,1989125,26,26,25.9,23.5,36.4,12.8,14.9,81.5,12.9,192.21,252.07,45.1,63.9,165,113,52,448,13.23232323,23.43434343,13.07017544,5.505050505,10.15151515,0.935672515,-6.944444444,74.72222222,-56.94444444,9.0678,3.8862,3.6322,20.03968254,8.571428571,60.27777778,7.9248,20.92592593,9.074074074,75,4.5212
1989,GSGY,WSAP89,GSGY WSAP89,U,5/31/1989,1989151,5/5/1989,1989125,26,26,26.1,22.2,37.8,13.1,13.8,78.2,15.6,215.28,254.205,40.4,61.8,167,114,57,438,13.23232323,23.43434343,13.07017544,5.505050505,10.15151515,0.935672515,-6.944444444,74.72222222,-56.94444444,9.0678,3.8862,3.6322,20.03968254,8.571428571,60.27777778,7.9248,20.92592593,9.074074074,75,4.5212
1989,WSGY,WSAP89,WSGY WSAP89,U,5/31/1989,1989151,5/5/1989,1989125,26,26,26,23.4,37.7,13.8,13.8,75,14.3,197.34,260.13,37.3,61,171,111,57,403,13.23232323,23.43434343,13.07017544,5.505050505,10.15151515,0.935672515,-6.944444444,74.72222222,-56.94444444,9.0678,3.8862,3.6322,20.03968254,8.571428571,60.27777778,7.9248,20.92592593,9.074074074,75,4.5212
1989,YSGY,WSAP89,YSGY WSAP89,U,5/31/1989,1989151,5/5/1989,1989125,26,26,26.4,25.7,40,15.3,14.5,82.8,14.3,207.35,298,42.8,64.8,171,120,60,453,13.23232323,23.43434343,13.07017544,5.505050505,10.15151515,0.935672515,-6.944444444,74.72222222,-56.94444444,9.0678,3.8862,3.6322,20.03968254,8.571428571,60.27777778,7.9248,20.92592593,9.074074074,75,4.5212
1990,HS,ALEX90,HS ALEX90,U,5/14/1990,1990134,4/18/1990,1990108,26,26,26,21.4,32.5,13.7,13.2,72.1,11.1,146.52,218.5625,39.6,58.6,NA,111,NA,300,19.24242424,18.88888889,8.391812865,5.252525253,7.070707071,0.233918129,24.72222222,32.77777778,-108.0555556,2.0066,2.7432,7.8994,21.9047619,7.777777778,67.77777778,2.9464,21.37037037,8.259259259,72.22222222,3.4544
1990,IR,ALEX90,IR ALEX90,U,5/14/1990,1990134,4/18/1990,1990108,26,26,26,22.4,34.6,13.8,13.5,73.8,12.2,164.7,236.145,39.2,57.1,NA,95,NA,353,19.24242424,18.88888889,8.391812865,5.252525253,7.070707071,0.233918129,24.72222222,32.77777778,-108.0555556,2.0066,2.7432,7.8994,21.9047619,7.777777778,67.77777778,2.9464,21.37037037,8.259259259,72.22222222,3.4544
1990,JQ,ALEX90,JQ ALEX90,U,5/14/1990,1990134,4/18/1990,1990108,26,26,26,21.2,32.5,13.3,13.1,74.3,11.3,148.03,214.5,41.8,55.8,NA,118,NA,315,19.24242424,18.88888889,8.391812865,5.252525253,7.070707071,0.233918129,24.72222222,32.77777778,-108.0555556,2.0066,2.7432,7.8994,21.9047619,7.777777778,67.77777778,2.9464,21.37037037,8.259259259,72.22222222,3.4544
1990,NL,CEME90,NL CEME90,U,6/2/1990,1990153,5/8/1990,1990128,28,25,24.7,19.4,30.5,11.8,11,70.2,11.1,122.1,173.85,39.7,51,131,82,34,230,18.98989899,17.37373737,19.85380117,8.333333333,6.919191919,6.842105263,40.27777778,23.61111111,63.61111111,5.1054,3.2258,4.5212,17.22222222,7.53968254,33.33333333,6.6548,18.55555556,8.074074074,49.72222222,5.4102
1990,OK,CEME90,OK CEME90,U,6/2/1990,1990153,5/8/1990,1990128,28,25,25.1,21.3,33.8,12,12.3,72,12.5,153.75,205.335,38.2,53.8,150,92,42,235,18.98989899,17.37373737,19.85380117,8.333333333,6.919191919,6.842105263,40.27777778,23.61111111,63.61111111,5.1054,3.2258,4.5212,17.22222222,7.53968254,33.33333333,6.6548,18.55555556,8.074074074,49.72222222,5.4102
1990,PJ,CEME90,PJ CEME90,U,6/2/1990,1990153,5/8/1990,1990128,28,25,25,21.9,33.7,12.1,11.6,72.5,11.8,136.88,199.6725,38.8,53,143,92,35,280,18.98989899,17.37373737,19.85380117,8.333333333,6.919191919,6.842105263,40.27777778,23.61111111,63.61111111,5.1054,3.2258,4.5212,17.22222222,7.53968254,33.33333333,6.6548,18.55555556,8.074074074,49.72222222,5.4102
1990,OL,HART90,OL HART90,M,5/15/1990,1990135,4/18/1990,1990108,28,27,26.9,23.5,37.8,12.1,14.4,79.6,14.3,205.92,250.425,41.8,58.9,NA,122,71,423,19.24242424,18.88888889,8.391812865,5.252525253,7.070707071,0.233918129,24.72222222,32.77777778,-108.0555556,2.0066,2.7432,7.8994,21.9047619,7.777777778,67.77777778,2.9464,21.37037037,8.259259259,72.22222222,3.4544
1990,PK,HART90,PK HART90,M,5/15/1990,1990135,4/18/1990,1990108,28,27,27.4,23.3,36.2,13.7,13.3,79.4,12.9,171.57,244.35,43.2,62.8,NA,129,79,430,19.24242424,18.88888889,8.391812865,5.252525253,7.070707071,0.233918129,24.72222222,32.77777778,-108.0555556,2.0066,2.7432,7.8994,21.9047619,7.777777778,67.77777778,2.9464,21.37037037,8.259259259,72.22222222,3.4544
1990,QJ,HART90,QJ HART90,U,5/15/1990,1990135,4/18/1990,1990108,28,27,26.5,24.4,37.4,13.1,13.3,79.1,13,172.9,246.84,41.7,59.6,NA,119,65,400,19.24242424,18.88888889,8.391812865,5.252525253,7.070707071,0.233918129,24.72222222,32.77777778,-108.0555556,2.0066,2.7432,7.8994,21.9047619,7.777777778,67.77777778,2.9464,21.37037037,8.259259259,72.22222222,3.4544
1990,RI,HART90,RI HART90,M,5/15/1990,1990135,4/19/1990,1990109,28,26,25.7,22.1,35.1,13,12.7,76.8,13,165.1,225.5175,41.7,58.6,NA,105,52,388,21.26262626,18.38383838,8.567251462,6.868686869,6.919191919,-0.058479532,44.72222222,29.16666667,-109.1666667,1.778,2.7432,7.8994,21.54761905,7.698412698,64.72222222,3.3274,21.40740741,8.481481481,74.16666667,2.9972
1990,HR,HOGS90,HR HOGS90,M,5/24/1990,1990144,4/29/1990,1990119,24,25,24.9,22,34.6,13.4,13,74.8,12.6,163.8,228.36,40.2,59.1,156,87,40,415,18.88888889,17.92929293,16.40350877,7.070707071,8.03030303,3.947368421,32.77777778,32.77777778,3.333333333,2.7432,5.3848,4.3434,17.46031746,7.301587302,33.33333333,7.0866,17.55555556,7.518518519,38.05555556,5.8928
1990,SH,KNOL90,SH KNOL90,M,5/17/1990,1990137,4/21/1990,1990111,26,26,26.1,23.9,36.1,13.4,13.9,78.5,12.2,169.58,246.3825,42.4,61.5,172,109,62,390,22.97979798,16.86868687,9.356725146,8.98989899,5.202020202,-0.087719298,65.83333333,11.38888889,-101.9444444,1.6764,3.7846,8.4836,21.07142857,8.015873016,63.61111111,2.9972,19.33333333,7.111111111,48.33333333,3.7846
1990,TG,KNOL90,TG KNOL90,U,5/17/1990,1990137,4/21/1990,1990111,26,26,26.1,23.1,34,13.1,13.1,75.2,10.9,142.79,222.7,41.2,60.8,166,106,64,360,22.97979798,16.86868687,9.356725146,8.98989899,5.202020202,-0.087719298,65.83333333,11.38888889,-101.9444444,1.6764,3.7846,8.4836,21.07142857,8.015873016,63.61111111,2.9972,19.33333333,7.111111111,48.33333333,3.7846
1990,UF,KNOL90,UF KNOL90,U,5/17/1990,1990137,4/21/1990,1990111,26,26,26.1,24.2,36.6,14.7,13.5,79,12.4,167.4,258.03,42.4,60.7,175,108,62,420,22.97979798,16.86868687,9.356725146,8.98989899,5.202020202,-0.087719298,65.83333333,11.38888889,-101.9444444,1.6764,3.7846,8.4836,21.07142857,8.015873016,63.61111111,2.9972,19.33333333,7.111111111,48.33333333,3.7846
1990,VE,KNOL90,VE KNOL90,U,5/17/1990,1990137,4/21/1990,1990111,26,26,26,23.8,35.8,13.4,12.7,77,12,152.4,233.595,41.2,60.6,161,103,64,372,22.97979798,16.86868687,9.356725146,8.98989899,5.202020202,-0.087719298,65.83333333,11.38888889,-101.9444444,1.6764,3.7846,8.4836,21.07142857,8.015873016,63.61111111,2.9972,19.33333333,7.111111111,48.33333333,3.7846
1990,CW,NWOD90,CW NWOD90,U,5/23/1990,1990143,4/27/1990,1990117,27,26,26.3,22,33,12.8,13.7,76.3,11,150.7,218.625,43.3,59.3,176,112,65,425,20.70707071,18.98989899,14.32748538,7.474747475,8.333333333,2.456140351,45,40.27777778,-30.55555556,2.6162,5.1054,4.3434,16.9047619,5.357142857,15.83333333,5.5372,17.92592593,7.444444444,40.27777778,7.7216
1990,DV,NWOD90,DV NWOD90,U,5/23/1990,1990143,4/26/1990,1990116,27,27,26.5,22.1,34.2,14.1,13.4,78,12.1,162.14,235.125,43.8,60,183,118,64,470,22.02020202,18.03030303,13.04093567,8.383838384,7.626262626,1.666666667,57.22222222,31.11111111,-50.27777778,2.4892,4.8514,4.3942,16.82539683,5.515873016,16.38888889,5.5372,17.18518519,6.703703704,29.16666667,7.0866
1990,EU,NWOD90,EU NWOD90,U,5/23/1990,1990143,4/27/1990,1990117,27,26,25.8,21,31.9,13,13.2,74.8,10.9,143.88,208.945,42.9,57.6,165,101,58,380,20.70707071,18.98989899,14.32748538,7.474747475,8.333333333,2.456140351,45,40.27777778,-30.55555556,2.6162,5.1054,4.3434,16.9047619,5.357142857,15.83333333,5.5372,17.92592593,7.444444444,40.27777778,7.7216
1990,FT,NWOD90,FT NWOD90,U,5/23/1990,1990143,4/27/1990,1990117,27,26,26.3,22.3,33.4,12.5,12.9,76.8,11.1,143.19,212.09,43.4,59.9,173,112,64,405,20.70707071,18.98989899,14.32748538,7.474747475,8.333333333,2.456140351,45,40.27777778,-30.55555556,2.6162,5.1054,4.3434,16.9047619,5.357142857,15.83333333,5.5372,17.92592593,7.444444444,40.27777778,7.7216
1990,GS,NWOD90,GS NWOD90,U,5/23/1990,1990143,4/28/1990,1990118,27,25,24.8,19.9,30.6,14.1,13.2,73.6,10.7,141.24,208.845,43,59.7,146,84,36,408,19.24242424,18.93939394,15.55555556,7.171717172,8.282828283,3.216374269,35.27777778,39.72222222,-11.66666667,2.7432,5.1562,4.3434,17.02380952,6.111111111,21.94444444,5.8166,17.77777778,7.555555556,40,7.8994
1990,WD,PWAY90,WD PWAY90,U,5/18/1990,1990138,4/21/1990,1990111,27,27,26.5,24.9,36.4,14.1,13.2,79.4,11.5,151.8,248.43,43,57,190,122,62,333,22.97979798,16.86868687,9.356725146,8.98989899,5.202020202,-0.087719298,65.83333333,11.38888889,-101.9444444,1.6764,3.7846,8.4836,21.07142857,8.015873016,63.61111111,2.9972,19.33333333,7.111111111,48.33333333,3.7846
1990,AZ,SSAP90,AZ SSAP90,U,5/8/1990,1990128,4/13/1990,1990103,25,25,25,21.4,33.5,12.9,12.6,73,12.1,152.46,213.5625,39.5,59,0,103,0,365,11.91919192,23.28282828,6.666666667,1.212121212,8.484848485,-1.783625731,-37.77777778,64.72222222,-143.6111111,1.3208,0.7112,7.7978,20.43650794,6.825396825,50.83333333,2.0066,21.25925926,7.185185185,63.33333333,1.778
1990,BY,SSAP90,BY SSAP90,U,5/8/1990,1990128,4/13/1990,1990103,25,25,25,21.2,34.7,14.1,13.2,74.2,13.5,178.2,236.8275,39.5,62,0,99,0,368,11.91919192,23.28282828,6.666666667,1.212121212,8.484848485,-1.783625731,-37.77777778,64.72222222,-143.6111111,1.3208,0.7112,7.7978,20.43650794,6.825396825,50.83333333,2.0066,21.25925926,7.185185185,63.33333333,1.778
1990,CX,SSAP90,CX SSAP90,U,5/8/1990,1990128,4/13/1990,1990103,25,25,25,19.5,30.8,13.1,12.7,71.2,11.3,143.51,198.66,40.4,57.7,0,88,0,300,11.91919192,23.28282828,6.666666667,1.212121212,8.484848485,-1.783625731,-37.77777778,64.72222222,-143.6111111,1.3208,0.7112,7.7978,20.43650794,6.825396825,50.83333333,2.0066,21.25925926,7.185185185,63.33333333,1.778
1990,DW,SSAP90,DW SSAP90,U,5/8/1990,1990128,4/13/1990,1990103,25,25,25,20.5,32.4,14.7,12.7,72.3,11.9,151.13,221.94,39.9,58.7,0,79,0,340,11.91919192,23.28282828,6.666666667,1.212121212,8.484848485,-1.783625731,-37.77777778,64.72222222,-143.6111111,1.3208,0.7112,7.7978,20.43650794,6.825396825,50.83333333,2.0066,21.25925926,7.185185185,63.33333333,1.778
1990,KP,STAT90,KP STAT90,U,5/15/1990,1990135,4/18/1990,1990108,28,27,27.1,25.2,38.1,14.5,14.7,82.4,12.9,189.63,278.13,44.3,61.7,NA,125,75,460,19.24242424,18.88888889,8.391812865,5.252525253,7.070707071,0.233918129,24.72222222,32.77777778,-108.0555556,2.0066,2.7432,7.8994,21.9047619,7.777777778,67.77777778,2.9464,21.37037037,8.259259259,72.22222222,3.4544
1990,LO,STAT90,LO STAT90,U,5/15/1990,1990135,4/17/1990,1990107,28,28,27.8,25.1,37.3,14.2,14.4,81.2,12.2,175.68,266.695,43.9,59,NA,135,82,415,17.82828283,19.24242424,8.391812865,4.595959596,7.171717172,0.233918129,13.33333333,35.27777778,-108.0555556,2.0066,2.7432,7.7724,21.66666667,7.698412698,65.55555556,2.9718,20.96296296,7.703703704,65,3.4544
1990,MN,STAT90,MN STAT90,U,5/15/1990,1990135,4/18/1990,1990108,28,27,27.3,23.9,36.4,13.8,13.5,78.1,12.5,168.75,248.43,41.7,58.9,NA,129,77,385,19.24242424,18.88888889,8.391812865,5.252525253,7.070707071,0.233918129,24.72222222,32.77777778,-108.0555556,2.0066,2.7432,7.8994,21.9047619,7.777777778,67.77777778,2.9464,21.37037037,8.259259259,72.22222222,3.4544
1990,NM,STAT90,NM STAT90,U,5/15/1990,1990135,4/18/1990,1990108,28,27,26.5,23.7,37.6,16.7,13.9,79,13.9,193.21,287.64,41.4,59.4,NA,118,64,430,19.24242424,18.88888889,8.391812865,5.252525253,7.070707071,0.233918129,24.72222222,32.77777778,-108.0555556,2.0066,2.7432,7.8994,21.9047619,7.777777778,67.77777778,2.9464,21.37037037,8.259259259,72.22222222,3.4544
1990,EV,WAIT90,EV WAIT90,U,5/11/1990,1990131,4/16/1990,1990106,24,25,24.7,20.6,34.2,11.9,13.5,70.1,13.6,183.6,217.17,35.9,53.7,0,94,0,348,16.51515152,20.70707071,8.011695906,3.838383838,7.474747475,-0.350877193,1.944444444,45,-117.2222222,2.0066,2.6162,7.7724,21.54761905,7.579365079,63.88888889,1.6764,21.37037037,7.37037037,65.55555556,3.3274
1990,GT,WAIT90,GT WAIT90,U,5/11/1990,1990131,4/16/1990,1990106,24,25,24.5,21.5,33,13.1,13.3,73.6,11.5,152.95,217.8,40.6,51.4,0,88,0,328,16.51515152,20.70707071,8.011695906,3.838383838,7.474747475,-0.350877193,1.944444444,45,-117.2222222,2.0066,2.6162,7.7724,21.54761905,7.579365079,63.88888889,1.6764,21.37037037,7.37037037,65.55555556,3.3274
1990,AY,WEGO90,AY WEGO90,U,5/22/1990,1990142,4/27/1990,1990117,25,25,25.2,23,35.2,14.9,14,77.7,12.2,170.8,254.32,42.5,61,160,90,49,447,20.70707071,18.98989899,14.32748538,7.474747475,8.333333333,2.456140351,45,40.27777778,-30.55555556,2.6162,5.1054,4.3434,16.9047619,5.357142857,15.83333333,5.5372,17.92592593,7.444444444,40.27777778,7.7216
1990,BX,WEGO90,BX WEGO90,U,5/22/1990,1990142,4/26/1990,1990116,25,26,25.8,21.8,33.4,13.5,13.2,75.8,11.6,153.12,222.945,42.4,58.2,160,105,54,380,22.02020202,18.03030303,13.04093567,8.383838384,7.626262626,1.666666667,57.22222222,31.11111111,-50.27777778,2.4892,4.8514,4.3942,16.82539683,5.515873016,16.38888889,5.5372,17.18518519,6.703703704,29.16666667,7.0866
1990,YB,WEGO90,YB WEGO90,U,5/22/1990,1990142,4/27/1990,1990117,25,25,25.4,23.3,36,14.3,13.8,78.6,12.7,175.26,252.9,42.6,60.8,153,95,50,440,20.70707071,18.98989899,14.32748538,7.474747475,8.333333333,2.456140351,45,40.27777778,-30.55555556,2.6162,5.1054,4.3434,16.9047619,5.357142857,15.83333333,5.5372,17.92592593,7.444444444,40.27777778,7.7216
1990,ZA,WEGO90,ZA WEGO90,F,5/22/1990,1990142,4/27/1990,1990117,25,25,24.9,21.9,33.1,14,13.4,73,11.2,150.08,226.735,39.9,54.8,139,84,41,380,20.70707071,18.98989899,14.32748538,7.474747475,8.333333333,2.456140351,45,40.27777778,-30.55555556,2.6162,5.1054,4.3434,16.9047619,5.357142857,15.83333333,5.5372,17.92592593,7.444444444,40.27777778,7.7216
1990,IQ,WPAR90,IQ WPAR90,U,5/25/1990,1990145,4/27/1990,1990117,27,28,27.7,23.9,36.7,12.2,12.5,78.3,12.8,160,226.6225,41.6,57,189,132,82,365,20.70707071,18.98989899,14.32748538,7.474747475,8.333333333,2.456140351,45,40.27777778,-30.55555556,2.6162,5.1054,4.3434,16.9047619,5.357142857,15.83333333,5.5372,17.92592593,7.444444444,40.27777778,7.7216
1990,JP,WPAR90,JP WPAR90,U,5/25/1990,1990145,4/29/1990,1990119,27,26,25.5,23.3,36.2,13.7,13.6,76.9,12.9,175.44,247.065,40.7,59.1,166,105,42,325,18.88888889,17.92929293,16.40350877,7.070707071,8.03030303,3.947368421,32.77777778,32.77777778,3.333333333,2.7432,5.3848,4.3434,17.46031746,7.301587302,33.33333333,7.0866,17.55555556,7.518518519,38.05555556,5.8928
1991,AW,BROT91,AW BROT91,U,5/20/1991,1991140,4/23/1991,1991113,28,27,27.3,22.7,35.4,14.1,13.1,77.4,12.7,166.37,240.72,42,60.1,187,129,76,365,18.53535354,18.68686869,14.88304094,5.555555556,5.909090909,4.093567251,22.5,25.27777778,-9.722222222,1.4478,1.397,7.9756,17.77777778,5.595238095,23.61111111,2.5654,19,6.296296296,39.72222222,2.5908
1991,BV,BROT91,BV BROT91,U,5/20/1991,1991140,4/23/1991,1991113,28,27,27.4,24,37,15,12.9,79.2,13,167.7,258.075,42.2,60.4,182,130,78,360,18.53535354,18.68686869,14.88304094,5.555555556,5.909090909,4.093567251,22.5,25.27777778,-9.722222222,1.4478,1.397,7.9756,17.77777778,5.595238095,23.61111111,2.5654,19,6.296296296,39.72222222,2.5908
1991,CU,BROT91,CU BROT91,U,5/20/1991,1991140,4/23/1991,1991113,28,27,26.8,23.3,36.5,15.6,14.2,79.7,13.2,187.44,271.925,43.2,62.4,182,123,69,395,18.53535354,18.68686869,14.88304094,5.555555556,5.909090909,4.093567251,22.5,25.27777778,-9.722222222,1.4478,1.397,7.9756,17.77777778,5.595238095,23.61111111,2.5654,19,6.296296296,39.72222222,2.5908
1991,doa,BURL91,doa BURL91,U,5/23/1991,1991143,4/26/1991,1991116,28,27,27.3,24.9,40,15.2,14.7,82.7,15.1,221.97,299,42.7,63.5,185,129,77,415,19.04040404,22.27272727,14.26900585,5.454545455,8.585858586,3.274853801,24.72222222,59.72222222,-23.33333333,1.1938,1.397,7.8232,19.08730159,6.071428571,36.11111111,1.4478,20,6.962962963,52.22222222,1.397
1991,YY,BURL91,YY BURL91,M,5/23/1991,1991143,4/26/1991,1991116,28,27,27.2,25.8,38.1,14.6,14.9,80.8,12.3,183.27,280.9875,42.7,58.5,186,125,76,355,19.04040404,22.27272727,14.26900585,5.454545455,8.585858586,3.274853801,24.72222222,59.72222222,-23.33333333,1.1938,1.397,7.8232,19.08730159,6.071428571,36.11111111,1.4478,20,6.962962963,52.22222222,1.397
1991,ZX,BURL91,ZX BURL91,U,5/23/1991,1991143,4/26/1991,1991116,28,27,27.3,22.8,35.3,14.6,14.4,76.9,12.5,180,255.925,41.6,59.7,185,126,78,385,19.04040404,22.27272727,14.26900585,5.454545455,8.585858586,3.274853801,24.72222222,59.72222222,-23.33333333,1.1938,1.397,7.8232,19.08730159,6.071428571,36.11111111,1.4478,20,6.962962963,52.22222222,1.397
1991,DS,CEME91,DS CEME91,U,5/24/1991,1991144,4/27/1991,1991117,26,27,26.9,24.4,38.4,15.2,13.9,79.6,14,194.6,279.36,41.2,60.9,180,122,73,390,19.24242424,23.13131313,13.94736842,6.111111111,8.434343434,3.187134503,29.44444444,63.61111111,-27.22222222,2.159,2.5654,7.8232,19.12698413,6.031746032,36.11111111,1.4478,21.22222222,7.111111111,62.5,3.5306
1991,ER,CEME91,ER CEME91,U,5/24/1991,1991144,4/27/1991,1991117,26,27,26.8,24.9,36.8,13.9,12.1,77.2,11.9,143.99,239.2,40.4,56,177,126,65,345,19.24242424,23.13131313,13.94736842,6.111111111,8.434343434,3.187134503,29.44444444,63.61111111,-27.22222222,2.159,2.5654,7.8232,19.12698413,6.031746032,36.11111111,1.4478,21.22222222,7.111111111,62.5,3.5306
1991,FQ,CLOV91,FQ CLOV91,U,5/24/1991,1991144,4/28/1991,1991118,24,26,26.1,23.1,35.2,13.4,13.1,76.2,12.1,158.51,233.2,41,56.6,171,111,58,323,18.38383838,23.43434343,13.71345029,5.757575758,8.232323232,2.719298246,22.77777778,64.16666667,-33.88888889,2.159,2.5654,7.2898,19.24603175,6.19047619,38.05555556,1.397,21.74074074,7.074074074,66.11111111,3.5306
1991,GP,CLOV91,GP CLOV91,U,5/24/1991,1991144,4/28/1991,1991118,24,26,25.6,21.1,31.9,14.5,12.3,72.2,10.8,132.84,213.73,40.3,57.5,160,102,53,282,18.38383838,23.43434343,13.71345029,5.757575758,8.232323232,2.719298246,22.77777778,64.16666667,-33.88888889,2.159,2.5654,7.2898,19.24603175,6.19047619,38.05555556,1.397,21.74074074,7.074074074,66.11111111,3.5306
1991,HO,CLOV91,HO CLOV91,M,5/24/1991,1991144,4/27/1991,1991117,24,27,26.5,24.2,37.6,14.6,15.3,80.5,13.4,205.02,281.06,42.9,61,180,118,65,347,19.24242424,23.13131313,13.94736842,6.111111111,8.434343434,3.187134503,29.44444444,63.61111111,-27.22222222,2.159,2.5654,7.8232,19.12698413,6.031746032,36.11111111,1.4478,21.22222222,7.111111111,62.5,3.5306
1991,QG,CUPL91,QG CUPL91,U,5/22/1991,1991142,4/26/1991,1991116,27,26,26,20.8,31.7,14.5,13,72.5,10.9,141.7,217.9375,40.8,59.7,168,107,60,345,19.04040404,22.27272727,14.26900585,5.454545455,8.585858586,3.274853801,24.72222222,59.72222222,-23.33333333,1.1938,1.397,7.8232,19.08730159,6.071428571,36.11111111,1.4478,20,6.962962963,52.22222222,1.397
1991,RF,CUPL91,RF CUPL91,U,5/22/1991,1991142,4/26/1991,1991116,27,26,26.3,22.2,33.5,13.3,12.8,76.2,11.3,144.64,218.5875,42.7,61.6,171,117,60,360,19.04040404,22.27272727,14.26900585,5.454545455,8.585858586,3.274853801,24.72222222,59.72222222,-23.33333333,1.1938,1.397,7.8232,19.08730159,6.071428571,36.11111111,1.4478,20,6.962962963,52.22222222,1.397
1991,SE,CUPL91,SE CUPL91,U,5/22/1991,1991142,4/27/1991,1991117,27,25,25.3,21.3,30.4,14.5,12.4,73.9,9.1,112.84,204.44,43.5,58,154,96,45,335,19.24242424,23.13131313,13.94736842,6.111111111,8.434343434,3.187134503,29.44444444,63.61111111,-27.22222222,2.159,2.5654,7.8232,19.12698413,6.031746032,36.11111111,1.4478,21.22222222,7.111111111,62.5,3.5306
1991,doa,ELWO91,doa ELWO91,U,5/16/1991,1991136,4/20/1991,1991110,28,26,26.4,23.8,36.7,11.7,12.7,78.5,12.9,163.83,223.87,41.8,56.4,178,116,63,365,15.35353535,16.86868687,15.02923977,4.444444444,4.797979798,3.50877193,-1.111111111,9.166666667,-13.88888889,5.6642,1.4224,4.0894,18.33333333,5.198412698,24.72222222,2.3114,18.11111111,5.740740741,28.88888889,2.5654
1991,OJ,ELWO91,OJ ELWO91,U,5/16/1991,1991136,4/19/1991,1991109,28,27,27.4,22,35.5,14,13.7,76.9,13.5,184.95,245.8375,41.4,60.3,190,124,82,367,14.6969697,16.76767677,14.59064327,3.686868687,5.252525253,3.187134503,-8.888888889,11.11111111,-21.11111111,4.5212,2.5654,4.0894,18.61111111,5.317460317,27.5,2.3114,18,5.481481481,26.11111111,2.5654
1991,QH,ELWO91,QH ELWO91,U,5/16/1991,1991136,4/19/1991,1991109,28,27,26.7,22.2,35,13.2,13.8,76.4,12.8,176.64,236.25,41.4,58.6,178,117,71,330,14.6969697,16.76767677,14.59064327,3.686868687,5.252525253,3.187134503,-8.888888889,11.11111111,-21.11111111,4.5212,2.5654,4.0894,18.61111111,5.317460317,27.5,2.3114,18,5.481481481,26.11111111,2.5654
1991,AV,FALC91,AV FALC91,U,5/9/1991,1991129,4/13/1991,1991103,28,26,26,19.7,31.4,13.9,12.1,73,11.7,141.57,204.1,41.6,59.2,158,106,60,371,10.90909091,18.68686869,13.3625731,1.919191919,5.707070707,2.397660819,-39.44444444,24.16666667,-40.27777778,5.2324,1.3462,5.1308,15.63492063,4.325396825,-0.277777778,5.6642,15.96296296,4.740740741,5.277777778,5.715
1991,BU,FALC91,BU FALC91,U,5/9/1991,1991129,4/13/1991,1991103,28,26,26.2,21.9,33.6,15.7,13.4,76,11.7,156.78,244.44,42.4,59.5,165,110,64,378,10.90909091,18.68686869,13.3625731,1.919191919,5.707070707,2.397660819,-39.44444444,24.16666667,-40.27777778,5.2324,1.3462,5.1308,15.63492063,4.325396825,-0.277777778,5.6642,15.96296296,4.740740741,5.277777778,5.715
1991,doa,FOOT91,doa FOOT91,U,5/21/1991,1991141,4/24/1991,1991114,28,27,26.9,23.1,35.1,14.8,13.7,76.7,12,164.4,250.0875,41.6,51.3,175,128,66,335,18.68686869,20.3030303,14.73684211,5.707070707,6.464646465,4.005847953,24.16666667,37.22222222,-11.94444444,1.3462,1.397,7.9756,17.93650794,5.753968254,25.83333333,2.5654,19.59259259,6.222222222,43.61111111,1.4478
1991,HP,FOOT91,HP FOOT91,U,5/21/1991,1991141,4/26/1991,1991116,28,25,25.4,21.5,33.9,13.1,12.8,74.9,12.4,158.72,219.5025,41,52.7,153,105,41,305,19.04040404,22.27272727,14.26900585,5.454545455,8.585858586,3.274853801,24.72222222,59.72222222,-23.33333333,1.1938,1.397,7.8232,19.08730159,6.071428571,36.11111111,1.4478,20,6.962962963,52.22222222,1.397
1991,GR,FRNO91,GR FRNO91,U,5/13/1991,1991133,4/16/1991,1991106,28,27,26.5,20.8,33.2,13.9,13.4,73.4,12.4,166.16,226.59,40.2,57.9,169,121,62,343,12.32323232,19.24242424,13.56725146,2.171717172,6.111111111,2.30994152,-30.27777778,29.44444444,-39.16666667,4.6736,2.159,4.1148,15.95238095,4.801587302,5.277777778,5.6896,17.85185185,5,21.38888889,2.413
1991,IP,FRNO91,IP FRNO91,U,5/13/1991,1991133,4/16/1991,1991106,28,27,26.6,23.3,36,14.3,14.4,77.5,12.7,182.88,258.3,41.5,59.4,175,120,67,390,12.32323232,19.24242424,13.56725146,2.171717172,6.111111111,2.30994152,-30.27777778,29.44444444,-39.16666667,4.6736,2.159,4.1148,15.95238095,4.801587302,5.277777778,5.6896,17.85185185,5,21.38888889,2.413
1991,JO,FRNO91,JO FRNO91,U,5/13/1991,1991133,4/18/1991,1991108,28,25,25.4,21.6,33.5,14.7,12.8,71.1,11.9,152.32,230.3125,37.6,57.4,154,98,48,390,13.88888889,17.62626263,14.12280702,2.97979798,5.454545455,2.660818713,-17.22222222,16.94444444,-30.55555556,4.5212,2.159,4.0894,17.73809524,4.801587302,17.77777778,1.4478,18.11111111,5.074074074,23.88888889,2.3114
1991,KN,FRNO91,KN FRNO91,U,5/13/1991,1991133,4/18/1991,1991108,28,25,25.2,21.1,31.8,13.2,12.1,70.9,10.7,129.47,201.135,39.1,52.4,144,92,47,295,13.88888889,17.62626263,14.12280702,2.97979798,5.454545455,2.660818713,-17.22222222,16.94444444,-30.55555556,4.5212,2.159,4.0894,17.73809524,4.801587302,17.77777778,1.4478,18.11111111,5.074074074,23.88888889,2.3114
1991,GO,GENR91,GO GENR91,M,6/13/1991,1991164,5/18/1991,1991138,29,26,26.4,24.7,38,17,14.7,80.9,13.3,195.51,301.15,42.9,61.3,184,120,59,435,26.16161616,24.54545455,20.93567251,12.17171717,10.60606061,7.16374269,100.8333333,83.33333333,76.94444444,2.2098,1.397,4.7244,26.9047619,14.24603175,148.0555556,1.4732,25.59259259,12.37037037,134.7222222,1.4732
1991,CV,HART91,CV HART91,U,5/13/1991,1991133,4/16/1991,1991106,27,27,27.1,23,35.3,13.7,14.4,76.7,12.3,177.12,247.9825,41.4,59.5,180,127,74,400,12.32323232,19.24242424,13.56725146,2.171717172,6.111111111,2.30994152,-30.27777778,29.44444444,-39.16666667,4.6736,2.159,4.1148,15.95238095,4.801587302,5.277777778,5.6896,17.85185185,5,21.38888889,2.413
1991,DU,HART91,DU HART91,M,5/13/1991,1991133,4/17/1991,1991107,27,26,26.3,21.1,33,12.2,12.5,75.1,11.9,148.75,203.775,42.1,56,167,116,60,335,13.33333333,18.38383838,13.71345029,2.424242424,5.757575758,2.368421053,-23.33333333,22.77777778,-37.22222222,4.5212,2.159,4.1148,16.50793651,4.444444444,6.666666667,4.953,18.25925926,5.222222222,26.11111111,2.3114
1991,ET,HART91,ET HART91,M,5/13/1991,1991133,4/17/1991,1991107,27,26,26.3,20.9,35.1,14.4,14.7,75,14.2,208.74,255.3525,39.9,57.8,163,119,57,385,13.33333333,18.38383838,13.71345029,2.424242424,5.757575758,2.368421053,-23.33333333,22.77777778,-37.22222222,4.5212,2.159,4.1148,16.50793651,4.444444444,6.666666667,4.953,18.25925926,5.222222222,26.11111111,2.3114
1991,FS,HART91,FS HART91,M,5/13/1991,1991133,4/17/1991,1991107,27,26,25.8,21.9,35.6,14.3,13,75.9,13.7,178.1,242.97,40.3,58,164,111,49,325,13.33333333,18.38383838,13.71345029,2.424242424,5.757575758,2.368421053,-23.33333333,22.77777778,-37.22222222,4.5212,2.159,4.1148,16.50793651,4.444444444,6.666666667,4.953,18.25925926,5.222222222,26.11111111,2.3114
1991,TD,HAYT91,TD HAYT91,U,5/23/1991,1991143,4/27/1991,1991117,26,26,26.3,23.7,36.5,14.9,13.5,78.5,12.8,172.8,259.15,42,61.4,168,113,63,340,19.24242424,23.13131313,13.94736842,6.111111111,8.434343434,3.187134503,29.44444444,63.61111111,-27.22222222,2.159,2.5654,7.8232,19.12698413,6.031746032,36.11111111,1.4478,21.22222222,7.111111111,62.5,3.5306
1991,UC,HAYT91,UC HAYT91,U,5/23/1991,1991143,4/27/1991,1991117,26,26,25.8,23.3,35.5,14.9,14.3,78,12.2,174.46,259.15,42.5,58.3,156,105,55,320,19.24242424,23.13131313,13.94736842,6.111111111,8.434343434,3.187134503,29.44444444,63.61111111,-27.22222222,2.159,2.5654,7.8232,19.12698413,6.031746032,36.11111111,1.4478,21.22222222,7.111111111,62.5,3.5306
1991,VB,HAYT91,VB HAYT91,U,5/23/1991,1991143,4/25/1991,1991115,26,28,27.5,24.3,35.5,14.7,13.8,78.6,11.2,154.56,252.9375,43.1,60.1,178,130,79,350,18.33333333,21.51515152,14.61988304,5.101010101,7.424242424,3.801169591,18.88888889,49.16666667,-15,1.3462,1.397,8.128,18.33333333,5.793650794,28.88888889,2.5654,19.62962963,6.259259259,44.16666667,1.4478
1991,WA,HAYT91,WA HAYT91,U,5/23/1991,1991143,4/25/1991,1991115,26,28,27.6,26.5,38.8,14.8,15.2,83.3,12.3,186.96,291,44.5,60.8,193,127,84,400,18.33333333,21.51515152,14.61988304,5.101010101,7.424242424,3.801169591,18.88888889,49.16666667,-15,1.3462,1.397,8.128,18.33333333,5.793650794,28.88888889,2.5654,19.62962963,6.259259259,44.16666667,1.4478
1991,XZ,HAYT91,XZ HAYT91,U,5/23/1991,1991143,4/27/1991,1991117,26,26,26.2,22.9,34.9,14.1,13.6,76,12,163.2,241.6825,41.1,59.1,167,110,62,330,19.24242424,23.13131313,13.94736842,6.111111111,8.434343434,3.187134503,29.44444444,63.61111111,-27.22222222,2.159,2.5654,7.8232,19.12698413,6.031746032,36.11111111,1.4478,21.22222222,7.111111111,62.5,3.5306
1991,VC,HIHI91,VC HIHI91,M,5/20/1991,1991140,4/21/1991,1991111,27,29,28.7,26.3,39.9,13.5,14.3,86.6,13.6,194.48,277.305,46.7,63,217,143,95,440,16.26262626,16.81818182,15.02923977,4.898989899,4.797979798,3.713450292,6.388888889,8.888888889,-11.94444444,5.6388,1.4224,4.3688,18.37301587,5.357142857,26.11111111,2.159,18.2962963,5.814814815,30.83333333,2.5654
1991,WB,HIHI91,WB HIHI91,M,5/20/1991,1991140,4/22/1991,1991112,27,28,28.4,25.8,38.7,13.8,14.6,82,12.9,188.34,274.77,43.3,59,199,141,90,387,18.03030303,17.07070707,15.05847953,5.202020202,5.050505051,3.947368421,17.77777778,11.66666667,-9.444444444,4.953,1.3716,7.874,18.05555556,5.833333333,27.22222222,2.5654,18.59259259,6.037037037,34.72222222,2.5654
1991,LM,LOWL91,LM LOWL91,U,5/15/1991,1991135,4/19/1991,1991109,24,26,25.7,23.2,35.3,14.8,13.5,76.6,12.1,163.35,249.7475,41.3,61.9,158,101,56,410,14.6969697,16.76767677,14.59064327,3.686868687,5.252525253,3.187134503,-8.888888889,11.11111111,-21.11111111,4.5212,2.5654,4.0894,18.61111111,5.317460317,27.5,2.3114,18,5.481481481,26.11111111,2.5654
1991,ML,LOWL91,ML LOWL91,F,5/15/1991,1991135,4/19/1991,1991109,24,26,25.5,22.3,35.6,14.6,15.4,74.8,13.3,204.82,267,39.2,60.5,153,96,55,367,14.6969697,16.76767677,14.59064327,3.686868687,5.252525253,3.187134503,-8.888888889,11.11111111,-21.11111111,4.5212,2.5654,4.0894,18.61111111,5.317460317,27.5,2.3114,18,5.481481481,26.11111111,2.5654
1991,NK,LOWL91,NK LOWL91,U,5/15/1991,1991135,4/20/1991,1991110,24,25,25.4,23.5,36.6,14.9,15.1,77.9,13.1,197.81,274.5,41.3,61.8,157,96,49,390,15.35353535,16.86868687,15.02923977,4.444444444,4.797979798,3.50877193,-1.111111111,9.166666667,-13.88888889,5.6642,1.4224,4.0894,18.33333333,5.198412698,24.72222222,2.3114,18.11111111,5.740740741,28.88888889,2.5654
1991,CT,LUCE91,CT LUCE91,U,5/23/1991,1991143,4/25/1991,1991115,27,28,27.8,22.3,33.6,14.8,14.2,76.4,11.3,160.46,243.6,42.8,59,179,122,93,320,18.33333333,21.51515152,14.61988304,5.101010101,7.424242424,3.801169591,18.88888889,49.16666667,-15,1.3462,1.397,8.128,18.33333333,5.793650794,28.88888889,2.5654,19.62962963,6.259259259,44.16666667,1.4478
1991,IO,NWOD91,IO NWOD91,U,5/21/1991,1991141,4/24/1991,1991114,27,27,26.7,23.2,34.8,13.7,13.5,78.1,11.6,156.6,236.64,43.3,61.4,177,123,65,390,18.68686869,20.3030303,14.73684211,5.707070707,6.464646465,4.005847953,24.16666667,37.22222222,-11.94444444,1.3462,1.397,7.9756,17.93650794,5.753968254,25.83333333,2.5654,19.59259259,6.222222222,43.61111111,1.4478
1991,JN,NWOD91,JN NWOD91,U,5/21/1991,1991141,4/25/1991,1991115,27,26,26.3,22.3,33.8,15.3,14.1,76.6,11.5,162.15,248.43,42.8,61.2,173,116,62,392,18.33333333,21.51515152,14.61988304,5.101010101,7.424242424,3.801169591,18.88888889,49.16666667,-15,1.3462,1.397,8.128,18.33333333,5.793650794,28.88888889,2.5654,19.62962963,6.259259259,44.16666667,1.4478
1991,KM,NWOD91,KM NWOD91,U,5/21/1991,1991141,4/23/1991,1991113,27,28,27.7,23.5,36.7,13.9,13.9,80.4,13.2,183.48,255.065,43.7,60.8,189,134,81,445,18.53535354,18.68686869,14.88304094,5.555555556,5.909090909,4.093567251,22.5,25.27777778,-9.722222222,1.4478,1.397,7.9756,17.77777778,5.595238095,23.61111111,2.5654,19,6.296296296,39.72222222,2.5908
1991,LL,NWOD91,LL NWOD91,U,5/21/1991,1991141,4/23/1991,1991113,27,28,27.5,23.4,36.6,15.6,14.5,81.1,13.2,191.4,275.415,44.5,63.5,186,133,77,435,18.53535354,18.68686869,14.88304094,5.555555556,5.909090909,4.093567251,22.5,25.27777778,-9.722222222,1.4478,1.397,7.9756,17.77777778,5.595238095,23.61111111,2.5654,19,6.296296296,39.72222222,2.5908
1991,XA,OVRL91,XA OVRL91,U,5/20/1991,1991140,4/23/1991,1991113,28,27,26.5,21.6,34.8,16.1,13,73.2,13.2,171.6,253.17,38.4,55.5,169,120,63,295,18.53535354,18.68686869,14.88304094,5.555555556,5.909090909,4.093567251,22.5,25.27777778,-9.722222222,1.4478,1.397,7.9756,17.77777778,5.595238095,23.61111111,2.5654,19,6.296296296,39.72222222,2.5908
1991,AU,PAHA91,AU PAHA91,U,6/3/1991,1991154,5/8/1991,1991128,26,26,25.8,23.2,36.4,14.4,13.3,76.7,13.2,175.56,252.07,40.3,60,173,108,52,352,23.13131313,26.11111111,16.19883041,8.434343434,12.72727273,4.561403509,63.61111111,103.6111111,7.222222222,2.5654,0.0762,6.6802,26.58730159,11.26984127,125,2.159,26.66666667,12.11111111,140.8333333,2.2098
1991,ZW,PAHA91,ZW PAHA91,U,6/3/1991,1991154,5/9/1991,1991129,26,25,24.9,23.6,35.6,15.4,13.4,76.6,12,160.8,256.32,41,59.3,151,90,32,340,23.43434343,27.22222222,16.14035088,8.232323232,14.14141414,4.532163743,64.16666667,117.5,6.388888889,2.5654,0.0762,6.6548,26.74603175,11.98412698,131.1111111,2.159,26.81481481,12.7037037,146.3888889,2.2098
1991,MK,PINW91,MK PINW91,U,5/22/1991,1991142,4/24/1991,1991114,27,28,27.7,22.9,35.8,15,13,78.4,12.9,167.7,250.6,42.6,61.6,190,133,83,390,18.68686869,20.3030303,14.73684211,5.707070707,6.464646465,4.005847953,24.16666667,37.22222222,-11.94444444,1.3462,1.397,7.9756,17.93650794,5.753968254,25.83333333,2.5654,19.59259259,6.222222222,43.61111111,1.4478
1991,NJ,PINW91,NJ PINW91,U,5/22/1991,1991142,4/26/1991,1991116,27,26,25.8,20.9,32.9,14.6,12.2,71.7,12,146.4,220.43,38.8,55.9,167,107,54,335,19.04040404,22.27272727,14.26900585,5.454545455,8.585858586,3.274853801,24.72222222,59.72222222,-23.33333333,1.1938,1.397,7.8232,19.08730159,6.071428571,36.11111111,1.4478,20,6.962962963,52.22222222,1.397
1991,OI,PINW91,OI PINW91,U,5/22/1991,1991142,4/25/1991,1991115,27,27,26.9,22.6,33.9,15.2,13.6,76.2,11.3,153.68,244.08,42.3,59.4,185,123,72,365,18.33333333,21.51515152,14.61988304,5.101010101,7.424242424,3.801169591,18.88888889,49.16666667,-15,1.3462,1.397,8.128,18.33333333,5.793650794,28.88888889,2.5654,19.62962963,6.259259259,44.16666667,1.4478
1991,PH,PINW91,PH PINW91,M,5/22/1991,1991142,4/25/1991,1991115,27,27,26.9,24.3,37.8,15.2,15.2,79.2,13.5,205.2,287.28,41.4,60.5,188,128,67,415,18.33333333,21.51515152,14.61988304,5.101010101,7.424242424,3.801169591,18.88888889,49.16666667,-15,1.3462,1.397,8.128,18.33333333,5.793650794,28.88888889,2.5654,19.62962963,6.259259259,44.16666667,1.4478
1991,ES,SECE91,ES SECE91,U,5/21/1991,1991141,4/23/1991,1991113,30,28,28.2,26.1,38.1,14.5,14,82.1,12,168,271.4625,44,59.5,191,140,87,420,18.53535354,18.68686869,14.88304094,5.555555556,5.909090909,4.093567251,22.5,25.27777778,-9.722222222,1.4478,1.397,7.9756,17.77777778,5.595238095,23.61111111,2.5654,19,6.296296296,39.72222222,2.5908
1991,FR,SECE91,FR SECE91,U,5/21/1991,1991141,4/23/1991,1991113,30,28,28.3,25.7,39,15.9,14.8,83,13.3,196.84,299.325,44,61.7,202,140,90,425,18.53535354,18.68686869,14.88304094,5.555555556,5.909090909,4.093567251,22.5,25.27777778,-9.722222222,1.4478,1.397,7.9756,17.77777778,5.595238095,23.61111111,2.5654,19,6.296296296,39.72222222,2.5908
1991,GQ,SECE91,GQ SECE91,U,5/21/1991,1991141,4/22/1991,1991112,30,29,28.9,23.5,35.2,15.4,14.3,77.4,11.7,167.31,261.36,42.2,57.7,203,145,97,375,18.03030303,17.07070707,15.05847953,5.202020202,5.050505051,3.947368421,17.77777778,11.66666667,-9.444444444,4.953,1.3716,7.874,18.05555556,5.833333333,27.22222222,2.5654,18.59259259,6.037037037,34.72222222,2.5654
1991,QF,SSAP91,QF SSAP91,U,5/28/1991,1991148,5/2/1991,1991122,25,26,25.7,23.6,38.3,13.7,14.6,77,14.7,214.62,270.9725,38.7,58.8,164,102,55,350,16.81818182,25.80808081,15.73099415,4.797979798,9.797979798,4.122807018,8.888888889,85.83333333,-1.388888889,1.4224,2.159,6.5786,22.22222222,7.658730159,69.16666667,3.5306,23.74074074,8.777777778,93.88888889,2.5654
1991,RE,SSAP91,RE SSAP91,U,5/28/1991,1991148,5/2/1991,1991122,25,26,25.5,22.6,35,15.9,13.2,76.8,12.4,163.68,254.625,41.8,55.4,155,95,53,340,16.81818182,25.80808081,15.73099415,4.797979798,9.797979798,4.122807018,8.888888889,85.83333333,-1.388888889,1.4224,2.159,6.5786,22.22222222,7.658730159,69.16666667,3.5306,23.74074074,8.777777778,93.88888889,2.5654
1991,SD,SSAP91,SD SSAP91,U,5/28/1991,1991148,5/2/1991,1991122,25,26,25.9,23.3,36.4,15,13.4,76.8,13.1,175.54,258.44,40.4,60.1,166,102,60,360,16.81818182,25.80808081,15.73099415,4.797979798,9.797979798,4.122807018,8.888888889,85.83333333,-1.388888889,1.4224,2.159,6.5786,22.22222222,7.658730159,69.16666667,3.5306,23.74074074,8.777777778,93.88888889,2.5654
1991,MI,SWEG91,MI SWEG91,U,6/28/1991,1991179,6/2/1991,1991153,25,26,25.9,24.6,38.1,16.4,14.7,79.1,13.5,198.45,296.2275,41,62.7,181,112,53,443,24.29292929,26.16161616,26.7251462,9.494949495,13.18181818,12.71929825,75.83333333,106.3888889,184.7222222,1.0668,1.0922,3.0226,25.87301587,12.18253968,126.3888889,1.5748,26.59259259,13.14814815,148.0555556,1.5748
1991,BT,TRCH91,BT TRCH91,U,6/3/1991,1991154,5/9/1991,1991129,25,25,25,23.5,33.3,16,14.6,76.1,9.8,143.08,254.745,42.8,60,150,89,39,415,23.43434343,27.22222222,16.14035088,8.232323232,14.14141414,4.532163743,64.16666667,117.5,6.388888889,2.5654,0.0762,6.6548,26.74603175,11.98412698,131.1111111,2.159,26.81481481,12.7037037,146.3888889,2.2098
1991,CS,TRCH91,CS TRCH91,U,6/3/1991,1991154,5/8/1991,1991128,25,26,25.9,24.7,36.3,14.4,13.7,77,11.6,158.92,255.0075,40.7,57.6,170,110,54,400,23.13131313,26.11111111,16.19883041,8.434343434,12.72727273,4.561403509,63.61111111,103.6111111,7.222222222,2.5654,0.0762,6.6802,26.58730159,11.26984127,125,2.159,26.66666667,12.11111111,140.8333333,2.2098
1991,DR,TRCH91,DR TRCH91,U,6/3/1991,1991154,5/9/1991,1991129,25,25,25.3,25.7,36.3,16.6,14.6,78.4,10.6,154.76,283.14,42.1,59.3,157,99,42,415,23.43434343,27.22222222,16.14035088,8.232323232,14.14141414,4.532163743,64.16666667,117.5,6.388888889,2.5654,0.0762,6.6548,26.74603175,11.98412698,131.1111111,2.159,26.81481481,12.7037037,146.3888889,2.2098
1991,EQ,TRCH91,EQ TRCH91,U,6/3/1991,1991154,5/8/1991,1991128,25,26,26.1,24.4,36,14.3,13.3,77.4,11.6,154.28,248.4,41.4,60,175,111,59,393,23.13131313,26.11111111,16.19883041,8.434343434,12.72727273,4.561403509,63.61111111,103.6111111,7.222222222,2.5654,0.0762,6.6802,26.58730159,11.26984127,125,2.159,26.66666667,12.11111111,140.8333333,2.2098
1991,FP,TRCH91,FP TRCH91,U,6/3/1991,1991154,5/8/1991,1991128,25,26,26,25.4,36.9,16.1,15.7,79.3,11.5,180.55,293.355,42.4,61.5,176,111,57,447,23.13131313,26.11111111,16.19883041,8.434343434,12.72727273,4.561403509,63.61111111,103.6111111,7.222222222,2.5654,0.0762,6.6802,26.58730159,11.26984127,125,2.159,26.66666667,12.11111111,140.8333333,2.2098
1991,doa,TRIQ91,doa TRIQ91,U,5/20/1991,1991140,4/22/1991,1991112,29,28,27.6,24.4,36.4,14.5,13.7,80.2,12,164.4,256.62,43.8,59.9,191,140,73,387,18.03030303,17.07070707,15.05847953,5.202020202,5.050505051,3.947368421,17.77777778,11.66666667,-9.444444444,4.953,1.3716,7.874,18.05555556,5.833333333,27.22222222,2.5654,18.59259259,6.037037037,34.72222222,2.5654
1991,YZ,TRIQ91,YZ TRIQ91,U,5/20/1991,1991140,4/22/1991,1991112,29,28,28.3,26,38.5,15.3,14.5,83.8,12.5,181.25,286.825,45.3,60.8,206,149,81,417,18.03030303,17.07070707,15.05847953,5.202020202,5.050505051,3.947368421,17.77777778,11.66666667,-9.444444444,4.953,1.3716,7.874,18.05555556,5.833333333,27.22222222,2.5654,18.59259259,6.037037037,34.72222222,2.5654
1991,ZY,TRIQ91,ZY TRIQ91,U,5/20/1991,1991140,4/23/1991,1991113,29,27,27.4,24.7,35.4,13,13.8,79.7,10.7,147.66,237.18,44.3,57.6,190,130,78,372,18.53535354,18.68686869,14.88304094,5.555555556,5.909090909,4.093567251,22.5,25.27777778,-9.722222222,1.4478,1.397,7.9756,17.77777778,5.595238095,23.61111111,2.5654,19,6.296296296,39.72222222,2.5908
1991,IN,TRUM91,IN TRUM91,U,5/27/1991,1991147,5/1/1991,1991121,24,26,26.2,23.7,36.8,14.1,14.3,79.3,13.1,187.33,261.28,42.5,65.1,170,112,60,380,16.86868687,25.60606061,14.79532164,4.797979798,9.090909091,3.713450292,9.166666667,80.83333333,-14.16666667,1.4224,2.159,6.5278,22.34126984,7.658730159,70,3.5306,22.77777778,7.925925926,80.27777778,2.5654
1991,JM,TRUM91,JM TRUM91,U,5/27/1991,1991147,5/1/1991,1991121,24,26,26.1,24.8,37.8,15.7,13.7,79.8,13,178.1,277.83,42,63.9,178,109,60,380,16.86868687,25.60606061,14.79532164,4.797979798,9.090909091,3.713450292,9.166666667,80.83333333,-14.16666667,1.4224,2.159,6.5278,22.34126984,7.658730159,70,3.5306,22.77777778,7.925925926,80.27777778,2.5654
1991,LK,TRUM91,LK TRUM91,U,5/27/1991,1991147,5/1/1991,1991121,24,26,26,24.4,36.8,14.8,14.4,78.6,12.4,178.56,268.64,41.8,63.4,160,111,56,368,16.86868687,25.60606061,14.79532164,4.797979798,9.090909091,3.713450292,9.166666667,80.83333333,-14.16666667,1.4224,2.159,6.5278,22.34126984,7.658730159,70,3.5306,22.77777778,7.925925926,80.27777778,2.5654
1991,RG,WHIT91,RG WHIT91,U,5/17/1991,1991137,4/20/1991,1991110,28,27,26.5,22.4,33.9,14,13.4,75.5,11.5,154.1,232.215,41.6,52.9,173,121,62,320,15.35353535,16.86868687,15.02923977,4.444444444,4.797979798,3.50877193,-1.111111111,9.166666667,-13.88888889,5.6642,1.4224,4.0894,18.33333333,5.198412698,24.72222222,2.3114,18.11111111,5.740740741,28.88888889,2.5654
1991,MJ,WILG91,MJ WILG91,U,5/28/1991,1991148,5/1/1991,1991121,30,27,26.6,25.4,37.9,13.4,14.3,83.5,12.5,178.75,262.4575,45.6,62.1,186,120,67,450,16.86868687,25.60606061,14.79532164,4.797979798,9.090909091,3.713450292,9.166666667,80.83333333,-14.16666667,1.4224,2.159,6.5278,22.34126984,7.658730159,70,3.5306,22.77777778,7.925925926,80.27777778,2.5654
1991,NI,WILG91,NI WILG91,U,5/28/1991,1991148,5/1/1991,1991121,30,27,26.9,25.4,37.6,14.4,13.7,81.4,12.2,167.14,264.14,43.8,61.3,182,121,72,415,16.86868687,25.60606061,14.79532164,4.797979798,9.090909091,3.713450292,9.166666667,80.83333333,-14.16666667,1.4224,2.159,6.5278,22.34126984,7.658730159,70,3.5306,22.77777778,7.925925926,80.27777778,2.5654
1991,OH,WILG91,OH WILG91,F,5/28/1991,1991148,5/2/1991,1991122,30,26,25.8,23.5,37.3,14.4,14.5,78.5,13.8,200.1,269.4925,41.2,60.8,169,105,57,400,16.81818182,25.80808081,15.73099415,4.797979798,9.797979798,4.122807018,8.888888889,85.83333333,-1.388888889,1.4224,2.159,6.5786,22.22222222,7.658730159,69.16666667,3.5306,23.74074074,8.777777778,93.88888889,2.5654
1991,PG,WILG91,PG WILG91,M,5/28/1991,1991148,5/1/1991,1991121,30,27,26.6,26.5,39.3,14.6,14.9,83.8,12.8,190.72,289.8375,44.5,63.3,180,122,63,435,16.86868687,25.60606061,14.79532164,4.797979798,9.090909091,3.713450292,9.166666667,80.83333333,-14.16666667,1.4224,2.159,6.5278,22.34126984,7.658730159,70,3.5306,22.77777778,7.925925926,80.27777778,2.5654
1991,VA,WINT91,VA WINT91,M,5/29/1991,1991149,5/4/1991,1991124,25,25,24.6,22,34.9,15.1,13.4,75.2,12.9,172.86,248.6625,40.3,59,139,81,29,277,18.68686869,26.16161616,15.38011696,5.909090909,10.80808081,4.18128655,25.27777778,93.33333333,-4.166666667,1.397,2.1336,5.8674,23.45238095,8.214285714,81.66666667,2.5654,25.88888889,10.37037037,121.9444444,2.159
1991,XY,WINT91,XY WINT91,F,5/29/1991,1991149,5/3/1991,1991123,25,26,25.5,21.3,32.8,13.9,13.7,73.1,11.5,157.55,226.32,40.3,56.8,156,104,47,320,17.07070707,26.01010101,15.67251462,5.050505051,10.35353535,4.210526316,11.66666667,90,-1.111111111,1.3716,2.159,6.5786,22.46031746,7.698412698,71.11111111,2.5654,24.74074074,9.62962963,107.7777778,2.5654
1991,TC,WPAR91,TC WPAR91,U,5/29/1991,1991149,5/3/1991,1991123,25,26,25.7,21.5,33.3,14.6,13.1,73.9,11.8,154.58,230.6025,40.6,59,161,103,53,275,17.07070707,26.01010101,15.67251462,5.050505051,10.35353535,4.210526316,11.66666667,90,-1.111111111,1.3716,2.159,6.5786,22.46031746,7.698412698,71.11111111,2.5654,24.74074074,9.62962963,107.7777778,2.5654
1991,UB,WPAR91,UB WPAR91,U,5/29/1991,1991149,5/2/1991,1991122,25,27,26.7,25,38.1,17.4,16,81.1,13.1,209.6,318.135,43,60.7,185,121,67,382,16.81818182,25.80808081,15.73099415,4.797979798,9.797979798,4.122807018,8.888888889,85.83333333,-1.388888889,1.4224,2.159,6.5786,22.22222222,7.658730159,69.16666667,3.5306,23.74074074,8.777777778,93.88888889,2.5654
1992,CR,BROT92,CR BROT92,U,5/12/1992,1992133,4/17/1992,1992108,24,25,24.7,23.1,35.6,14.7,13,77.9,12.5,162.5,246.53,42.3,63.3,138,80,34,420,13.78787879,15.65656566,8.274853801,5.404040404,2.525252525,-2.105263158,-4.444444444,-10,-131.3888889,6.5278,2.4638,3.1496,16.07142857,4.166666667,1.666666667,5.3848,14.74074074,2.777777778,-18.61111111,4.4958
1992,DQ,BROT92,DQ BROT92,F,5/12/1992,1992133,4/17/1992,1992108,24,25,24.9,22.2,34.1,14,12.7,74.8,11.9,151.13,227.6175,40.7,61.5,143,87,40,405,13.78787879,15.65656566,8.274853801,5.404040404,2.525252525,-2.105263158,-4.444444444,-10,-131.3888889,6.5278,2.4638,3.1496,16.07142857,4.166666667,1.666666667,5.3848,14.74074074,2.777777778,-18.61111111,4.4958
1992,EP,BROT92,EP BROT92,U,5/12/1992,1992133,4/17/1992,1992108,24,25,24.9,21.5,33.4,14,13.6,72.2,11.9,161.84,230.46,38.8,61.2,144,84,40,380,13.78787879,15.65656566,8.274853801,5.404040404,2.525252525,-2.105263158,-4.444444444,-10,-131.3888889,6.5278,2.4638,3.1496,16.07142857,4.166666667,1.666666667,5.3848,14.74074074,2.777777778,-18.61111111,4.4958
1992,BR,BUFA92,BR BUFA92,U,5/21/1992,1992142,4/26/1992,1992117,25,25,24.6,19.8,29,12.7,11.9,70.7,9.2,109.48,178.35,41.7,55.5,132,77,33,308,14.39393939,19.8989899,12.83625731,2.373737374,7.424242424,2.16374269,-17.77777778,40.27777778,-47.5,3.2766,1.143,8.0264,18.57142857,5.555555556,28.88888889,3.2258,18.92592593,6.481481481,40.55555556,3.048
1992,TX,BUFA92,TX BUFA92,U,5/21/1992,1992142,4/26/1992,1992117,25,25,25.2,20.9,31.1,12.2,11.6,71.4,10.2,118.32,185.045,40.3,57.6,147,90,47,328,14.39393939,19.8989899,12.83625731,2.373737374,7.424242424,2.16374269,-17.77777778,40.27777778,-47.5,3.2766,1.143,8.0264,18.57142857,5.555555556,28.88888889,3.2258,18.92592593,6.481481481,40.55555556,3.048
1992,YV,BUFA92,YV BUFA92,U,5/21/1992,1992142,4/25/1992,1992116,25,26,26.2,22.9,34.2,12.6,12.7,76.7,11.3,143.51,216.315,42.5,61.2,174,113,59,425,14.94949495,19.14141414,12.86549708,2.525252525,6.616161616,1.929824561,-13.88888889,31.66666667,-49.44444444,3.9878,1.4986,7.2136,17.93650794,5,20.55555556,2.7432,19,6,37.5,3.3528
1992,ZU,BUFA92,ZU BUFA92,U,5/21/1992,1992142,4/26/1992,1992117,25,25,25.2,20.6,31.8,12.5,12,72.1,11.2,134.4,194.775,40.3,54.6,149,95,42,338,14.39393939,19.8989899,12.83625731,2.373737374,7.424242424,2.16374269,-17.77777778,40.27777778,-47.5,3.2766,1.143,8.0264,18.57142857,5.555555556,28.88888889,3.2258,18.92592593,6.481481481,40.55555556,3.048
1992,FO,BYWY92,FO BYWY92,U,5/12/1992,1992133,4/16/1992,1992107,23,26,25.6,21.4,32.4,12.9,12.6,70.6,11,138.6,206.55,38.2,57.4,155,102,53,340,13.88888889,14.7979798,7.777777778,5.202020202,2.070707071,-2.543859649,-5,-17.22222222,-140.2777778,6.5278,2.4638,1.8796,16.54761905,4.761904762,9.166666667,5.3848,15.03703704,3.037037037,-14.44444444,4.4958
1992,GN,BYWY92,GN BYWY92,U,5/12/1992,1992133,4/16/1992,1992107,23,26,25.6,19.5,32.2,11.9,11.7,69,12.7,148.59,189.98,36.8,54.3,147,101,52,315,13.88888889,14.7979798,7.777777778,5.202020202,2.070707071,-2.543859649,-5,-17.22222222,-140.2777778,6.5278,2.4638,1.8796,16.54761905,4.761904762,9.166666667,5.3848,15.03703704,3.037037037,-14.44444444,4.4958
1992,AT,CUHA92,AT CUHA92,U,5/11/1992,1992132,4/13/1992,1992104,28,28,27.7,23.2,36.4,12.4,12.7,78.7,13.2,167.64,228.41,42.3,61.4,193,134,82,370,11.91919192,15.25252525,7.69005848,2.121212121,3.181818182,-1.812865497,-32.77777778,-8.611111111,-134.1666667,4.4958,4.1148,6.477,14.32539683,4.325396825,-9.444444444,5.461,16.37037037,4.851851852,9.166666667,6.1468
1992,BS,CUHA92,BS CUHA92,U,5/11/1992,1992132,4/15/1992,1992106,28,26,26.1,21.7,35.8,13.2,12.2,75.7,14.1,172.02,227.33,39.9,59.1,174,115,55,370,14.04040404,14.39393939,7.485380117,4.343434343,2.373737374,-2.573099415,-8.888888889,-17.77777778,-143.3333333,5.715,3.2766,2.5908,16.42857143,4.920634921,9.444444444,5.9182,15.66666667,4.111111111,-1.666666667,5.7658
1992,none,CUHA92,none CUHA92,U,5/11/1992,1992132,4/15/1992,1992106,28,26,25.9,21.8,34.6,14.3,12.9,75.6,12.8,165.12,235.28,41,58,160,113,52,315,14.04040404,14.39393939,7.485380117,4.343434343,2.373737374,-2.573099415,-8.888888889,-17.77777778,-143.3333333,5.715,3.2766,2.5908,16.42857143,4.920634921,9.444444444,5.9182,15.66666667,4.111111111,-1.666666667,5.7658
1992,LG,GENR92,LG GENR92,U,5/27/1992,1992148,4/28/1992,1992119,29,29,29,23.2,35.2,12.4,12.5,77.4,12,150,219.12,42.2,58.2,184,122,72,347,15.65656566,20.75757576,12.57309942,2.525252525,8.484848485,2.105263158,-10,50.83333333,-50.55555556,2.4638,1.7018,7.8994,18.96825397,6.071428571,35.27777778,3.0226,18.77777778,6.666666667,40.83333333,2.0828
1992,MF,GENR92,MF GENR92,U,5/27/1992,1992148,4/28/1992,1992119,29,29,29,23.7,37.3,12.6,13.3,79.6,13.6,180.88,241.5175,42.3,60.6,190,123,69,398,15.65656566,20.75757576,12.57309942,2.525252525,8.484848485,2.105263158,-10,50.83333333,-50.55555556,2.4638,1.7018,7.8994,18.96825397,6.071428571,35.27777778,3.0226,18.77777778,6.666666667,40.83333333,2.0828
1992,NE,GENR92,NE GENR92,U,5/27/1992,1992148,4/28/1992,1992119,29,29,29,23.8,36.6,12.6,12.6,78.7,12.8,161.28,230.58,42.1,57.1,205,129,88,380,15.65656566,20.75757576,12.57309942,2.525252525,8.484848485,2.105263158,-10,50.83333333,-50.55555556,2.4638,1.7018,7.8994,18.96825397,6.071428571,35.27777778,3.0226,18.77777778,6.666666667,40.83333333,2.0828
1992,OD,GENR92,OD GENR92,U,5/27/1992,1992148,4/28/1992,1992119,29,29,29,24.4,36.9,12.6,12.8,78.5,12.5,160,234.315,41.6,56.9,196,128,77,355,15.65656566,20.75757576,12.57309942,2.525252525,8.484848485,2.105263158,-10,50.83333333,-50.55555556,2.4638,1.7018,7.8994,18.96825397,6.071428571,35.27777778,3.0226,18.77777778,6.666666667,40.83333333,2.0828
1992,PC,GENR92,PC GENR92,F,5/27/1992,1992148,4/28/1992,1992119,29,29,29,23.4,35.2,12.7,13,76.6,11.8,153.4,226.16,41.4,57.9,198,133,87,400,15.65656566,20.75757576,12.57309942,2.525252525,8.484848485,2.105263158,-10,50.83333333,-50.55555556,2.4638,1.7018,7.8994,18.96825397,6.071428571,35.27777778,3.0226,18.77777778,6.666666667,40.83333333,2.0828
1992,QB,GENR92,QB GENR92,U,5/27/1992,1992148,4/28/1992,1992119,29,29,29,24,36.4,13.1,13,79,12.4,161.2,237.51,42.6,59.1,205,146,89,390,15.65656566,20.75757576,12.57309942,2.525252525,8.484848485,2.105263158,-10,50.83333333,-50.55555556,2.4638,1.7018,7.8994,18.96825397,6.071428571,35.27777778,3.0226,18.77777778,6.666666667,40.83333333,2.0828
1992,QC,HART92,QC HART92,F,5/25/1992,1992146,4/28/1992,1992119,28,27,27.2,23.7,35.8,13,13,79.5,12.1,157.3,232.7,43.7,59.9,181,125,77,405,15.65656566,20.75757576,12.57309942,2.525252525,8.484848485,2.105263158,-10,50.83333333,-50.55555556,2.4638,1.7018,7.8994,18.96825397,6.071428571,35.27777778,3.0226,18.77777778,6.666666667,40.83333333,2.0828
1992,RB,HART92,RB HART92,U,5/25/1992,1992146,4/28/1992,1992119,28,27,26.7,23.4,37.1,12.3,12.9,79.2,13.7,176.73,233.73,42.1,61.1,173,117,70,397,15.65656566,20.75757576,12.57309942,2.525252525,8.484848485,2.105263158,-10,50.83333333,-50.55555556,2.4638,1.7018,7.8994,18.96825397,6.071428571,35.27777778,3.0226,18.77777778,6.666666667,40.83333333,2.0828
1992,SA,HART92,SA HART92,M,5/25/1992,1992146,4/29/1992,1992120,28,26,25.7,22.2,36,12.4,12.3,78.2,13.8,169.74,222.3,42.2,62.1,159,106,49,390,15.85858586,21.46464646,12.69005848,3.181818182,8.232323232,2.076023392,-5.277777778,53.33333333,-49.72222222,2.7432,1.4224,7.8994,18.37301587,6.388888889,33.33333333,1.7526,19.48148148,6.962962963,48.33333333,2.0828
1992,TZ,HART92,TZ HART92,U,5/25/1992,1992146,4/29/1992,1992120,28,26,26.4,24.2,37.2,12.3,12.6,79.9,13,163.8,231.57,42.7,60.6,177,116,64,385,15.85858586,21.46464646,12.69005848,3.181818182,8.232323232,2.076023392,-5.277777778,53.33333333,-49.72222222,2.7432,1.4224,7.8994,18.37301587,6.388888889,33.33333333,1.7526,19.48148148,6.962962963,48.33333333,2.0828
1992,UY,HART92,UY HART92,U,5/25/1992,1992146,4/28/1992,1992119,28,27,26.9,23.2,35.9,11.9,12.5,77,12.7,158.75,218.99,41.1,59.8,177,125,69,380,15.65656566,20.75757576,12.57309942,2.525252525,8.484848485,2.105263158,-10,50.83333333,-50.55555556,2.4638,1.7018,7.8994,18.96825397,6.071428571,35.27777778,3.0226,18.77777778,6.666666667,40.83333333,2.0828
1992,VX,HART92,VX HART92,U,5/25/1992,1992146,4/27/1992,1992118,28,28,27.6,24.8,35.7,12.4,12.7,79.7,10.9,138.43,224.0175,44,59.4,188,135,78,405,14.7979798,20.90909091,12.33918129,2.070707071,8.737373737,1.900584795,-17.22222222,53.05555556,-54.72222222,2.4638,1.651,7.8994,18.80952381,5.793650794,32.22222222,2.9972,18.7037037,6.888888889,41.94444444,2.2606
1992,AQ,HAYT92,AQ HAYT92,U,5/29/1992,1992150,5/1/1992,1992122,28,28,27.5,24.5,37.9,12.7,13.1,79.8,13.4,175.54,244.455,41.9,62,188,130,79,420,16.41414141,23.03030303,12.48538012,4.343434343,8.181818182,2.192982456,4.166666667,61.66666667,-50.55555556,2.7432,1.4224,6.7564,19.20634921,7.103174603,44.16666667,2.0828,21.7037037,7.518518519,69.16666667,1.7018
1992,BP,HAYT92,BP HAYT92,U,5/29/1992,1992150,5/1/1992,1992122,28,28,27.8,24.7,37.2,13.3,12.8,78.5,12.5,160,242.73,41.3,58.3,195,138,80,362,16.41414141,23.03030303,12.48538012,4.343434343,8.181818182,2.192982456,4.166666667,61.66666667,-50.55555556,2.7432,1.4224,6.7564,19.20634921,7.103174603,44.16666667,2.0828,21.7037037,7.518518519,69.16666667,1.7018
1992,CO,HAYT92,CO HAYT92,U,5/29/1992,1992150,5/4/1992,1992125,28,25,25.4,21.5,33.5,13.8,12.6,76.9,12,151.2,221.1,43.4,61.8,157,100,45,395,18.38383838,21.86868687,14.76608187,5.454545455,6.717171717,4.035087719,21.11111111,47.22222222,-11.38888889,1.3716,1.4732,8.6106,21.94444444,7.817460317,68.33333333,1.7018,22.51851852,7.259259259,73.33333333,1.9558
1992,DN,HAYT92,DN HAYT92,U,5/29/1992,1992150,5/1/1992,1992122,28,28,27.6,26,39.3,14.2,14.3,82.4,13.3,190.19,280.0125,43.1,63.8,198,131,82,448,16.41414141,23.03030303,12.48538012,4.343434343,8.181818182,2.192982456,4.166666667,61.66666667,-50.55555556,2.7432,1.4224,6.7564,19.20634921,7.103174603,44.16666667,2.0828,21.7037037,7.518518519,69.16666667,1.7018
1992,EM,HAYT92,EM HAYT92,U,5/29/1992,1992150,5/2/1992,1992123,28,27,26.5,22.6,36.6,13.6,13.7,78.8,14,191.8,249.795,42.2,61.2,181,112,70,430,17.72727273,23.38383838,13.24561404,4.696969697,8.282828283,2.719298246,13.33333333,64.16666667,-38.33333333,2.5146,1.4224,7.0866,20.15873016,7.222222222,51.66666667,1.7018,22.48148148,7.962962963,78.33333333,1.7018
1992,FL,HAYT92,FL HAYT92,U,5/29/1992,1992150,5/1/1992,1992122,28,28,27.8,25.8,40.8,14.8,13.6,84.3,15,204,289.68,43.5,62.5,196,137,81,430,16.41414141,23.03030303,12.48538012,4.343434343,8.181818182,2.192982456,4.166666667,61.66666667,-50.55555556,2.7432,1.4224,6.7564,19.20634921,7.103174603,44.16666667,2.0828,21.7037037,7.518518519,69.16666667,1.7018
1992,PE,HIHI92,PE HIHI92,U,5/20/1992,1992141,4/23/1992,1992114,26,27,26.9,26.4,40.3,13.4,13.7,84.7,13.9,190.43,273.0325,44.4,63.2,186,125,69,465,15.90909091,18.38383838,11.8128655,3.484848485,5.454545455,0.906432749,-3.333333333,21.11111111,-69.16666667,3.8862,1.3716,5.9944,16.15079365,3.373015873,-3.333333333,2.7432,18.55555556,5.222222222,28.33333333,3.2258
1992,QD,HIHI92,QD HIHI92,U,5/20/1992,1992141,4/23/1992,1992114,26,27,26.7,25.1,37.3,13.4,13,82.5,12.2,158.6,246.18,45.2,61,186,119,69,415,15.90909091,18.38383838,11.8128655,3.484848485,5.454545455,0.906432749,-3.333333333,21.11111111,-69.16666667,3.8862,1.3716,5.9944,16.15079365,3.373015873,-3.333333333,2.7432,18.55555556,5.222222222,28.33333333,3.2258
1992,RC,HIHI92,RC HIHI92,U,5/20/1992,1992141,4/24/1992,1992115,26,26,26.1,25.2,38.5,13.2,13.3,82,13.3,176.89,255.0625,43.5,61.5,171,107,62,445,15.25252525,18.33333333,12.33918129,3.181818182,5.858585859,1.549707602,-8.611111111,23.05555556,-58.05555556,4.1148,1.143,6.1214,17.06349206,3.968253968,7.222222222,2.7432,18.33333333,5.740740741,30.55555556,3.2258
1992,SB,HIHI92,SB HIHI92,U,5/20/1992,1992141,4/24/1992,1992115,26,26,26.3,25.6,38.6,13.3,13.3,83.4,13,172.9,256.69,44.8,63.7,176,120,57,NA,15.25252525,18.33333333,12.33918129,3.181818182,5.858585859,1.549707602,-8.611111111,23.05555556,-58.05555556,4.1148,1.143,6.1214,17.06349206,3.968253968,7.222222222,2.7432,18.33333333,5.740740741,30.55555556,3.2258
1992,JK,KAYS92,JK KAYS92,U,5/19/1992,1992140,4/22/1992,1992113,27,27,27.1,25.4,38.2,13.1,12.8,82.9,12.8,163.84,247.345,44.7,64.4,188,127,74,435,15.45454545,18.33333333,10.70175439,4.191919192,5.404040404,0.263157895,-1.944444444,20.55555556,-85.83333333,3.8608,2.1844,5.9944,15.51587302,2.896825397,-11.11111111,2.7432,17.66666667,4.555555556,16.66666667,2.7432
1992,KJ,KAYS92,KJ KAYS92,U,5/19/1992,1992140,4/22/1992,1992113,27,27,26.5,25.4,38,13,13.6,81.7,12.6,171.36,252.7,43.7,64.2,175,116,68,430,15.45454545,18.33333333,10.70175439,4.191919192,5.404040404,0.263157895,-1.944444444,20.55555556,-85.83333333,3.8608,2.1844,5.9944,15.51587302,2.896825397,-11.11111111,2.7432,17.66666667,4.555555556,16.66666667,2.7432
1992,TA,MART92,TA MART92,U,5/20/1992,1992141,4/24/1992,1992115,25,26,25.6,23,36.2,13.7,13,78.2,13.2,171.6,241.635,42,60.3,168,104,49,385,15.25252525,18.33333333,12.33918129,3.181818182,5.858585859,1.549707602,-8.611111111,23.05555556,-58.05555556,4.1148,1.143,6.1214,17.06349206,3.968253968,7.222222222,2.7432,18.33333333,5.740740741,30.55555556,3.2258
1992,UZ,MART92,UZ MART92,U,5/20/1992,1992141,4/25/1992,1992116,25,25,25.3,21.8,34.2,12.7,12.7,75,12.4,157.48,217.17,40.8,58.8,157,101,41,377,14.94949495,19.14141414,12.86549708,2.525252525,6.616161616,1.929824561,-13.88888889,31.66666667,-49.44444444,3.9878,1.4986,7.2136,17.93650794,5,20.55555556,2.7432,19,6,37.5,3.3528
1992,VY,MART92,VY MART92,U,5/20/1992,1992141,4/24/1992,1992115,25,26,25.6,21.6,33.6,12.9,12.9,75,12,154.8,216.72,41.4,58.5,165,106,47,370,15.25252525,18.33333333,12.33918129,3.181818182,5.858585859,1.549707602,-8.611111111,23.05555556,-58.05555556,4.1148,1.143,6.1214,17.06349206,3.968253968,7.222222222,2.7432,18.33333333,5.740740741,30.55555556,3.2258
1992,WX,MART92,WX MART92,U,5/20/1992,1992141,4/25/1992,1992116,25,25,25.1,21,31.9,12.1,12.1,74,10.9,131.89,192.995,42.1,57.1,156,91,42,350,14.94949495,19.14141414,12.86549708,2.525252525,6.616161616,1.929824561,-13.88888889,31.66666667,-49.44444444,3.9878,1.4986,7.2136,17.93650794,5,20.55555556,2.7432,19,6,37.5,3.3528
1992,MG,NWOD92,MG NWOD92,U,5/22/1992,1992143,4/25/1992,1992116,28,27,27.1,24.5,36.6,14.6,13.1,79.9,12.1,158.51,253.455,43.3,62.5,190,126,75,427,14.94949495,19.14141414,12.86549708,2.525252525,6.616161616,1.929824561,-13.88888889,31.66666667,-49.44444444,3.9878,1.4986,7.2136,17.93650794,5,20.55555556,2.7432,19,6,37.5,3.3528
1992,NF,NWOD92,NF NWOD92,U,5/22/1992,1992143,4/26/1992,1992117,28,26,26,21.6,32.2,13.3,12,73,10.6,127.2,203.665,40.8,59.4,170,108,58,380,14.39393939,19.8989899,12.83625731,2.373737374,7.424242424,2.16374269,-17.77777778,40.27777778,-47.5,3.2766,1.143,8.0264,18.57142857,5.555555556,28.88888889,3.2258,18.92592593,6.481481481,40.55555556,3.048
1992,OE,NWOD92,OE NWOD92,U,5/22/1992,1992143,4/25/1992,1992116,28,27,27.2,22.9,34,12.5,12.2,76.7,11.1,135.42,209.95,42.7,59.9,180,133,71,390,14.94949495,19.14141414,12.86549708,2.525252525,6.616161616,1.929824561,-13.88888889,31.66666667,-49.44444444,3.9878,1.4986,7.2136,17.93650794,5,20.55555556,2.7432,19,6,37.5,3.3528
1992,PD,NWOD92,PD NWOD92,M,5/22/1992,1992143,4/25/1992,1992116,28,27,26.6,23.2,35,13.4,13.3,78.9,11.8,156.94,233.625,43.9,63.6,180,121,66,455,14.94949495,19.14141414,12.86549708,2.525252525,6.616161616,1.929824561,-13.88888889,31.66666667,-49.44444444,3.9878,1.4986,7.2136,17.93650794,5,20.55555556,2.7432,19,6,37.5,3.3528
1992,GM,PAHA92,GM PAHA92,M,5/22/1992,1992143,4/25/1992,1992116,26,27,27,23.9,36.2,12.6,12.7,78.7,12.3,156.21,228.965,42.5,63.3,173,125,73,362,14.94949495,19.14141414,12.86549708,2.525252525,6.616161616,1.929824561,-13.88888889,31.66666667,-49.44444444,3.9878,1.4986,7.2136,17.93650794,5,20.55555556,2.7432,19,6,37.5,3.3528
1992,HL,PAHA92,HL PAHA92,U,5/22/1992,1992143,4/26/1992,1992117,26,26,25.7,23.3,36.1,13.6,12.4,77.4,12.8,158.72,234.65,41.3,60.9,161,105,50,360,14.39393939,19.8989899,12.83625731,2.373737374,7.424242424,2.16374269,-17.77777778,40.27777778,-47.5,3.2766,1.143,8.0264,18.57142857,5.555555556,28.88888889,3.2258,18.92592593,6.481481481,40.55555556,3.048
1992,IK,PAHA92,IK PAHA92,U,5/22/1992,1992143,4/26/1992,1992117,26,26,25.8,22.7,35.9,13.5,13,78.9,13.2,171.6,237.8375,43,63.4,163,108,54,344,14.39393939,19.8989899,12.83625731,2.373737374,7.424242424,2.16374269,-17.77777778,40.27777778,-47.5,3.2766,1.143,8.0264,18.57142857,5.555555556,28.88888889,3.2258,18.92592593,6.481481481,40.55555556,3.048
1992,JJ,PAHA92,JJ PAHA92,U,5/22/1992,1992143,4/26/1992,1992117,26,26,26.1,24.3,36.9,13,12.6,77.5,12.6,158.76,236.16,40.6,63,169,110,61,357,14.39393939,19.8989899,12.83625731,2.373737374,7.424242424,2.16374269,-17.77777778,40.27777778,-47.5,3.2766,1.143,8.0264,18.57142857,5.555555556,28.88888889,3.2258,18.92592593,6.481481481,40.55555556,3.048
1992,KI,PAHA92,KI PAHA92,U,5/22/1992,1992143,4/25/1992,1992116,26,27,26.6,23.1,35.3,13.9,12.6,79.5,12.2,153.72,233.8625,44.2,60.3,175,118,68,340,14.94949495,19.14141414,12.86549708,2.525252525,6.616161616,1.929824561,-13.88888889,31.66666667,-49.44444444,3.9878,1.4986,7.2136,17.93650794,5,20.55555556,2.7432,19,6,37.5,3.3528
1992,IJ,PIGS92,IJ PIGS92,U,5/26/1992,1992147,4/28/1992,1992119,28,28,27.6,24.6,37,12.8,13.6,79.9,12.4,168.64,244.2,42.9,61.1,188,122,88,425,15.65656566,20.75757576,12.57309942,2.525252525,8.484848485,2.105263158,-10,50.83333333,-50.55555556,2.4638,1.7018,7.8994,18.96825397,6.071428571,35.27777778,3.0226,18.77777778,6.666666667,40.83333333,2.0828
1992,JI,PIGS92,JI PIGS92,U,5/26/1992,1992147,4/28/1992,1992119,28,28,27.9,26.8,39.9,13.5,14.8,84.2,13.1,193.88,282.2925,44.3,64,205,131,89,472,15.65656566,20.75757576,12.57309942,2.525252525,8.484848485,2.105263158,-10,50.83333333,-50.55555556,2.4638,1.7018,7.8994,18.96825397,6.071428571,35.27777778,3.0226,18.77777778,6.666666667,40.83333333,2.0828
1992,KH,PIGS92,KH PIGS92,U,5/26/1992,1992147,4/29/1992,1992120,28,27,26.9,22.8,35.3,14,13.2,77,12.5,165,240.04,41.7,60.2,187,121,72,417,15.85858586,21.46464646,12.69005848,3.181818182,8.232323232,2.076023392,-5.277777778,53.33333333,-49.72222222,2.7432,1.4224,7.8994,18.37301587,6.388888889,33.33333333,1.7526,19.48148148,6.962962963,48.33333333,2.0828
1992,GK,PWOD92,GK PWOD92,U,6/3/1992,1992155,5/8/1992,1992129,26,26,26.2,23,36.4,14.6,14,80.4,13.4,187.6,260.26,44,60.2,180,114,59,410,20.90909091,19.64646465,15.73099415,8.737373737,3.686868687,4.18128655,53.05555556,18.33333333,-0.833333333,1.651,1.4224,6.5278,22.02380952,6.825396825,61.94444444,1.9558,19.62962963,5.592592593,39.16666667,2.3114
1992,HJ,PWOD92,HJ PWOD92,U,6/3/1992,1992155,5/8/1992,1992129,26,26,26.4,21.3,34.4,13.3,12.6,75,13.1,165.06,222.74,40.6,58.6,179,115,65,365,20.90909091,19.64646465,15.73099415,8.737373737,3.686868687,4.18128655,53.05555556,18.33333333,-0.833333333,1.651,1.4224,6.5278,22.02380952,6.825396825,61.94444444,1.9558,19.62962963,5.592592593,39.16666667,2.3114
1992,ME,REIS92,ME REIS92,U,6/3/1992,1992155,5/7/1992,1992128,28,27,27.2,23.5,36.1,12.6,13.1,76.4,12.6,165.06,231.9425,40.3,57,185,128,75,340,19.8989899,20.15151515,15.1754386,7.424242424,4.747474747,4.152046784,40.27777778,26.94444444,-6.388888889,1.143,1.9304,7.4676,22.85714286,7.420634921,71.94444444,1.9558,20.25925926,6,46.94444444,2.794
1992,ND,REIS92,ND REIS92,U,6/3/1992,1992155,5/7/1992,1992128,28,27,27.1,24.6,37.1,14.7,13.6,81.7,12.5,170,262.4825,44.6,60.4,183,126,73,400,19.8989899,20.15151515,15.1754386,7.424242424,4.747474747,4.152046784,40.27777778,26.94444444,-6.388888889,1.143,1.9304,7.4676,22.85714286,7.420634921,71.94444444,1.9558,20.25925926,6,46.94444444,2.794
1992,OC,REIS92,OC REIS92,F,6/3/1992,1992155,5/7/1992,1992128,28,27,26.9,23.9,36.9,13,12.8,79.9,13,166.4,238.005,43,59.6,189,125,68,398,19.8989899,20.15151515,15.1754386,7.424242424,4.747474747,4.152046784,40.27777778,26.94444444,-6.388888889,1.143,1.9304,7.4676,22.85714286,7.420634921,71.94444444,1.9558,20.25925926,6,46.94444444,2.794
1992,PB,REIS92,PB REIS92,U,6/3/1992,1992155,5/8/1992,1992129,28,26,25.7,22.2,34.3,12.7,11.7,73.6,12.1,141.57,209.23,39.3,55.9,165,105,50,345,20.90909091,19.64646465,15.73099415,8.737373737,3.686868687,4.18128655,53.05555556,18.33333333,-0.833333333,1.651,1.4224,6.5278,22.02380952,6.825396825,61.94444444,1.9558,19.62962963,5.592592593,39.16666667,2.3114
1992,XW,SDOT92,XW SDOT92,U,5/21/1992,1992142,4/24/1992,1992115,25,27,27.1,23.4,35.2,12.5,13.1,78.3,11.8,154.58,225.28,43.1,60,185,126,73,405,15.25252525,18.33333333,12.33918129,3.181818182,5.858585859,1.549707602,-8.611111111,23.05555556,-58.05555556,4.1148,1.143,6.1214,17.06349206,3.968253968,7.222222222,2.7432,18.33333333,5.740740741,30.55555556,3.2258
1992,BQ,SECE92,BQ SECE92,U,5/26/1992,1992147,4/28/1992,1992119,28,28,27.7,25.9,37.8,12.4,13.2,79.9,11.9,157.08,241.92,42.1,64,194,132,82,385,15.65656566,20.75757576,12.57309942,2.525252525,8.484848485,2.105263158,-10,50.83333333,-50.55555556,2.4638,1.7018,7.8994,18.96825397,6.071428571,35.27777778,3.0226,18.77777778,6.666666667,40.83333333,2.0828
1992,CP,SECE92,CP SECE92,U,5/26/1992,1992147,4/29/1992,1992120,28,27,27.4,23.9,36.1,13.2,13,78.8,12.2,158.6,236.455,42.7,60.6,178,133,75,350,15.85858586,21.46464646,12.69005848,3.181818182,8.232323232,2.076023392,-5.277777778,53.33333333,-49.72222222,2.7432,1.4224,7.8994,18.37301587,6.388888889,33.33333333,1.7526,19.48148148,6.962962963,48.33333333,2.0828
1992,DO,SECE92,DO SECE92,U,5/26/1992,1992147,4/28/1992,1992119,28,28,27.6,24,35.8,12.2,13.3,78.5,11.8,156.94,228.225,42.7,60.6,188,132,80,350,15.65656566,20.75757576,12.57309942,2.525252525,8.484848485,2.105263158,-10,50.83333333,-50.55555556,2.4638,1.7018,7.8994,18.96825397,6.071428571,35.27777778,3.0226,18.77777778,6.666666667,40.83333333,2.0828
1992,DP,SEWR92,DP SEWR92,U,5/21/1992,1992142,4/26/1992,1992117,25,25,25,21.8,32.9,13.8,13.3,75.4,11.1,147.63,222.8975,42.5,61.2,146,89,41,410,14.39393939,19.8989899,12.83625731,2.373737374,7.424242424,2.16374269,-17.77777778,40.27777778,-47.5,3.2766,1.143,8.0264,18.57142857,5.555555556,28.88888889,3.2258,18.92592593,6.481481481,40.55555556,3.048
1992,EO,SEWR92,EO SEWR92,U,5/21/1992,1992142,4/25/1992,1992116,25,26,26.3,23.5,33.6,12.9,14.3,79.4,10.1,144.43,228.48,45.8,62.4,169,114,62,444,14.94949495,19.14141414,12.86549708,2.525252525,6.616161616,1.929824561,-13.88888889,31.66666667,-49.44444444,3.9878,1.4986,7.2136,17.93650794,5,20.55555556,2.7432,19,6,37.5,3.3528
1992,FN,SEWR92,FN SEWR92,F,5/21/1992,1992142,4/26/1992,1992117,25,25,25.3,21.5,32.8,14.1,13.1,73.7,11.3,148.03,223.04,40.9,58.4,156,96,47,375,14.39393939,19.8989899,12.83625731,2.373737374,7.424242424,2.16374269,-17.77777778,40.27777778,-47.5,3.2766,1.143,8.0264,18.57142857,5.555555556,28.88888889,3.2258,18.92592593,6.481481481,40.55555556,3.048
1992,HM,SSET92,HM SSET92,U,5/18/1992,1992139,4/23/1992,1992114,28,25,25.4,21.9,35.1,12.6,12.4,74.6,13.2,163.68,219.375,39.5,55.7,156,101,46,300,15.90909091,18.38383838,11.8128655,3.484848485,5.454545455,0.906432749,-3.333333333,21.11111111,-69.16666667,3.8862,1.3716,5.9944,16.15079365,3.373015873,-3.333333333,2.7432,18.55555556,5.222222222,28.33333333,3.2258
1992,IL,SSET92,IL SSET92,U,5/18/1992,1992139,4/23/1992,1992114,28,25,25,21.3,32.8,11.7,10.8,72.3,11.5,124.2,184.5,39.5,49.7,141,91,39,297,15.90909091,18.38383838,11.8128655,3.484848485,5.454545455,0.906432749,-3.333333333,21.11111111,-69.16666667,3.8862,1.3716,5.9944,16.15079365,3.373015873,-3.333333333,2.7432,18.55555556,5.222222222,28.33333333,3.2258
1992,LI,STAD92,LI STAD92,U,5/19/1992,1992140,4/21/1992,1992112,27,28,27.8,23.6,36,11.8,12.9,78.8,12.4,159.96,222.3,42.8,60.1,193,137,82,440,15.45454545,17.72727273,9.649122807,4.545454545,4.696969697,-0.760233918,-8.55E-15,13.33333333,-105.5555556,3.5306,2.5146,4.7244,14.6031746,2.619047619,-19.44444444,3.556,16.81481481,3.740740741,4.166666667,2.7432
1992,MH,STAD92,MH STAD92,U,5/19/1992,1992140,4/22/1992,1992113,27,27,26.8,21.1,33,13.4,12.7,73.6,11.9,151.13,215.325,40.6,56.2,172,122,69,345,15.45454545,18.33333333,10.70175439,4.191919192,5.404040404,0.263157895,-1.944444444,20.55555556,-85.83333333,3.8608,2.1844,5.9944,15.51587302,2.896825397,-11.11111111,2.7432,17.66666667,4.555555556,16.66666667,2.7432
1992,NG,STAD92,NG STAD92,U,5/19/1992,1992140,4/22/1992,1992113,27,27,27,23.6,36.4,13.7,13.2,79.7,12.8,168.96,244.79,43.3,60.6,179,125,72,395,15.45454545,18.33333333,10.70175439,4.191919192,5.404040404,0.263157895,-1.944444444,20.55555556,-85.83333333,3.8608,2.1844,5.9944,15.51587302,2.896825397,-11.11111111,2.7432,17.66666667,4.555555556,16.66666667,2.7432
1992,OF,STAD92,OF STAD92,U,5/19/1992,1992140,4/24/1992,1992115,27,25,25.3,21.1,34.1,13.1,12.1,74,13,157.3,214.83,39.9,56.5,151,99,44,290,15.25252525,18.33333333,12.33918129,3.181818182,5.858585859,1.549707602,-8.611111111,23.05555556,-58.05555556,4.1148,1.143,6.1214,17.06349206,3.968253968,7.222222222,2.7432,18.33333333,5.740740741,30.55555556,3.2258
1992,QA,SWEG92,QA SWEG92,U,6/9/1992,1992161,5/13/1992,1992134,28,27,27,24.2,37.6,14.4,14.4,80.1,13.4,192.96,270.72,42.5,60.4,192,125,72,425,23.38383838,16.76767677,16.37426901,8.282828283,5.353535354,3.947368421,64.16666667,11.66666667,3.055555556,1.4224,7.7216,4.6482,19.84126984,4.96031746,33.61111111,4.445,19.55555556,5.666666667,39.16666667,7.7216
1992,RZ,SWEG92,RZ SWEG92,U,6/9/1992,1992161,5/14/1992,1992135,28,26,25.5,20.6,32.6,13.1,12.5,72,12,150,208.64,39.4,56.2,150,99,50,325,23.78787879,16.41414141,16.95906433,7.626262626,5.707070707,4.122807018,62.77777778,11.66666667,10.27777778,1.5748,7.5692,4.0386,19.6031746,4.761904762,30.55555556,7.0866,19.77777778,5.962962963,43.05555556,7.7216
1992,SY,TORG92,SY TORG92,U,6/17/1992,1992169,5/21/1992,1992142,28,27,27.1,25.6,39.8,13.8,14.4,83.7,14.2,204.48,280.59,43.9,60.7,200,128,72,357,19.49494949,22.92929293,19.70760234,4.545454545,11.11111111,6.374269006,22.22222222,77.22222222,57.77777778,3.8862,4.3688,3.6068,19.68253968,8.968253968,60.55555556,7.7216,21.2962963,9.333333333,79.72222222,7.2898
1992,WV,WAHA92,WV WAHA92,U,5/28/1992,1992149,5/1/1992,1992122,27,27,26.5,25.2,38.6,14.5,13.4,82.1,13.4,179.56,269.235,43.5,60.5,182,119,63,420,16.41414141,23.03030303,12.48538012,4.343434343,8.181818182,2.192982456,4.166666667,61.66666667,-50.55555556,2.7432,1.4224,6.7564,19.20634921,7.103174603,44.16666667,2.0828,21.7037037,7.518518519,69.16666667,1.7018
1992,XU,WAHA92,XU WAHA92,U,5/28/1992,1992149,5/1/1992,1992122,27,27,26.8,24.4,35.6,13.7,13.4,78.2,11.2,150.08,241.19,42.6,60.5,185,120,70,375,16.41414141,23.03030303,12.48538012,4.343434343,8.181818182,2.192982456,4.166666667,61.66666667,-50.55555556,2.7432,1.4224,6.7564,19.20634921,7.103174603,44.16666667,2.0828,21.7037037,7.518518519,69.16666667,1.7018
1992,YT,WAHA92,YT WAHA92,U,5/28/1992,1992149,5/1/1992,1992122,27,27,26.7,23.5,35,13.3,12.7,76,11.5,146.05,227.5,41,59.9,179,118,71,372,16.41414141,23.03030303,12.48538012,4.343434343,8.181818182,2.192982456,4.166666667,61.66666667,-50.55555556,2.7432,1.4224,6.7564,19.20634921,7.103174603,44.16666667,2.0828,21.7037037,7.518518519,69.16666667,1.7018
1992,ZS,WAHA92,ZS WAHA92,U,5/28/1992,1992149,5/3/1992,1992124,27,25,25.3,20.7,32.6,13.2,12.8,74.6,11.9,152.32,211.9,42,60.9,152,97,46,370,18.33333333,23.78787879,14.44444444,5.404040404,7.626262626,3.479532164,20.55555556,62.77777778,-19.72222222,2.1844,1.5748,8.382,21.23015873,7.579365079,61.66666667,1.7018,23.48148148,7.814814815,84.72222222,1.5748
1992,LH,WAIT92,LH WAIT92,U,5/22/1992,1992143,4/26/1992,1992117,26,26,25.6,21.1,33.5,11.8,12.3,73.4,12.4,152.52,201.8375,39.9,57,161,104,50,308,14.39393939,19.8989899,12.83625731,2.373737374,7.424242424,2.16374269,-17.77777778,40.27777778,-47.5,3.2766,1.143,8.0264,18.57142857,5.555555556,28.88888889,3.2258,18.92592593,6.481481481,40.55555556,3.048
1992,RA,WEGO92,RA WEGO92,U,5/27/1992,1992148,4/29/1992,1992120,29,28,28,26,38.8,14,13.2,83.8,12.8,168.96,263.84,45,60.2,204,134,87,420,15.85858586,21.46464646,12.69005848,3.181818182,8.232323232,2.076023392,-5.277777778,53.33333333,-49.72222222,2.7432,1.4224,7.8994,18.37301587,6.388888889,33.33333333,1.7526,19.48148148,6.962962963,48.33333333,2.0828
1992,SZ,WEGO92,SZ WEGO92,U,5/27/1992,1992148,5/1/1992,1992122,29,26,26.3,23.2,37.7,13.8,12.9,77.4,14.5,187.05,251.6475,39.7,60.8,180,113,63,372,16.41414141,23.03030303,12.48538012,4.343434343,8.181818182,2.192982456,4.166666667,61.66666667,-50.55555556,2.7432,1.4224,6.7564,19.20634921,7.103174603,44.16666667,2.0828,21.7037037,7.518518519,69.16666667,1.7018
1992,TY,WEGO92,TY WEGO92,U,5/27/1992,1992148,4/28/1992,1992119,29,29,28.9,27,40,13.5,13.7,83.5,13,178.1,272,43.5,59.9,209,145,98,428,15.65656566,20.75757576,12.57309942,2.525252525,8.484848485,2.105263158,-10,50.83333333,-50.55555556,2.4638,1.7018,7.8994,18.96825397,6.071428571,35.27777778,3.0226,18.77777778,6.666666667,40.83333333,2.0828
1992,UX,WEGO92,UX WEGO92,U,5/27/1992,1992148,4/30/1992,1992121,29,27,26.9,23.2,37.5,12.6,12.6,79,14.3,180.18,236.25,41.5,60.3,181,118,75,385,16.46464646,22.07070707,12.89473684,3.939393939,8.03030303,2.134502924,2.222222222,55.55555556,-47.22222222,2.7432,1.4224,7.5184,18.92857143,7.103174603,42.22222222,2.032,20.62962963,7.037037037,57.5,1.7018
1992,VW,WEGO92,VW WEGO92,F,5/27/1992,1992148,4/30/1992,1992121,29,27,27.3,24.8,38.8,13.4,12.4,79.4,14,173.6,250.26,40.6,59.1,193,123,80,350,16.46464646,22.07070707,12.89473684,3.939393939,8.03030303,2.134502924,2.222222222,55.55555556,-47.22222222,2.7432,1.4224,7.5184,18.92857143,7.103174603,42.22222222,2.032,20.62962963,7.037037037,57.5,1.7018
1992,doa,WILG92,doa WILG92,U,6/2/1992,1992154,5/6/1992,1992127,28,27,27.4,23.3,35.6,14.2,12.2,79.6,12.3,150.06,234.96,44,58.1,185,127,80,406,19.14141414,20.80808081,15,6.616161616,5.808080808,4.269005848,31.66666667,36.38888889,-6.944444444,1.4986,1.5494,7.6962,23.69047619,7.896825397,81.11111111,1.5748,21.25925926,6.814814815,60.55555556,2.3876
1992,II,WILG92,II WILG92,U,6/2/1992,1992154,5/6/1992,1992127,28,27,27,25.9,39.3,14.3,13.8,86.4,13.4,184.92,276.0825,47.1,63.6,190,128,69,440,19.14141414,20.80808081,15,6.616161616,5.808080808,4.269005848,31.66666667,36.38888889,-6.944444444,1.4986,1.5494,7.6962,23.69047619,7.896825397,81.11111111,1.5748,21.25925926,6.814814815,60.55555556,2.3876
1992,JH,WILG92,JH WILG92,U,6/2/1992,1992154,5/6/1992,1992127,28,27,26.9,25,38.5,14.3,13.8,82.5,13.5,186.3,270.4625,44,62.5,185,122,72,465,19.14141414,20.80808081,15,6.616161616,5.808080808,4.269005848,31.66666667,36.38888889,-6.944444444,1.4986,1.5494,7.6962,23.69047619,7.896825397,81.11111111,1.5748,21.25925926,6.814814815,60.55555556,2.3876
1992,KG,WILG92,KG WILG92,U,6/2/1992,1992154,5/7/1992,1992128,28,26,26.2,24,37.1,14.6,13.9,79.9,13.1,182.09,264.3375,42.8,63.1,179,112,61,450,19.8989899,20.15151515,15.1754386,7.424242424,4.747474747,4.152046784,40.27777778,26.94444444,-6.388888889,1.143,1.9304,7.4676,22.85714286,7.420634921,71.94444444,1.9558,20.25925926,6,46.94444444,2.794
1992,EN,WILO92,EN WILO92,U,5/26/1992,1992147,4/28/1992,1992119,28,28,27.8,25.6,38.3,12.4,12.8,80.6,12.7,162.56,241.29,42.3,61.2,195,131,85,440,15.65656566,20.75757576,12.57309942,2.525252525,8.484848485,2.105263158,-10,50.83333333,-50.55555556,2.4638,1.7018,7.8994,18.96825397,6.071428571,35.27777778,3.0226,18.77777778,6.666666667,40.83333333,2.0828
1992,FM,WILO92,FM WILO92,M,5/26/1992,1992147,4/28/1992,1992119,28,28,28,22.8,35.3,13.2,12.4,79.6,12.5,155,225.92,44.3,62.2,192,136,86,435,15.65656566,20.75757576,12.57309942,2.525252525,8.484848485,2.105263158,-10,50.83333333,-50.55555556,2.4638,1.7018,7.8994,18.96825397,6.071428571,35.27777778,3.0226,18.77777778,6.666666667,40.83333333,2.0828
1992,HK,WILO92,HK WILO92,U,5/26/1992,1992147,4/29/1992,1992120,28,27,26.9,23.6,35.4,13,13,77.1,11.8,153.4,230.1,41.7,59.5,178,124,70,432,15.85858586,21.46464646,12.69005848,3.181818182,8.232323232,2.076023392,-5.277777778,53.33333333,-49.72222222,2.7432,1.4224,7.8994,18.37301587,6.388888889,33.33333333,1.7526,19.48148148,6.962962963,48.33333333,2.0828
1992,AR,WINK92,AR WINK92,M,5/25/1992,1992146,4/27/1992,1992118,28,28,28.1,26,38.5,12,13.8,83.2,12.5,172.5,248.325,44.7,65,196,140,85,425,14.7979798,20.90909091,12.33918129,2.070707071,8.737373737,1.900584795,-17.22222222,53.05555556,-54.72222222,2.4638,1.651,7.8994,18.80952381,5.793650794,32.22222222,2.9972,18.7037037,6.888888889,41.94444444,2.2606
1992,WW,WINK92,WW WINK92,U,5/25/1992,1992146,4/28/1992,1992119,28,27,27.4,24.4,36.4,12.1,11.9,76.6,12,142.8,218.4,40.2,59.7,180,128,80,355,15.65656566,20.75757576,12.57309942,2.525252525,8.484848485,2.105263158,-10,50.83333333,-50.55555556,2.4638,1.7018,7.8994,18.96825397,6.071428571,35.27777778,3.0226,18.77777778,6.666666667,40.83333333,2.0828
1992,XV,WINK92,XV WINK92,U,5/25/1992,1992146,4/29/1992,1992120,28,26,26.1,23.8,34.6,12.7,12.1,75,10.8,130.68,214.52,40.4,57.2,167,105,64,315,15.85858586,21.46464646,12.69005848,3.181818182,8.232323232,2.076023392,-5.277777778,53.33333333,-49.72222222,2.7432,1.4224,7.8994,18.37301587,6.388888889,33.33333333,1.7526,19.48148148,6.962962963,48.33333333,2.0828
1992,YU,WINK92,YU WINK92,U,5/25/1992,1992146,4/27/1992,1992118,28,28,28.4,25,38.4,12.1,13.4,81.6,13.4,179.56,244.8,43.2,63.2,202,142,90,435,14.7979798,20.90909091,12.33918129,2.070707071,8.737373737,1.900584795,-17.22222222,53.05555556,-54.72222222,2.4638,1.651,7.8994,18.80952381,5.793650794,32.22222222,2.9972,18.7037037,6.888888889,41.94444444,2.2606
1992,ZT,WINK92,ZT WINK92,U,5/25/1992,1992146,4/26/1992,1992117,28,29,28.6,24.3,36.2,11.8,12,78.3,11.9,142.8,215.39,42.1,60.1,192,146,90,350,14.39393939,19.8989899,12.83625731,2.373737374,7.424242424,2.16374269,-17.77777778,40.27777778,-47.5,3.2766,1.143,8.0264,18.57142857,5.555555556,28.88888889,3.2258,18.92592593,6.481481481,40.55555556,3.048
1993,MD,ALOT93,MD ALOT93,U,5/25/1993,1993145,4/28/1993,1993118,26,27,27,23.1,35.4,13.1,13.1,76.8,12.3,161.13,231.87,41.4,59.9,190,123,75,420,20.45454545,21.81818182,12.60233918,6.565656566,5.555555556,2.076023392,38.61111111,40.55555556,-50.55555556,1.7272,0.6604,19.4056,23.05555556,7.182539683,71.66666667,2.0066,21.33333333,6.259259259,56.94444444,2.3876
1993,BN,BROW93,BN BROW93,U,5/25/1993,1993145,4/28/1993,1993118,29,27,26.8,24.1,36.7,13.9,13.6,79.7,12.6,171.36,252.3125,43,62.6,190,119,71,455,20.45454545,21.81818182,12.60233918,6.565656566,5.555555556,2.076023392,38.61111111,40.55555556,-50.55555556,1.7272,0.6604,19.4056,23.05555556,7.182539683,71.66666667,2.0066,21.33333333,6.259259259,56.94444444,2.3876
1993,CM,BROW93,CM BROW93,U,5/25/1993,1993145,4/28/1993,1993118,29,27,26.6,22.9,36.1,13.6,13.5,76.4,13.2,178.2,244.5775,40.3,61.8,183,113,71,435,20.45454545,21.81818182,12.60233918,6.565656566,5.555555556,2.076023392,38.61111111,40.55555556,-50.55555556,1.7272,0.6604,19.4056,23.05555556,7.182539683,71.66666667,2.0066,21.33333333,6.259259259,56.94444444,2.3876
1993,DL,BROW93,DL BROW93,U,5/25/1993,1993145,4/28/1993,1993118,29,27,27.4,23.4,36.4,13.4,12.6,79.2,13,163.8,236.6,42.8,58.9,188,126,82,420,20.45454545,21.81818182,12.60233918,6.565656566,5.555555556,2.076023392,38.61111111,40.55555556,-50.55555556,1.7272,0.6604,19.4056,23.05555556,7.182539683,71.66666667,2.0066,21.33333333,6.259259259,56.94444444,2.3876
1993,AO,BYWY93,AO BYWY93,U,5/25/1993,1993145,4/29/1993,1993119,27,26,26.3,25.8,38.7,13.3,12,80.3,12.9,154.8,244.7775,41.6,56.6,176,122,55,340,21.71717172,20.95959596,12.77777778,7.272727273,5.707070707,1.988304094,49.44444444,36.66666667,-49.72222222,1.7272,1.6002,19.0754,22.3015873,6.706349206,63.05555556,2.0574,21,5.814814815,51.11111111,2.8956
1993,AN,CARD93,AN CARD93,U,5/27/1993,1993147,5/2/1993,1993122,26,25,24.9,20.6,33.4,13.2,12,72.4,12.8,153.6,210.42,39,52.2,136,89,35,270,23.28282828,17.57575758,15.1754386,7.373737374,3.98989899,2.953216374,58.61111111,8.611111111,-17.77777778,1.7272,1.6764,13.1826,20.87301587,5.317460317,43.33333333,1.6002,20.18518519,4.888888889,38.05555556,1.6764
1993,BM,CARD93,BM CARD93,U,5/27/1993,1993147,5/1/1993,1993121,26,26,25.8,20.7,32.6,12.3,12.3,72,11.9,146.37,200.49,39.4,51.5,158,106,55,320,22.72727273,18.68686869,14.29824561,7.171717172,4.595959596,2.894736842,54.44444444,18.05555556,-26.66666667,1.7272,1.6764,13.6652,21.38888889,5.714285714,49.72222222,1.9558,20.07407407,4.888888889,37.22222222,1.6764
1993,YQ,CARD93,YQ CARD93,U,5/27/1993,1993147,5/1/1993,1993121,26,26,25.5,20.7,31.7,13.6,12.6,71.3,11,138.6,207.635,39.6,51.4,150,107,43,335,22.72727273,18.68686869,14.29824561,7.171717172,4.595959596,2.894736842,54.44444444,18.05555556,-26.66666667,1.7272,1.6764,13.6652,21.38888889,5.714285714,49.72222222,1.9558,20.07407407,4.888888889,37.22222222,1.6764
1993,ZP,CARD93,ZP CARD93,M,5/27/1993,1993147,4/30/1993,1993120,26,27,26.5,23.5,35.7,13.1,13.3,78.1,12.2,162.26,235.62,42.4,59.4,172,117,65,445,22.22222222,19.84848485,13.47953216,7.272727273,5.303030303,2.543859649,52.22222222,28.33333333,-37.77777778,1.7272,1.6256,13.6652,21.9047619,6.19047619,56.66666667,2.0574,20.40740741,5.037037037,40.83333333,1.6256
1993,EK,HABL93,EK HABL93,M,5/25/1993,1993145,4/28/1993,1993118,25,27,26.8,23.6,38.8,13.9,12.2,79.4,15.2,185.44,253.17,40.6,62.9,182,118,72,435,20.45454545,21.81818182,12.60233918,6.565656566,5.555555556,2.076023392,38.61111111,40.55555556,-50.55555556,1.7272,0.6604,19.4056,23.05555556,7.182539683,71.66666667,2.0066,21.33333333,6.259259259,56.94444444,2.3876
1993,FJ,HABL93,FJ HABL93,U,5/25/1993,1993145,4/28/1993,1993118,25,27,26.5,23.2,35.9,14.3,13.3,80.8,12.7,168.91,247.71,44.9,64.2,178,116,68,475,20.45454545,21.81818182,12.60233918,6.565656566,5.555555556,2.076023392,38.61111111,40.55555556,-50.55555556,1.7272,0.6604,19.4056,23.05555556,7.182539683,71.66666667,2.0066,21.33333333,6.259259259,56.94444444,2.3876
1993,GI,HABL93,GI HABL93,M,5/25/1993,1993145,4/30/1993,1993120,25,25,25.3,22.3,35.1,13.7,12.9,77.8,12.8,165.12,233.415,42.7,61.9,162,96,44,395,22.22222222,19.84848485,13.47953216,7.272727273,5.303030303,2.543859649,52.22222222,28.33333333,-37.77777778,1.7272,1.6256,13.6652,21.9047619,6.19047619,56.66666667,2.0574,20.40740741,5.037037037,40.83333333,1.6256
1993,HH,HABL93,HH HABL93,M,5/25/1993,1993145,4/29/1993,1993119,25,26,26.2,23.1,36,13.2,13.2,79.3,12.9,170.28,237.6,43.3,62.9,175,107,65,455,21.71717172,20.95959596,12.77777778,7.272727273,5.707070707,1.988304094,49.44444444,36.66666667,-49.72222222,1.7272,1.6002,19.0754,22.3015873,6.706349206,63.05555556,2.0574,21,5.814814815,51.11111111,2.8956
1993,IG,HABL93,IG HABL93,U,5/25/1993,1993145,4/28/1993,1993118,25,27,26.8,23.6,36.6,14,13.3,79.7,13,172.9,249.795,43.1,62,186,119,71,480,20.45454545,21.81818182,12.60233918,6.565656566,5.555555556,2.076023392,38.61111111,40.55555556,-50.55555556,1.7272,0.6604,19.4056,23.05555556,7.182539683,71.66666667,2.0066,21.33333333,6.259259259,56.94444444,2.3876
1993,AP,HART93,AP HART93,M,5/24/1993,1993144,4/28/1993,1993118,26,26,26.4,23.5,38,13.7,12.9,79.4,14.5,187.05,252.7,41.4,64.3,180,112,67,440,20.45454545,21.81818182,12.60233918,6.565656566,5.555555556,2.076023392,38.61111111,40.55555556,-50.55555556,1.7272,0.6604,19.4056,23.05555556,7.182539683,71.66666667,2.0066,21.33333333,6.259259259,56.94444444,2.3876
1993,EL,HART93,EL HART93,U,5/24/1993,1993144,4/28/1993,1993118,26,26,25.9,21.7,34.7,13.3,12.4,77.5,13,161.2,222.9475,42.8,62.8,177,110,52,405,20.45454545,21.81818182,12.60233918,6.565656566,5.555555556,2.076023392,38.61111111,40.55555556,-50.55555556,1.7272,0.6604,19.4056,23.05555556,7.182539683,71.66666667,2.0066,21.33333333,6.259259259,56.94444444,2.3876
1993,FK,HART93,FK HART93,U,5/24/1993,1993144,4/27/1993,1993117,26,27,26.5,23.3,36.3,13.4,13.9,78.5,13,180.7,247.7475,42.2,63.2,178,117,67,450,19.74747475,21.91919192,12.98245614,6.111111111,4.949494949,2.280701754,32.22222222,37.77777778,-45,1.8796,0.3302,19.4056,22.6984127,6.626984127,65.27777778,1.8288,22,6.592592593,64.44444444,2.0574
1993,GJ,HART93,GJ HART93,U,5/24/1993,1993144,4/29/1993,1993119,26,25,25.3,20,34.8,12.5,12,72.4,14.8,177.6,213.15,37.6,58.9,152,91,50,360,21.71717172,20.95959596,12.77777778,7.272727273,5.707070707,1.988304094,49.44444444,36.66666667,-49.72222222,1.7272,1.6002,19.0754,22.3015873,6.706349206,63.05555556,2.0574,21,5.814814815,51.11111111,2.8956
1993,PZ,HOME93,PZ HOME93,U,5/27/1993,1993147,5/1/1993,1993121,25,26,25.6,23,35.2,13.9,12.8,78.1,12.2,156.16,234.96,42.9,61,158,102,53,392,22.72727273,18.68686869,14.29824561,7.171717172,4.595959596,2.894736842,54.44444444,18.05555556,-26.66666667,1.7272,1.6764,13.6652,21.38888889,5.714285714,49.72222222,1.9558,20.07407407,4.888888889,37.22222222,1.6764
1993,QY,HOME93,QY HOME93,U,5/27/1993,1993147,5/1/1993,1993121,25,26,25.8,24,35.6,13,12.9,77.9,11.6,149.64,230.51,42.3,62.5,158,107,55,375,22.72727273,18.68686869,14.29824561,7.171717172,4.595959596,2.894736842,54.44444444,18.05555556,-26.66666667,1.7272,1.6764,13.6652,21.38888889,5.714285714,49.72222222,1.9558,20.07407407,4.888888889,37.22222222,1.6764
1993,RX,HOME93,RX HOME93,U,5/27/1993,1993147,5/2/1993,1993122,25,25,24.7,23,34.2,14,13.2,74.4,11.2,147.84,232.56,40.2,62.8,145,79,35,430,23.28282828,17.57575758,15.1754386,7.373737374,3.98989899,2.953216374,58.61111111,8.611111111,-17.77777778,1.7272,1.6764,13.1826,20.87301587,5.317460317,43.33333333,1.6002,20.18518519,4.888888889,38.05555556,1.6764
1993,SW,HOME93,SW HOME93,U,5/27/1993,1993147,5/2/1993,1993122,25,25,25.4,21,31.4,13,12.6,72.6,10.4,131.04,200.96,41.2,61.9,153,97,49,355,23.28282828,17.57575758,15.1754386,7.373737374,3.98989899,2.953216374,58.61111111,8.611111111,-17.77777778,1.7272,1.6764,13.1826,20.87301587,5.317460317,43.33333333,1.6002,20.18518519,4.888888889,38.05555556,1.6764
1993,TV,HOME93,TV HOME93,U,5/27/1993,1993147,5/2/1993,1993122,25,25,25.4,23.1,35.2,13.5,12.7,77.2,12.1,153.67,230.56,42,60.5,156,98,49,360,23.28282828,17.57575758,15.1754386,7.373737374,3.98989899,2.953216374,58.61111111,8.611111111,-17.77777778,1.7272,1.6764,13.1826,20.87301587,5.317460317,43.33333333,1.6002,20.18518519,4.888888889,38.05555556,1.6764
1993,UU,HOME93,UU HOME93,U,5/27/1993,1993147,5/2/1993,1993122,25,25,24.8,23.1,33.8,13.6,12.7,77.1,10.7,135.89,222.235,43.3,62.3,147,81,39,405,23.28282828,17.57575758,15.1754386,7.373737374,3.98989899,2.953216374,58.61111111,8.611111111,-17.77777778,1.7272,1.6764,13.1826,20.87301587,5.317460317,43.33333333,1.6002,20.18518519,4.888888889,38.05555556,1.6764
1993,QK,KAYS93,QK KAYS93,U,5/20/1993,1993140,4/23/1993,1993113,29,27,26.7,24,36.1,13.2,12.6,80.2,12.1,152.46,232.845,44.1,59.3,176,123,65,380,16.51515152,23.03030303,12.01754386,2.97979798,7.222222222,1.34502924,-2.777777778,56.38888889,-63.05555556,3.937,1.7272,17.1196,21.86507937,6.746031746,60.27777778,1.7272,22.88888889,6.888888889,73.33333333,1.7272
1993,RJ,KAYS93,RJ KAYS93,U,5/20/1993,1993140,4/22/1993,1993112,29,28,27.7,25,37.3,13.5,12.7,79.9,12.3,156.21,244.315,42.6,61.6,188,131,83,370,15.25252525,24.04040404,12.10526316,2.424242424,7.777777778,1.286549708,-12.77777778,65,-62.77777778,4.953,1.7272,15.4686,20.1984127,5.634920635,40.83333333,1.8796,23.33333333,7.259259259,79.44444444,1.7272
1993,SI,KAYS93,SI KAYS93,F,5/20/1993,1993140,4/23/1993,1993113,29,27,27,24.6,37.2,12.5,12.8,79.4,12.6,161.28,235.29,42.2,60.5,182,124,73,395,16.51515152,23.03030303,12.01754386,2.97979798,7.222222222,1.34502924,-2.777777778,56.38888889,-63.05555556,3.937,1.7272,17.1196,21.86507937,6.746031746,60.27777778,1.7272,22.88888889,6.888888889,73.33333333,1.7272
1993,NN,KLIN93,NN KLIN93,U,5/19/1993,1993139,4/23/1993,1993113,25,26,25.7,23.2,37.6,14.1,13.5,79.8,14.4,194.4,259.44,42.2,62,164,105,52,420,16.51515152,23.03030303,12.01754386,2.97979798,7.222222222,1.34502924,-2.777777778,56.38888889,-63.05555556,3.937,1.7272,17.1196,21.86507937,6.746031746,60.27777778,1.7272,22.88888889,6.888888889,73.33333333,1.7272
1993,OM,KLIN93,OM KLIN93,U,5/19/1993,1993139,4/24/1993,1993114,25,25,24.6,19.8,32.8,13.7,12.5,72.5,13,162.5,214.84,39.7,58.6,135,76,35,385,18.58585859,22.82828283,12.63157895,4.090909091,6.717171717,1.608187135,14.72222222,52.5,-54.72222222,2.286,1.8288,17.4498,23.0952381,7.420634921,73.61111111,1.7272,22.66666667,6.518518519,68.88888889,1.8288
1993,PL,KLIN93,PL KLIN93,U,5/19/1993,1993139,4/24/1993,1993114,25,25,25.3,21.5,33.6,13.8,12.9,75.4,12.1,156.09,224.28,41.8,58.6,154,94,49,410,18.58585859,22.82828283,12.63157895,4.090909091,6.717171717,1.608187135,14.72222222,52.5,-54.72222222,2.286,1.8288,17.4498,23.0952381,7.420634921,73.61111111,1.7272,22.66666667,6.518518519,68.88888889,1.8288
1993,EW,KNOL93,EW KNOL93,U,5/17/1993,1993137,4/21/1993,1993111,24,26,25.6,23.4,37.7,14.8,13.7,80.8,14.3,195.91,268.6125,43.1,60.4,155,99,53,420,15.70707071,23.28282828,11.8128655,3.282828283,7.373737374,1.228070175,-5.555555556,58.61111111,-66.11111111,6.7818,1.7272,14.9352,20.03968254,5.714285714,40.27777778,3.4798,22.2962963,6.777777778,68.05555556,1.7272
1993,FV,KNOL93,FV KNOL93,U,5/17/1993,1993137,4/22/1993,1993112,24,25,25.3,23,34.8,14,12.5,75.5,11.8,147.5,230.55,40.7,62.2,149,94,47,380,15.25252525,24.04040404,12.10526316,2.424242424,7.777777778,1.286549708,-12.77777778,65,-62.77777778,4.953,1.7272,15.4686,20.1984127,5.634920635,40.83333333,1.8796,23.33333333,7.259259259,79.44444444,1.7272
1993,GU,KNOL93,GU KNOL93,U,5/17/1993,1993137,4/21/1993,1993111,24,26,26,21.6,32.1,12.8,12,75.9,10.5,126,199.02,43.8,60.1,154,105,61,360,15.70707071,23.28282828,11.8128655,3.282828283,7.373737374,1.228070175,-5.555555556,58.61111111,-66.11111111,6.7818,1.7272,14.9352,20.03968254,5.714285714,40.27777778,3.4798,22.2962963,6.777777778,68.05555556,1.7272
1993,HG,KRUM93,HG KRUM93,U,6/3/1993,1993154,5/8/1993,1993128,26,26,25.6,23,36.4,15,13.7,78.8,13.4,183.58,261.17,42.4,59.9,159,102,53,440,21.91919192,18.78787879,17.80701754,4.949494949,6.464646465,4.941520468,37.77777778,28.88888889,26.11111111,0.3302,1.8796,8.509,18.57142857,5.079365079,25.55555556,1.8542,18.88888889,6.037037037,36.94444444,2.2098
1993,IF,KRUM93,IF KRUM93,U,6/3/1993,1993154,5/8/1993,1993128,26,26,25.6,23,34.2,14.5,13.2,77,11.2,147.84,236.835,42.8,59.2,167,102,50,405,21.91919192,18.78787879,17.80701754,4.949494949,6.464646465,4.941520468,37.77777778,28.88888889,26.11111111,0.3302,1.8796,8.509,18.57142857,5.079365079,25.55555556,1.8542,18.88888889,6.037037037,36.94444444,2.2098
1993,KD,LIBE93,KD LIBE93,F,6/7/1993,1993158,5/11/1993,1993131,25,27,26.8,21.6,32.7,12.7,12,75.4,11.1,133.2,201.9225,42.7,61.5,175,120,71,375,19.84848485,19.44444444,19.26900585,5.303030303,6.565656566,5.263157895,28.33333333,33.05555556,43.05555556,1.6256,1.5748,5.6642,18.73015873,5.992063492,33.05555556,2.1082,18.2962963,6.185185185,33.61111111,2.8702
1993,LC,LIBE93,LC LIBE93,F,6/7/1993,1993158,5/12/1993,1993132,25,26,26,21.4,34.1,12.8,12.5,74.7,12.7,158.75,215.6825,40.6,58.3,163,105,61,335,18.68686869,19.19191919,20.73099415,4.595959596,6.616161616,5.643274854,18.05555556,31.94444444,60.55555556,1.6764,1.524,4.0132,18.13492063,5.436507937,25,1.9304,18.07407407,6.111111111,31.38888889,2.8702
1993,MB,LIBE93,MB LIBE93,U,6/7/1993,1993158,5/13/1993,1993133,25,25,25,18.1,27.3,12.7,11.8,66.8,9.2,108.56,167.2125,39.5,53.3,145,87,42,275,17.57575758,19.39393939,21.43274854,3.98989899,6.919191919,5.906432749,8.611111111,34.72222222,69.72222222,1.6764,1.524,3.683,18.49206349,6.071428571,31.94444444,1.8796,18.40740741,5.888888889,32.22222222,2.54
1993,NA,LIBE93,NA LIBE93,U,6/7/1993,1993158,5/13/1993,1993133,25,25,24.6,19.7,32.5,13.1,12,69.9,12.8,153.6,203.9375,37.4,55.8,133,77,33,245,17.57575758,19.39393939,21.43274854,3.98989899,6.919191919,5.906432749,8.611111111,34.72222222,69.72222222,1.6764,1.524,3.683,18.49206349,6.071428571,31.94444444,1.8796,18.40740741,5.888888889,32.22222222,2.54
1993,CL,LISH93,CL LISH93,U,6/1/1993,1993152,5/6/1993,1993126,26,26,26,23.9,39.3,12.5,14.2,79.1,15.4,218.68,262.3275,39.8,62.4,172,116,69,440,23.08080808,17.67676768,17.01754386,6.212121212,5.353535354,4.795321637,51.11111111,16.66666667,17.22222222,1.5748,1.651,9.271,19.6031746,5,32.22222222,1.8034,18.62962963,5.259259259,29.16666667,1.9304
1993,DK,LISH93,DK LISH93,F,6/1/1993,1993152,5/6/1993,1993126,26,26,26,22.4,33.7,12.4,13.4,74.6,11.3,151.42,217.365,40.9,59.2,165,103,52,345,23.08080808,17.67676768,17.01754386,6.212121212,5.353535354,4.795321637,51.11111111,16.66666667,17.22222222,1.5748,1.651,9.271,19.6031746,5,32.22222222,1.8034,18.62962963,5.259259259,29.16666667,1.9304
1993,GH,LYDL93,GH LYDL93,U,6/2/1993,1993153,5/4/1993,1993124,30,29,28.6,25,37.6,12,13.7,79,12.6,172.62,241.58,41.4,57.9,207,146,90,375,23.03030303,18.03030303,16.57894737,7.222222222,5.454545455,4.152046784,56.38888889,19.16666667,6.944444444,1.7272,1.8542,13.1572,20.47619048,5.198412698,39.72222222,1.6764,19.81481481,5.555555556,40.27777778,1.8542
1993,JF,MANN93,JF MANN93,U,5/25/1993,1993145,4/29/1993,1993119,28,26,25.7,21.4,32.8,11.4,12.6,73.7,11.4,143.64,196.8,40.9,53.6,177,101,55,340,21.71717172,20.95959596,12.77777778,7.272727273,5.707070707,1.988304094,49.44444444,36.66666667,-49.72222222,1.7272,1.6002,19.0754,22.3015873,6.706349206,63.05555556,2.0574,21,5.814814815,51.11111111,2.8956
1993,KE,MANN93,KE MANN93,U,5/26/1993,1993146,4/30/1993,1993120,28,26,25.7,22.7,36.4,13.3,12.7,76.3,13.7,173.99,236.6,39.9,53.7,170,108,49,340,22.22222222,19.84848485,13.47953216,7.272727273,5.303030303,2.543859649,52.22222222,28.33333333,-37.77777778,1.7272,1.6256,13.6652,21.9047619,6.19047619,56.66666667,2.0574,20.40740741,5.037037037,40.83333333,1.6256
1993,LD,MANN93,LD MANN93,U,5/26/1993,1993146,4/30/1993,1993120,28,26,25.8,22.1,33.8,13.4,12.4,74.7,11.7,145.08,218.01,40.9,57.6,165,107,54,340,22.22222222,19.84848485,13.47953216,7.272727273,5.303030303,2.543859649,52.22222222,28.33333333,-37.77777778,1.7272,1.6256,13.6652,21.9047619,6.19047619,56.66666667,2.0574,20.40740741,5.037037037,40.83333333,1.6256
1993,CN,PARP93,CN PARP93,U,5/21/1993,1993141,4/26/1993,1993116,24,25,25.1,20.3,31.3,12.6,12.5,72.8,11,137.5,196.4075,41.5,59,152,88,46,355,19.8989899,22.32323232,13.4502924,6.212121212,5,2.426900585,33.61111111,40.27777778,-39.16666667,3.4798,0.3302,19.2532,22.77777778,6.507936508,65,1.7272,22.48148148,6.666666667,68.61111111,2.0574
1993,DM,PARP93,DM PARP93,U,5/21/1993,1993141,4/26/1993,1993116,24,25,25,20,32.2,11.6,12.4,73.9,12.2,151.28,193.2,41.7,56.4,146,93,38,330,19.8989899,22.32323232,13.4502924,6.212121212,5,2.426900585,33.61111111,40.27777778,-39.16666667,3.4798,0.3302,19.2532,22.77777778,6.507936508,65,1.7272,22.48148148,6.666666667,68.61111111,2.0574
1993,YC,PARP93,YC PARP93,U,5/21/1993,1993141,4/26/1993,1993116,24,25,24.7,20.6,33.4,13.6,11.8,73.8,12.8,151.04,212.09,40.4,57.7,143,81,34,360,19.8989899,22.32323232,13.4502924,6.212121212,5,2.426900585,33.61111111,40.27777778,-39.16666667,3.4798,0.3302,19.2532,22.77777778,6.507936508,65,1.7272,22.48148148,6.666666667,68.61111111,2.0574
1993,ZB,PARP93,ZB PARP93,F,5/21/1993,1993141,4/26/1993,1993116,24,25,25.1,19.5,30.7,12.7,13.1,69.5,11.2,146.72,198.015,38.8,55.9,145,88,45,350,19.8989899,22.32323232,13.4502924,6.212121212,5,2.426900585,33.61111111,40.27777778,-39.16666667,3.4798,0.3302,19.2532,22.77777778,6.507936508,65,1.7272,22.48148148,6.666666667,68.61111111,2.0574
1993,VT,SDON93,VT SDON93,U,5/27/1993,1993147,5/2/1993,1993122,24,25,25.1,20.5,32.3,13.1,12.4,72.3,11.8,146.32,205.9125,40,60.9,144,90,43,405,23.28282828,17.57575758,15.1754386,7.373737374,3.98989899,2.953216374,58.61111111,8.611111111,-17.77777778,1.7272,1.6764,13.1826,20.87301587,5.317460317,43.33333333,1.6002,20.18518519,4.888888889,38.05555556,1.6764
1993,WS,SDON93,WS SDON93,U,5/27/1993,1993147,5/1/1993,1993121,24,26,25.6,22.5,34.6,14.2,14.2,76.5,12.1,171.82,245.66,41.9,62,163,100,55,475,22.72727273,18.68686869,14.29824561,7.171717172,4.595959596,2.894736842,54.44444444,18.05555556,-26.66666667,1.7272,1.6764,13.6652,21.38888889,5.714285714,49.72222222,1.9558,20.07407407,4.888888889,37.22222222,1.6764
1993,XR,SDON93,XR SDON93,U,5/27/1993,1993147,5/1/1993,1993121,24,26,25.6,20.7,32.9,12.8,12.4,73.6,12.2,151.28,207.27,40.7,62,161,104,51,445,22.72727273,18.68686869,14.29824561,7.171717172,4.595959596,2.894736842,54.44444444,18.05555556,-26.66666667,1.7272,1.6764,13.6652,21.38888889,5.714285714,49.72222222,1.9558,20.07407407,4.888888889,37.22222222,1.6764
1993,PY,SEC293,PY SEC293,U,6/18/1993,1993169,5/24/1993,1993144,25,25,24.5,18.4,31.7,12.8,11.4,69.5,13.3,151.62,191.785,37.8,53,129,78,29,250,19.39393939,22.62626263,20.26315789,6.919191919,10.45454545,5.263157895,34.72222222,71.94444444,52.5,1.524,2.4384,3.0988,19.96031746,8.571428571,59.72222222,3.6068,21.11111111,9.259259259,77.77777778,3.429
1993,QX,SEC293,QX SEC293,U,6/18/1993,1993169,5/25/1993,1993145,25,24,24.4,19.6,31,13.6,11.7,69.1,11.4,133.38,196.075,38.1,52.7,125,75,27,250,19.04040404,23.48484848,20.26315789,7.02020202,10.70707071,5.292397661,33.33333333,78.05555556,52.77777778,1.397,2.4384,1.8542,19.8015873,8.412698413,57.5,3.429,21.7037037,9.481481481,83.88888889,3.429
1993,IS,STAD93,IS STAD93,U,5/18/1993,1993138,4/22/1993,1993112,25,26,26,23.5,35.2,14.5,13.9,77.8,11.7,162.63,249.92,42.6,59.2,165,110,56,400,15.25252525,24.04040404,12.10526316,2.424242424,7.777777778,1.286549708,-12.77777778,65,-62.77777778,4.953,1.7272,15.4686,20.1984127,5.634920635,40.83333333,1.8796,23.33333333,7.259259259,79.44444444,1.7272
1993,JR,STAD93,JR STAD93,U,5/18/1993,1993138,4/23/1993,1993113,25,25,25.1,20.3,31.8,13.9,12.3,73.7,11.5,141.45,208.29,41.9,57.3,154,93,43,350,16.51515152,23.03030303,12.01754386,2.97979798,7.222222222,1.34502924,-2.777777778,56.38888889,-63.05555556,3.937,1.7272,17.1196,21.86507937,6.746031746,60.27777778,1.7272,22.88888889,6.888888889,73.33333333,1.7272
1993,KQ,STAD93,KQ STAD93,U,5/18/1993,1993138,4/22/1993,1993112,25,26,25.8,21.3,33.5,12.9,12.6,73,12.2,153.72,213.5625,39.5,57.5,160,105,57,445,15.25252525,24.04040404,12.10526316,2.424242424,7.777777778,1.286549708,-12.77777778,65,-62.77777778,4.953,1.7272,15.4686,20.1984127,5.634920635,40.83333333,1.8796,23.33333333,7.259259259,79.44444444,1.7272
1993,TH,SWEG93,TH SWEG93,F,5/20/1993,1993140,4/25/1993,1993115,24,25,25.2,21.2,31.8,13.1,12.1,71,10.6,128.26,200.34,39.2,56.9,146,90,48,340,19.24242424,23.08080808,12.89473684,5.353535354,6.212121212,1.929824561,25.27777778,51.11111111,-49.16666667,2.3876,1.5748,17.653,23.53174603,7.380952381,76.38888889,1.7272,22.74074074,6.740740741,71.11111111,2.0066
1993,UG,SWEG93,UG SWEG93,U,5/20/1993,1993140,4/25/1993,1993115,24,25,25.4,20.2,31.9,12.2,12,72.8,11.7,140.4,192.995,40.9,56.3,163,97,50,330,19.24242424,23.08080808,12.89473684,5.353535354,6.212121212,1.929824561,25.27777778,51.11111111,-49.16666667,2.3876,1.5748,17.653,23.53174603,7.380952381,76.38888889,1.7272,22.74074074,6.740740741,71.11111111,2.0066
1993,EJ,TORG93,EJ TORG93,U,6/1/1993,1993152,5/6/1993,1993126,28,26,25.7,24.4,36.8,14.5,13.8,79.8,12.4,171.12,260.36,43,60.7,162,105,50,290,23.08080808,17.67676768,17.01754386,6.212121212,5.353535354,4.795321637,51.11111111,16.66666667,17.22222222,1.5748,1.651,9.271,19.6031746,5,32.22222222,1.8034,18.62962963,5.259259259,29.16666667,1.9304
1993,FI,TORG93,FI TORG93,U,6/1/1993,1993152,5/5/1993,1993125,28,27,26.5,23.5,37.3,13.4,12.8,76.3,13.8,176.64,244.315,39,58.8,176,122,61,320,22.82828283,18.03030303,16.5497076,6.717171717,5.404040404,4.385964912,52.5,18.88888889,8.888888889,1.8288,1.7526,12.2936,19.84126984,4.841269841,32.77777778,1.6764,19.22222222,5.222222222,33.33333333,1.8542
1993,W-3,TORG93,W-3 TORG93,U,5/29/1993,1993149,5/4/1993,1993124,25,25,24.8,22,32.5,13.4,13.2,73,10.5,138.6,216.125,40.5,57.4,140,86,34,288,23.03030303,18.03030303,16.57894737,7.222222222,5.454545455,4.152046784,56.38888889,19.16666667,6.944444444,1.7272,1.8542,13.1572,20.47619048,5.198412698,39.72222222,1.6764,19.81481481,5.555555556,40.27777778,1.8542
1993,HI,WAHA93,HI WAHA93,U,5/24/1993,1993144,4/28/1993,1993118,26,26,25.5,19.5,31.8,13.1,12.6,71.9,12.3,154.98,204.315,40.1,59.5,151,100,50,380,20.45454545,21.81818182,12.60233918,6.565656566,5.555555556,2.076023392,38.61111111,40.55555556,-50.55555556,1.7272,0.6604,19.4056,23.05555556,7.182539683,71.66666667,2.0066,21.33333333,6.259259259,56.94444444,2.3876
1993,IH,WAHA93,IH WAHA93,U,5/24/1993,1993144,4/27/1993,1993117,26,27,26.8,21.4,34.1,12.2,12.3,73.4,12.7,156.21,208.8625,39.3,58.5,170,119,73,395,19.74747475,21.91919192,12.98245614,6.111111111,4.949494949,2.280701754,32.22222222,37.77777778,-45,1.8796,0.3302,19.4056,22.6984127,6.626984127,65.27777778,1.8288,22,6.592592593,64.44444444,2.0574
1993,JG,WAHA93,JG WAHA93,M,5/24/1993,1993144,4/28/1993,1993118,26,26,26.4,24,37.1,14.8,13.7,81.3,13.1,179.47,264.3375,44.2,62.7,176,118,63,460,20.45454545,21.81818182,12.60233918,6.565656566,5.555555556,2.076023392,38.61111111,40.55555556,-50.55555556,1.7272,0.6604,19.4056,23.05555556,7.182539683,71.66666667,2.0066,21.33333333,6.259259259,56.94444444,2.3876
1993,KF,WAHA93,KF WAHA93,U,5/24/1993,1993144,4/26/1993,1993116,26,28,27.5,24.2,36.4,14,14.1,81.7,12.2,172.02,255.71,45.3,64.3,190,130,81,490,19.8989899,22.32323232,13.4502924,6.212121212,5,2.426900585,33.61111111,40.27777778,-39.16666667,3.4798,0.3302,19.2532,22.77777778,6.507936508,65,1.7272,22.48148148,6.666666667,68.61111111,2.0574
1993,LE,WAHA93,LE WAHA93,U,5/24/1993,1993144,4/27/1993,1993117,26,27,26.6,21.7,34.1,12.9,12,76.7,12.4,148.8,212.2725,42.6,62.7,175,115,69,395,19.74747475,21.91919192,12.98245614,6.111111111,4.949494949,2.280701754,32.22222222,37.77777778,-45,1.8796,0.3302,19.4056,22.6984127,6.626984127,65.27777778,1.8288,22,6.592592593,64.44444444,2.0574
1993,NC,WEGO93,NC WEGO93,M,5/25/1993,1993145,4/29/1993,1993119,25,26,26,21.7,34.6,13.4,13.1,75.1,12.9,168.99,229.225,40.5,61.5,165,108,59,380,21.71717172,20.95959596,12.77777778,7.272727273,5.707070707,1.988304094,49.44444444,36.66666667,-49.72222222,1.7272,1.6002,19.0754,22.3015873,6.706349206,63.05555556,2.0574,21,5.814814815,51.11111111,2.8956
1993,OB,WEGO93,OB WEGO93,U,5/25/1993,1993145,4/28/1993,1993118,25,27,26.7,22.4,34.8,13.6,13.5,78.1,12.4,167.4,235.77,43.3,63,177,123,67,420,20.45454545,21.81818182,12.60233918,6.565656566,5.555555556,2.076023392,38.61111111,40.55555556,-50.55555556,1.7272,0.6604,19.4056,23.05555556,7.182539683,71.66666667,2.0066,21.33333333,6.259259259,56.94444444,2.3876
1993,PA,WEGO93,PA WEGO93,U,5/25/1993,1993145,4/28/1993,1993118,25,27,26.8,21.4,33.5,13,13,75.9,12.1,157.3,217.75,42.4,58.4,177,120,72,360,20.45454545,21.81818182,12.60233918,6.565656566,5.555555556,2.076023392,38.61111111,40.55555556,-50.55555556,1.7272,0.6604,19.4056,23.05555556,7.182539683,71.66666667,2.0066,21.33333333,6.259259259,56.94444444,2.3876
1993,WE,WHIT93,WE WHIT93,U,5/21/1993,1993141,4/24/1993,1993114,30,27,27,22.3,36,13.4,12.6,76.9,13.7,172.62,234,40.9,56.8,194,118,79,370,18.58585859,22.82828283,12.63157895,4.090909091,6.717171717,1.608187135,14.72222222,52.5,-54.72222222,2.286,1.8288,17.4498,23.0952381,7.420634921,73.61111111,1.7272,22.66666667,6.518518519,68.88888889,1.8288
1993,XD,WHIT93,XD WHIT93,U,5/21/1993,1993141,4/24/1993,1993114,30,27,27.1,21,31.8,13,12.2,75.3,10.8,131.76,200.34,43.5,57,176,132,67,300,18.58585859,22.82828283,12.63157895,4.090909091,6.717171717,1.608187135,14.72222222,52.5,-54.72222222,2.286,1.8288,17.4498,23.0952381,7.420634921,73.61111111,1.7272,22.66666667,6.518518519,68.88888889,1.8288
1993,MC,WILG93,MC WILG93,M,5/27/1993,1993147,4/30/1993,1993120,26,27,26.5,25.8,38.5,14.3,13.8,82.2,12.7,175.26,270.4625,43.7,63.3,179,118,65,465,22.22222222,19.84848485,13.47953216,7.272727273,5.303030303,2.543859649,52.22222222,28.33333333,-37.77777778,1.7272,1.6256,13.6652,21.9047619,6.19047619,56.66666667,2.0574,20.40740741,5.037037037,40.83333333,1.6256
1993,NB,WILG93,NB WILG93,U,5/27/1993,1993147,4/30/1993,1993120,26,27,27.4,26.3,39.9,14.6,14.6,85.1,13.6,198.56,291.27,45.2,63.4,195,127,81,480,22.22222222,19.84848485,13.47953216,7.272727273,5.303030303,2.543859649,52.22222222,28.33333333,-37.77777778,1.7272,1.6256,13.6652,21.9047619,6.19047619,56.66666667,2.0574,20.40740741,5.037037037,40.83333333,1.6256
1993,OA,WILG93,OA WILG93,F,5/27/1993,1993147,4/30/1993,1993120,26,27,27.2,25.1,36,13.1,13.2,80.4,10.9,143.88,236.7,44.4,60,187,128,75,410,22.22222222,19.84848485,13.47953216,7.272727273,5.303030303,2.543859649,52.22222222,28.33333333,-37.77777778,1.7272,1.6256,13.6652,21.9047619,6.19047619,56.66666667,2.0574,20.40740741,5.037037037,40.83333333,1.6256
1994,VQ,ALEX94,VQ ALEX94,U,5/20/1994,1994140,4/22/1994,1994112,27,28,27.5,23.3,34.6,13.4,13.3,78.5,11.3,150.29,230.955,43.9,61.8,190,131,80,400,17.82828283,15.15151515,12.30994152,4.292929293,2.474747475,0.614035088,11.66666667,-13.05555556,-67.22222222,3.3782,2.3622,6.858,17.06349206,4.126984127,8.333333333,4.4196,15.22222222,2.814814815,-14.72222222,4.5212
1994,WP,ALEX94,WP ALEX94,U,5/20/1994,1994140,4/24/1994,1994114,27,26,26.1,23.3,35.4,12.4,12.3,77.5,12.1,148.83,218.595,42.1,58.5,167,110,60,340,18.63636364,15.75757576,12.48538012,5.101010101,2.676767677,0.614035088,20.55555556,-8.611111111,-65.55555556,3.3782,2.3622,6.2738,15.31746032,2.936507937,-12.22222222,4.4704,15.2962963,2.407407407,-17.22222222,4.2418
1994,XO,ALEX94,XO ALEX94,U,5/20/1994,1994140,4/23/1994,1994113,27,27,26.8,22.3,32.4,12.6,12.6,78.4,10.1,127.26,204.12,46,61.9,185,122,70,422,18.08080808,15.4040404,12.22222222,4.545454545,2.525252525,0.467836257,14.44444444,-11.38888889,-69.44444444,3.3782,2.3622,6.2738,15.91269841,3.015873016,-7.5,4.3688,15.37037037,2.518518519,-15.83333333,4.4958
1994,LZ,ALOT94,LZ ALOT94,U,5/23/1994,1994143,4/25/1994,1994115,28,28,28.3,24.1,36.4,12.7,13.4,80.7,12.3,164.82,237.51,44.3,61.8,206,143,88,390,18.83838384,15.65656566,13.04093567,5.101010101,3.636363636,0.906432749,21.66666667,-3.888888889,-57.5,3.3782,3.2004,6.6548,15.47619048,2.817460317,-11.94444444,4.4958,15.55555556,2.888888889,-11.66666667,3.3274
1994,FH,BROT94,FH BROT94,U,5/16/1994,1994136,4/20/1994,1994110,28,26,26.3,23.2,35.2,13.3,12.1,77.4,12,145.2,223.52,42.2,62.3,173,114,63,425,17.82828283,14.8989899,12.86549708,3.535353535,2.828282828,1.052631579,7.5,-12.5,-57.77777778,1.4986,4.0894,6.858,18.0952381,5.277777778,23.61111111,4.7498,16.81481481,3.814814815,4.722222222,4.7498
1994,GG,BROT94,GG BROT94,U,5/16/1994,1994136,4/20/1994,1994110,28,26,26.3,25,37.4,14.1,14.2,81.6,12.4,176.08,264.605,44.2,62.6,175,118,57,452,17.82828283,14.8989899,12.86549708,3.535353535,2.828282828,1.052631579,7.5,-12.5,-57.77777778,1.4986,4.0894,6.858,18.0952381,5.277777778,23.61111111,4.7498,16.81481481,3.814814815,4.722222222,4.7498
1994,HF,BROT94,HF BROT94,U,5/16/1994,1994136,4/20/1994,1994110,28,26,25.8,22.5,33,14.2,12.2,77.3,10.5,128.1,217.8,44.3,61.4,170,106,55,415,17.82828283,14.8989899,12.86549708,3.535353535,2.828282828,1.052631579,7.5,-12.5,-57.77777778,1.4986,4.0894,6.858,18.0952381,5.277777778,23.61111111,4.7498,16.81481481,3.814814815,4.722222222,4.7498
1994,IE,BROT94,IE BROT94,U,5/16/1994,1994136,4/20/1994,1994110,28,26,25.9,21.7,34.4,13.2,12.4,76.8,12.7,157.48,220.16,42.4,58.9,169,104,58,390,17.82828283,14.8989899,12.86549708,3.535353535,2.828282828,1.052631579,7.5,-12.5,-57.77777778,1.4986,4.0894,6.858,18.0952381,5.277777778,23.61111111,4.7498,16.81481481,3.814814815,4.722222222,4.7498
1994,WQ,BUCH94,WQ BUCH94,U,5/18/1994,1994138,4/21/1994,1994111,27,27,26.6,22.9,35.5,13.8,13.7,77,12.6,172.62,244.0625,41.5,59,174,115,69,435,17.27272727,15.35353535,12.74853801,3.939393939,2.575757576,1.081871345,6.666666667,-11.38888889,-58.61111111,3.2512,2.4384,6.858,17.14285714,4.841269841,13.88888889,4.2926,16.07407407,2.962962963,-7.222222222,4.4704
1994,XP,BUCH94,XP BUCH94,U,5/18/1994,1994138,4/22/1994,1994112,27,26,25.5,21.2,32.8,12.7,12.4,73.6,11.6,143.84,205.82,40.8,61.1,157,97,52,382,17.82828283,15.15151515,12.30994152,4.292929293,2.474747475,0.614035088,11.66666667,-13.05555556,-67.22222222,3.3782,2.3622,6.858,17.06349206,4.126984127,8.333333333,4.4196,15.22222222,2.814814815,-14.72222222,4.5212
1994,YO,BUCH94,YO BUCH94,U,5/18/1994,1994138,4/22/1994,1994112,27,26,26.2,23.4,34.3,13.8,14,79.2,10.9,152.6,238.385,44.9,62.6,175,112,62,440,17.82828283,15.15151515,12.30994152,4.292929293,2.474747475,0.614035088,11.66666667,-13.05555556,-67.22222222,3.3782,2.3622,6.858,17.06349206,4.126984127,8.333333333,4.4196,15.22222222,2.814814815,-14.72222222,4.5212
1994,OV,BURL94,OV BURL94,M,6/3/1994,1994154,5/8/1994,1994128,26,26,26.2,24.1,37.4,13.5,13.1,78.8,13.3,174.23,248.71,41.4,61.5,169,113,60,410,15.15151515,19.39393939,16.66666667,3.535353535,6.060606061,3.421052632,-7.222222222,30,0.833333333,3.6068,1.6002,4.7498,17.6984127,5.714285714,23.88888889,2.3368,18.25925926,6.074074074,32.5,2.9464
1994,PU,BURL94,PU BURL94,U,6/3/1994,1994154,5/7/1994,1994127,26,27,27,23.5,35.7,12.4,13.2,78.2,12.2,161.04,228.48,42.5,62.7,181,124,73,415,15.3030303,18.53535354,16.6374269,3.686868687,5.757575758,3.187134503,-5.555555556,23.61111111,-1.666666667,3.175,1.9558,3.4798,17.5,4.920634921,16.94444444,1.8288,17.96296296,5.481481481,25.83333333,2.8194
1994,QT,BURL94,QT BURL94,U,6/3/1994,1994154,5/8/1994,1994128,26,26,26.2,24.6,37.8,13.3,13.2,78.7,13.2,174.24,250.425,40.9,61.1,174,115,60,407,15.15151515,19.39393939,16.66666667,3.535353535,6.060606061,3.421052632,-7.222222222,30,0.833333333,3.6068,1.6002,4.7498,17.6984127,5.714285714,23.88888889,2.3368,18.25925926,6.074074074,32.5,2.9464
1994,RS,BURL94,RS BURL94,F,6/3/1994,1994154,5/9/1994,1994129,26,25,25.3,21.7,32.2,11.1,12.2,73.2,10.5,128.1,187.565,41,56.3,147,95,47,353,14.29292929,21.06060606,16.25730994,3.232323232,6.717171717,3.538011696,-13.61111111,42.77777778,-1.944444444,2.3368,1.6002,4.7498,18.29365079,5.833333333,28.88888889,2.8194,18.66666667,6.62962963,39.72222222,2.9464
1994,AJ,DYCE94,AJ DYCE94,U,5/24/1994,1994144,4/27/1994,1994117,28,27,27.1,22.9,36.7,14.1,13.5,79.7,13.8,186.3,253.23,43,59.2,184,128,71,393,17.47474747,15.15151515,15.26315789,4.04040404,3.535353535,2.807017544,8.333333333,-7.222222222,-18.33333333,2.6416,3.6068,5.5626,15.43650794,2.222222222,-16.38888889,2.4892,15.33333333,3.481481481,-8.888888889,3.7084
1994,BI,DYCE94,BI DYCE94,U,5/24/1994,1994144,4/25/1994,1994115,28,29,28.7,24,36.7,13.8,12.5,79.1,12.7,158.75,241.3025,42.4,58.2,198,146,92,355,18.83838384,15.65656566,13.04093567,5.101010101,3.636363636,0.906432749,21.66666667,-3.888888889,-57.5,3.3782,3.2004,6.6548,15.47619048,2.817460317,-11.94444444,4.4958,15.55555556,2.888888889,-11.66666667,3.3274
1994,CH,DYCE94,CH DYCE94,U,5/24/1994,1994144,4/26/1994,1994116,28,28,28.3,25,37.1,12.9,13.5,79.2,12.1,163.35,244.86,42.1,56.8,197,143,87,360,18.28282828,15.3030303,13.88888889,4.696969697,3.686868687,1.666666667,16.38888889,-5.555555556,-42.22222222,2.9718,3.175,5.2578,15,2.341269841,-18.61111111,4.2418,15.48148148,3.074074074,-10.83333333,3.2258
1994,DG,DYCE94,DG DYCE94,U,5/24/1994,1994144,4/29/1994,1994119,28,25,25.4,21.4,33.9,12.9,13,74.5,12.5,162.5,219.5025,40.6,58.6,157,104,40,330,14.94949495,14.39393939,16.08187135,3.333333333,3.03030303,3.099415205,-9.444444444,-14.16666667,-7.777777778,3.5306,2.3368,5.5372,15.79365079,3.452380952,-5.277777778,3.2258,14.40740741,3.592592593,-15,3.7084
1994,JD,EUPS94,JD EUPS94,U,5/16/1994,1994136,4/21/1994,1994111,28,25,25.3,21.9,33.1,14,12.8,75,11.2,143.36,221.77,41.9,60.5,156,98,44,400,17.27272727,15.35353535,12.74853801,3.939393939,2.575757576,1.081871345,6.666666667,-11.38888889,-58.61111111,3.2512,2.4384,6.858,17.14285714,4.841269841,13.88888889,4.2926,16.07407407,2.962962963,-7.222222222,4.4704
1994,KC,EUPS94,KC EUPS94,U,5/16/1994,1994136,4/20/1994,1994110,28,26,26.3,22.3,34.8,13.6,12.9,76.7,12.5,161.25,230.55,41.9,60.4,175,118,59,435,17.82828283,14.8989899,12.86549708,3.535353535,2.828282828,1.052631579,7.5,-12.5,-57.77777778,1.4986,4.0894,6.858,18.0952381,5.277777778,23.61111111,4.7498,16.81481481,3.814814815,4.722222222,4.7498
1994,LB,EUPS94,LB EUPS94,U,5/16/1994,1994136,4/20/1994,1994110,28,26,26.4,22.4,37.4,13,13.2,78.6,15,198,244.97,41.2,63.2,179,116,64,495,17.82828283,14.8989899,12.86549708,3.535353535,2.828282828,1.052631579,7.5,-12.5,-57.77777778,1.4986,4.0894,6.858,18.0952381,5.277777778,23.61111111,4.7498,16.81481481,3.814814815,4.722222222,4.7498
1994,MA,EUPS94,MA EUPS94,U,5/16/1994,1994136,4/20/1994,1994110,28,26,25.8,21,31.9,12.7,12.2,73.8,10.9,132.98,198.5775,41.9,58.6,166,107,55,415,17.82828283,14.8989899,12.86549708,3.535353535,2.828282828,1.052631579,7.5,-12.5,-57.77777778,1.4986,4.0894,6.858,18.0952381,5.277777778,23.61111111,4.7498,16.81481481,3.814814815,4.722222222,4.7498
1994,NZ,EUPS94,NZ EUPS94,U,5/16/1994,1994136,4/20/1994,1994110,28,26,26.2,22.8,33.5,13.9,12.8,77.7,10.7,136.96,223.6125,44.2,63.6,174,113,61,482,17.82828283,14.8989899,12.86549708,3.535353535,2.828282828,1.052631579,7.5,-12.5,-57.77777778,1.4986,4.0894,6.858,18.0952381,5.277777778,23.61111111,4.7498,16.81481481,3.814814815,4.722222222,4.7498
1994,EG,GENR94,EG GENR94,U,5/23/1994,1994143,4/24/1994,1994114,29,29,28.6,24.5,36.5,13.1,13.8,79.5,12,165.6,245.4625,43,61.5,200,150,88,407,18.63636364,15.75757576,12.48538012,5.101010101,2.676767677,0.614035088,20.55555556,-8.611111111,-65.55555556,3.3782,2.3622,6.2738,15.31746032,2.936507937,-12.22222222,4.4704,15.2962963,2.407407407,-17.22222222,4.2418
1994,FF,GENR94,FF GENR94,U,5/23/1994,1994143,4/25/1994,1994115,29,28,27.9,24.4,37.2,12.9,13.4,78.6,12.8,171.52,244.59,41.4,60.8,196,137,84,387,18.83838384,15.65656566,13.04093567,5.101010101,3.636363636,0.906432749,21.66666667,-3.888888889,-57.5,3.3782,3.2004,6.6548,15.47619048,2.817460317,-11.94444444,4.4958,15.55555556,2.888888889,-11.66666667,3.3274
1994,GE,GENR94,GE GENR94,U,5/23/1994,1994143,4/27/1994,1994117,27,26,26,22.9,36.6,13.4,13.2,77,13.7,180.84,243.39,40.4,60.5,171,114,51,380,17.47474747,15.15151515,15.26315789,4.04040404,3.535353535,2.807017544,8.333333333,-7.222222222,-18.33333333,2.6416,3.6068,5.5626,15.43650794,2.222222222,-16.38888889,2.4892,15.33333333,3.481481481,-8.888888889,3.7084
1994,HD,GENR94,HD GENR94,U,5/23/1994,1994143,4/25/1994,1994115,29,28,28.3,26.4,40,14.3,14.2,84.6,13.6,193.12,285,44.6,64.6,206,144,86,440,18.83838384,15.65656566,13.04093567,5.101010101,3.636363636,0.906432749,21.66666667,-3.888888889,-57.5,3.3782,3.2004,6.6548,15.47619048,2.817460317,-11.94444444,4.4958,15.55555556,2.888888889,-11.66666667,3.3274
1994,IC,GENR94,IC GENR94,U,5/23/1994,1994143,4/25/1994,1994115,29,28,28.1,25.2,36.4,13.4,13.9,81,11.2,155.68,248.43,44.6,59.4,201,136,89,395,18.83838384,15.65656566,13.04093567,5.101010101,3.636363636,0.906432749,21.66666667,-3.888888889,-57.5,3.3782,3.2004,6.6548,15.47619048,2.817460317,-11.94444444,4.4958,15.55555556,2.888888889,-11.66666667,3.3274
1994,JB,GENR94,JB GENR94,U,5/23/1994,1994143,4/26/1994,1994116,28,27,27,24.1,34.8,12.7,12.7,77.2,10.7,135.89,220.98,42.4,57.6,186,129,68,360,18.28282828,15.3030303,13.88888889,4.696969697,3.686868687,1.666666667,16.38888889,-5.555555556,-42.22222222,2.9718,3.175,5.2578,15,2.341269841,-18.61111111,4.2418,15.48148148,3.074074074,-10.83333333,3.2258
1994,PW,HART94,PW HART94,U,5/20/1994,1994140,4/23/1994,1994113,28,27,26.9,22.8,34.9,11.6,12,75.8,12.1,145.2,205.91,40.9,56.6,179,125,70,387,18.08080808,15.4040404,12.22222222,4.545454545,2.525252525,0.467836257,14.44444444,-11.38888889,-69.44444444,3.3782,2.3622,6.2738,15.91269841,3.015873016,-7.5,4.3688,15.37037037,2.518518519,-15.83333333,4.4958
1994,QV,HART94,QV HART94,F,5/20/1994,1994140,4/23/1994,1994113,28,27,27.3,22.7,32.2,11.4,11,76.4,9.5,104.5,180.32,44.2,60.2,190,127,78,372,18.08080808,15.4040404,12.22222222,4.545454545,2.525252525,0.467836257,14.44444444,-11.38888889,-69.44444444,3.3782,2.3622,6.2738,15.91269841,3.015873016,-7.5,4.3688,15.37037037,2.518518519,-15.83333333,4.4958
1994,RU,HART94,RU HART94,U,5/20/1994,1994140,4/24/1994,1994114,28,26,26.3,20,32.2,11.4,11.9,72.1,12.2,145.18,187.565,39.9,54.5,166,113,63,325,18.63636364,15.75757576,12.48538012,5.101010101,2.676767677,0.614035088,20.55555556,-8.611111111,-65.55555556,3.3782,2.3622,6.2738,15.31746032,2.936507937,-12.22222222,4.4704,15.2962963,2.407407407,-17.22222222,4.2418
1994,ST,HART94,ST HART94,F,5/20/1994,1994140,4/23/1994,1994113,28,27,27.4,22.6,33.6,11.9,12.1,77.5,11,133.1,201.6,43.9,60.7,194,131,76,380,18.08080808,15.4040404,12.22222222,4.545454545,2.525252525,0.467836257,14.44444444,-11.38888889,-69.44444444,3.3782,2.3622,6.2738,15.91269841,3.015873016,-7.5,4.3688,15.37037037,2.518518519,-15.83333333,4.4958
1994,TS,HART94,TS HART94,U,5/20/1994,1994140,4/22/1994,1994112,28,28,27.5,23.9,37.2,12.2,12.5,79,13.3,166.25,229.71,41.8,59.6,185,130,79,400,17.82828283,15.15151515,12.30994152,4.292929293,2.474747475,0.614035088,11.66666667,-13.05555556,-67.22222222,3.3782,2.3622,6.858,17.06349206,4.126984127,8.333333333,4.4196,15.22222222,2.814814815,-14.72222222,4.5212
1994,UQ,HIPA94,UQ HIPA94,U,5/24/1994,1994144,4/26/1994,1994116,28,28,27.5,21.7,34.3,12.2,12.2,74,12.6,153.72,209.23,39.7,53.6,185,129,80,340,18.28282828,15.3030303,13.88888889,4.696969697,3.686868687,1.666666667,16.38888889,-5.555555556,-42.22222222,2.9718,3.175,5.2578,15,2.341269841,-18.61111111,4.2418,15.48148148,3.074074074,-10.83333333,3.2258
1994,VP,HIPA94,VP HIPA94,U,5/24/1994,1994144,4/26/1994,1994116,28,28,27.5,21.7,35,12.5,13.3,75.6,13.3,176.89,225.75,40.6,55.8,186,134,77,332,18.28282828,15.3030303,13.88888889,4.696969697,3.686868687,1.666666667,16.38888889,-5.555555556,-42.22222222,2.9718,3.175,5.2578,15,2.341269841,-18.61111111,4.2418,15.48148148,3.074074074,-10.83333333,3.2258
1994,KZ,HOME94,KZ HOME94,U,6/3/1994,1994154,5/6/1994,1994126,27,28,27.5,24.4,36.7,14.7,12.7,78.5,12.3,156.21,251.395,41.8,61.3,192,131,79,410,15.65656566,18.68686869,16.66666667,3.636363636,6.161616162,2.953216374,-3.888888889,26.66666667,-3.611111111,3.2004,1.9812,3.429,16.9047619,4.007936508,6.388888889,1.8288,18,5.518518519,26.38888889,2.8702
1994,LY,HOME94,LY HOME94,U,6/3/1994,1994154,5/7/1994,1994127,27,27,27,23.8,36.7,13.5,12.6,78.8,12.9,162.54,239.4675,42.1,61.5,182,124,74,427,15.3030303,18.53535354,16.6374269,3.686868687,5.757575758,3.187134503,-5.555555556,23.61111111,-1.666666667,3.175,1.9558,3.4798,17.5,4.920634921,16.94444444,1.8288,17.96296296,5.481481481,25.83333333,2.8194
1994,MX,HOME94,MX HOME94,U,6/3/1994,1994154,5/6/1994,1994126,27,28,27.7,23.6,36.6,12.6,12.4,78.5,13,161.2,228.75,41.9,60.7,193,135,80,390,15.65656566,18.68686869,16.66666667,3.636363636,6.161616162,2.953216374,-3.888888889,26.66666667,-3.611111111,3.2004,1.9812,3.429,16.9047619,4.007936508,6.388888889,1.8288,18,5.518518519,26.38888889,2.8702
1994,NW,HOME94,NW HOME94,M,6/3/1994,1994154,5/7/1994,1994127,27,27,27.3,23.6,35.5,13.4,12.8,79.2,11.9,152.32,232.525,43.7,61.2,192,125,79,440,15.3030303,18.53535354,16.6374269,3.686868687,5.757575758,3.187134503,-5.555555556,23.61111111,-1.666666667,3.175,1.9558,3.4798,17.5,4.920634921,16.94444444,1.8288,17.96296296,5.481481481,25.83333333,2.8194
1994,AM,KNOL94,AM KNOL94,U,5/16/1994,1994136,4/20/1994,1994110,28,26,25.7,22.3,33.2,11.6,11.6,74.9,10.9,126.44,192.56,41.7,60.6,161,101,56,370,17.82828283,14.8989899,12.86549708,3.535353535,2.828282828,1.052631579,7.5,-12.5,-57.77777778,1.4986,4.0894,6.858,18.0952381,5.277777778,23.61111111,4.7498,16.81481481,3.814814815,4.722222222,4.7498
1994,BL,KNOL94,BL KNOL94,U,5/16/1994,1994136,4/21/1994,1994111,28,25,25.3,21.8,33.2,12.2,12,74.6,11.4,136.8,200.86,41.4,60.1,151,93,49,337,17.27272727,15.35353535,12.74853801,3.939393939,2.575757576,1.081871345,6.666666667,-11.38888889,-58.61111111,3.2512,2.4384,6.858,17.14285714,4.841269841,13.88888889,4.2926,16.07407407,2.962962963,-7.222222222,4.4704
1994,CK,KNOL94,CK KNOL94,U,5/16/1994,1994136,4/21/1994,1994111,28,25,25,21.3,33.2,12.8,12.4,74.4,11.9,147.56,209.16,41.2,60.5,146,90,40,375,17.27272727,15.35353535,12.74853801,3.939393939,2.575757576,1.081871345,6.666666667,-11.38888889,-58.61111111,3.2512,2.4384,6.858,17.14285714,4.841269841,13.88888889,4.2926,16.07407407,2.962962963,-7.222222222,4.4704
1994,DJ,KNOL94,DJ KNOL94,U,5/16/1994,1994136,4/20/1994,1994110,28,26,26.2,23.1,35.4,13.7,12.8,78.4,12.3,157.44,234.525,43,63.2,171,112,61,415,17.82828283,14.8989899,12.86549708,3.535353535,2.828282828,1.052631579,7.5,-12.5,-57.77777778,1.4986,4.0894,6.858,18.0952381,5.277777778,23.61111111,4.7498,16.81481481,3.814814815,4.722222222,4.7498
1994,EI,KNOL94,EI KNOL94,U,5/16/1994,1994136,4/21/1994,1994111,28,25,25.4,21.5,32.5,11.5,12.4,73.8,11,136.4,194.1875,41.3,59.6,152,94,51,330,17.27272727,15.35353535,12.74853801,3.939393939,2.575757576,1.081871345,6.666666667,-11.38888889,-58.61111111,3.2512,2.4384,6.858,17.14285714,4.841269841,13.88888889,4.2926,16.07407407,2.962962963,-7.222222222,4.4704
1994,YN,MART94,YN MART94,M,5/20/1994,1994140,4/24/1994,1994114,26,26,25.8,21.1,34.3,12.3,12.2,76.8,13.2,161.04,210.0875,42.5,60.7,170,109,52,375,18.63636364,15.75757576,12.48538012,5.101010101,2.676767677,0.614035088,20.55555556,-8.611111111,-65.55555556,3.3782,2.3622,6.2738,15.31746032,2.936507937,-12.22222222,4.4704,15.2962963,2.407407407,-17.22222222,4.2418
1994,ZM,MART94,ZM MART94,F,5/20/1994,1994140,4/24/1994,1994114,26,26,25.8,22.8,35,12.8,13.1,76.3,12.2,159.82,226.625,41.3,60.6,162,105,54,367,18.63636364,15.75757576,12.48538012,5.101010101,2.676767677,0.614035088,20.55555556,-8.611111111,-65.55555556,3.3782,2.3622,6.2738,15.31746032,2.936507937,-12.22222222,4.4704,15.2962963,2.407407407,-17.22222222,4.2418
1994,UR,NOGO94,UR NOGO94,U,5/20/1994,1994140,4/23/1994,1994113,28,27,27.2,22.6,33.7,12.6,11.9,77.4,11.1,132.09,206.4125,43.7,60.6,185,125,78,375,18.08080808,15.4040404,12.22222222,4.545454545,2.525252525,0.467836257,14.44444444,-11.38888889,-69.44444444,3.3782,2.3622,6.2738,15.91269841,3.015873016,-7.5,4.3688,15.37037037,2.518518519,-15.83333333,4.4958
1994,FG,PAHA94,FG PAHA94,U,5/19/1994,1994139,4/23/1994,1994113,29,26,25.9,21.6,35.2,12,11.6,76.5,13.6,157.76,207.68,41.3,62,171,109,56,385,18.08080808,15.4040404,12.22222222,4.545454545,2.525252525,0.467836257,14.44444444,-11.38888889,-69.44444444,3.3782,2.3622,6.2738,15.91269841,3.015873016,-7.5,4.3688,15.37037037,2.518518519,-15.83333333,4.4958
1994,GF,PAHA94,GF PAHA94,U,5/19/1994,1994139,4/23/1994,1994113,29,26,26.2,25.6,38.6,13.9,12.7,82.8,13,165.1,256.69,44.2,63.4,178,114,61,482,18.08080808,15.4040404,12.22222222,4.545454545,2.525252525,0.467836257,14.44444444,-11.38888889,-69.44444444,3.3782,2.3622,6.2738,15.91269841,3.015873016,-7.5,4.3688,15.37037037,2.518518519,-15.83333333,4.4958
1994,HE,PAHA94,HE PAHA94,U,5/19/1994,1994139,4/23/1994,1994113,29,26,25.7,23.8,35.1,12.5,12.1,77.2,11.3,136.73,215.865,42.1,62.5,168,104,52,420,18.08080808,15.4040404,12.22222222,4.545454545,2.525252525,0.467836257,14.44444444,-11.38888889,-69.44444444,3.3782,2.3622,6.2738,15.91269841,3.015873016,-7.5,4.3688,15.37037037,2.518518519,-15.83333333,4.4958
1994,ID,PAHA94,ID PAHA94,U,5/19/1994,1994139,4/23/1994,1994113,29,26,25.8,21.7,34.9,12.1,12.2,75.8,13.2,161.04,212.0175,40.9,60.8,169,107,55,383,18.08080808,15.4040404,12.22222222,4.545454545,2.525252525,0.467836257,14.44444444,-11.38888889,-69.44444444,3.3782,2.3622,6.2738,15.91269841,3.015873016,-7.5,4.3688,15.37037037,2.518518519,-15.83333333,4.4958
1994,JC,PAHA94,JC PAHA94,U,5/19/1994,1994139,4/23/1994,1994113,29,26,26.1,22.5,34.1,10.8,11.5,76,11.6,133.4,190.1075,41.9,60.2,173,112,57,367,18.08080808,15.4040404,12.22222222,4.545454545,2.525252525,0.467836257,14.44444444,-11.38888889,-69.44444444,3.3782,2.3622,6.2738,15.91269841,3.015873016,-7.5,4.3688,15.37037037,2.518518519,-15.83333333,4.4958
1994,doa,PARP94,doa PARP94,U,5/23/1994,1994143,4/25/1994,1994115,28,28,27.5,21.6,34.3,13.3,13.5,77.1,12.7,171.45,229.81,42.8,58.3,194,131,79,330,18.83838384,15.65656566,13.04093567,5.101010101,3.636363636,0.906432749,21.66666667,-3.888888889,-57.5,3.3782,3.2004,6.6548,15.47619048,2.817460317,-11.94444444,4.4958,15.55555556,2.888888889,-11.66666667,3.3274
1994,OW,PARP94,OW PARP94,U,5/23/1994,1994143,4/25/1994,1994115,28,28,27.5,21.3,33.4,13.5,11.7,76.1,12.1,141.57,210.42,42.7,55,191,133,78,325,18.83838384,15.65656566,13.04093567,5.101010101,3.636363636,0.906432749,21.66666667,-3.888888889,-57.5,3.3782,3.2004,6.6548,15.47619048,2.817460317,-11.94444444,4.4958,15.55555556,2.888888889,-11.66666667,3.3274
1994,PV,PARP94,PV PARP94,U,5/23/1994,1994143,4/26/1994,1994116,28,27,27.4,21,32.2,12.8,11.4,72.8,11.2,127.68,194.81,40.6,52.8,184,132,75,305,18.28282828,15.3030303,13.88888889,4.696969697,3.686868687,1.666666667,16.38888889,-5.555555556,-42.22222222,2.9718,3.175,5.2578,15,2.341269841,-18.61111111,4.2418,15.48148148,3.074074074,-10.83333333,3.2258
1994,QU,PARP94,QU PARP94,U,5/23/1994,1994143,4/26/1994,1994116,28,27,27.3,22.9,35.8,13.5,12.6,78.7,12.9,162.54,233.595,42.9,58.4,184,130,75,375,18.28282828,15.3030303,13.88888889,4.696969697,3.686868687,1.666666667,16.38888889,-5.555555556,-42.22222222,2.9718,3.175,5.2578,15,2.341269841,-18.61111111,4.2418,15.48148148,3.074074074,-10.83333333,3.2258
1994,IB,POND94,IB POND94,U,5/25/1994,1994145,4/29/1994,1994119,26,26,26.3,25.7,39.1,14.2,12.9,80.4,13.4,172.86,264.9025,41.3,64,176,115,63,377,14.94949495,14.39393939,16.08187135,3.333333333,3.03030303,3.099415205,-9.444444444,-14.16666667,-7.777777778,3.5306,2.3368,5.5372,15.79365079,3.452380952,-5.277777778,3.2258,14.40740741,3.592592593,-15,3.7084
1994,JA,POND94,JA POND94,U,5/25/1994,1994145,4/29/1994,1994119,26,26,25.5,22.9,34.6,13,12.2,75.8,11.7,142.74,217.98,41.2,61.1,155,99,52,330,14.94949495,14.39393939,16.08187135,3.333333333,3.03030303,3.099415205,-9.444444444,-14.16666667,-7.777777778,3.5306,2.3368,5.5372,15.79365079,3.452380952,-5.277777778,3.2258,14.40740741,3.592592593,-15,3.7084
1994,FE,PWOD94,FE PWOD94,U,5/25/1994,1994145,4/27/1994,1994117,28,28,28.1,26.5,40.2,14.1,13.6,83.1,13.7,186.32,278.385,42.9,61.8,199,136,88,437,17.47474747,15.15151515,15.26315789,4.04040404,3.535353535,2.807017544,8.333333333,-7.222222222,-18.33333333,2.6416,3.6068,5.5626,15.43650794,2.222222222,-16.38888889,2.4892,15.33333333,3.481481481,-8.888888889,3.7084
1994,GD,PWOD94,GD PWOD94,U,5/25/1994,1994145,4/28/1994,1994118,28,27,27.4,23,36.1,13,13.2,77.3,13.1,172.92,236.455,41.2,58.5,194,135,72,420,16.31313131,14.29292929,16.16959064,3.383838384,3.232323232,3.216374269,-1.666666667,-13.61111111,-5.833333333,3.5306,2.3368,5.5626,15.51587302,2.936507937,-10.83333333,3.2004,14.77777778,3.666666667,-11.66666667,3.7084
1994,HC,PWOD94,HC PWOD94,U,5/25/1994,1994145,4/29/1994,1994119,28,26,26.3,23.5,35.6,14.2,13.6,77,12.1,164.56,247.42,41.4,58.5,172,116,60,390,14.94949495,14.39393939,16.08187135,3.333333333,3.03030303,3.099415205,-9.444444444,-14.16666667,-7.777777778,3.5306,2.3368,5.5372,15.79365079,3.452380952,-5.277777778,3.2258,14.40740741,3.592592593,-15,3.7084
1994,AL,SPRU94,AL SPRU94,U,5/19/1994,1994139,4/23/1994,1994113,29,26,25.9,22.5,35.6,12.6,13,77.8,13.1,170.3,227.84,42.2,60.8,170,109,56,393,18.08080808,15.4040404,12.22222222,4.545454545,2.525252525,0.467836257,14.44444444,-11.38888889,-69.44444444,3.3782,2.3622,6.2738,15.91269841,3.015873016,-7.5,4.3688,15.37037037,2.518518519,-15.83333333,4.4958
1994,BK,SPRU94,BK SPRU94,F,5/19/1994,1994139,4/24/1994,1994114,29,25,24.9,20.3,31.6,11.7,12.2,70.6,11.3,137.86,188.81,39,59.2,148,89,37,330,18.63636364,15.75757576,12.48538012,5.101010101,2.676767677,0.614035088,20.55555556,-8.611111111,-65.55555556,3.3782,2.3622,6.2738,15.31746032,2.936507937,-12.22222222,4.4704,15.2962963,2.407407407,-17.22222222,4.2418
1994,CJ,SPRU94,CJ SPRU94,U,5/19/1994,1994139,4/23/1994,1994113,29,26,25.8,22,34.1,13.2,13.4,76.8,12.1,162.14,226.765,42.7,63.6,171,108,54,380,18.08080808,15.4040404,12.22222222,4.545454545,2.525252525,0.467836257,14.44444444,-11.38888889,-69.44444444,3.3782,2.3622,6.2738,15.91269841,3.015873016,-7.5,4.3688,15.37037037,2.518518519,-15.83333333,4.4958
1994,DI,SPRU94,DI SPRU94,U,5/19/1994,1994139,4/22/1994,1994112,29,27,26.5,22.1,35.9,13.3,13.3,79.6,13.8,183.54,238.735,43.7,64.4,178,116,67,425,17.82828283,15.15151515,12.30994152,4.292929293,2.474747475,0.614035088,11.66666667,-13.05555556,-67.22222222,3.3782,2.3622,6.858,17.06349206,4.126984127,8.333333333,4.4196,15.22222222,2.814814815,-14.72222222,4.5212
1994,EH,SPRU94,EH SPRU94,U,5/19/1994,1994139,4/23/1994,1994113,29,26,26.2,22.7,34.7,12.6,12.8,76.5,12,153.6,220.345,41.8,60,171,112,61,365,18.08080808,15.4040404,12.22222222,4.545454545,2.525252525,0.467836257,14.44444444,-11.38888889,-69.44444444,3.3782,2.3622,6.2738,15.91269841,3.015873016,-7.5,4.3688,15.37037037,2.518518519,-15.83333333,4.4958
1994,ZN,SPRU94,ZN SPRU94,M,5/19/1994,1994139,4/23/1994,1994113,29,26,26.3,23,35.1,12.6,13.3,77.3,12.1,160.93,227.2725,42.2,63.8,176,114,62,410,18.08080808,15.4040404,12.22222222,4.545454545,2.525252525,0.467836257,14.44444444,-11.38888889,-69.44444444,3.3782,2.3622,6.2738,15.91269841,3.015873016,-7.5,4.3688,15.37037037,2.518518519,-15.83333333,4.4958
1994,OY,SWEG94,OY SWEG94,U,5/18/1994,1994138,4/20/1994,1994110,29,28,28.1,23.2,34.1,12.6,12.8,76.7,10.9,139.52,216.535,42.6,58.8,189,133,91,387,17.82828283,14.8989899,12.86549708,3.535353535,2.828282828,1.052631579,7.5,-12.5,-57.77777778,1.4986,4.0894,6.858,18.0952381,5.277777778,23.61111111,4.7498,16.81481481,3.814814815,4.722222222,4.7498
1994,PX,SWEG94,PX SWEG94,M,5/18/1994,1994138,4/20/1994,1994110,28,28,28.4,23.8,38.7,14.1,13.7,80.7,14.9,204.13,268.965,42,61.9,199,136,94,450,17.82828283,14.8989899,12.86549708,3.535353535,2.828282828,1.052631579,7.5,-12.5,-57.77777778,1.4986,4.0894,6.858,18.0952381,5.277777778,23.61111111,4.7498,16.81481481,3.814814815,4.722222222,4.7498
1994,RV,SWEG94,RV SWEG94,M,5/18/1994,1994138,4/20/1994,1994110,27,28,27.7,23.6,35.4,13.2,12.8,79.1,11.8,151.04,230.1,43.7,61.3,199,133,82,440,17.82828283,14.8989899,12.86549708,3.535353535,2.828282828,1.052631579,7.5,-12.5,-57.77777778,1.4986,4.0894,6.858,18.0952381,5.277777778,23.61111111,4.7498,16.81481481,3.814814815,4.722222222,4.7498
1994,WO,WEGO94,WO WEGO94,F,5/24/1994,1994144,4/25/1994,1994115,28,29,28.7,24,34.9,12.6,12.9,78.6,10.9,140.61,222.4875,43.7,61,201,141,96,350,18.83838384,15.65656566,13.04093567,5.101010101,3.636363636,0.906432749,21.66666667,-3.888888889,-57.5,3.3782,3.2004,6.6548,15.47619048,2.817460317,-11.94444444,4.4958,15.55555556,2.888888889,-11.66666667,3.3274
1994,XN,WEGO94,XN WEGO94,M,5/24/1994,1994144,4/25/1994,1994115,28,29,28.6,24.7,36.7,13.1,12.8,80,12,153.6,237.6325,43.3,61.3,197,140,95,390,18.83838384,15.65656566,13.04093567,5.101010101,3.636363636,0.906432749,21.66666667,-3.888888889,-57.5,3.3782,3.2004,6.6548,15.47619048,2.817460317,-11.94444444,4.4958,15.55555556,2.888888889,-11.66666667,3.3274
1994,YM,WEGO94,YM WEGO94,U,5/24/1994,1994144,4/27/1994,1994117,28,27,27,23.6,35.6,12.1,11.8,76.5,12,141.6,212.71,40.9,59.6,179,125,72,347,17.47474747,15.15151515,15.26315789,4.04040404,3.535353535,2.807017544,8.333333333,-7.222222222,-18.33333333,2.6416,3.6068,5.5626,15.43650794,2.222222222,-16.38888889,2.4892,15.33333333,3.481481481,-8.888888889,3.7084
1994,ZL,WEGO94,ZL WEGO94,M,5/24/1994,1994144,4/28/1994,1994118,28,26,26.4,23.8,36.2,14.2,12.7,78.3,12.4,157.48,243.445,42.1,60,178,117,63,410,16.31313131,14.29292929,16.16959064,3.383838384,3.232323232,3.216374269,-1.666666667,-13.61111111,-5.833333333,3.5306,2.3368,5.5626,15.51587302,2.936507937,-10.83333333,3.2004,14.77777778,3.666666667,-11.66666667,3.7084
1994,SU,WHIT94,SU WHIT94,U,5/18/1994,1994138,4/22/1994,1994112,29,26,26.1,20,30.9,12.2,13,71.4,10.9,141.7,194.67,40.5,51.7,167,114,55,317,17.82828283,15.15151515,12.30994152,4.292929293,2.474747475,0.614035088,11.66666667,-13.05555556,-67.22222222,3.3782,2.3622,6.858,17.06349206,4.126984127,8.333333333,4.4196,15.22222222,2.814814815,-14.72222222,4.5212
1994,TT,WHIT94,TT WHIT94,U,5/18/1994,1994138,4/22/1994,1994112,29,26,26.2,20.1,30.5,12.9,12.1,74,10.4,125.84,190.625,43.5,55,167,112,60,375,17.82828283,15.15151515,12.30994152,4.292929293,2.474747475,0.614035088,11.66666667,-13.05555556,-67.22222222,3.3782,2.3622,6.858,17.06349206,4.126984127,8.333333333,4.4196,15.22222222,2.814814815,-14.72222222,4.5212
1994,US,WHIT94,US WHIT94,U,5/18/1994,1994138,4/21/1994,1994111,29,27,26.8,20.5,31.3,13.2,13.4,76.9,10.8,144.72,208.145,45.6,57,179,121,71,420,17.27272727,15.35353535,12.74853801,3.939393939,2.575757576,1.081871345,6.666666667,-11.38888889,-58.61111111,3.2512,2.4384,6.858,17.14285714,4.841269841,13.88888889,4.2926,16.07407407,2.962962963,-7.222222222,4.4704
1994,VR,WHIT94,VR WHIT94,U,5/18/1994,1994138,4/21/1994,1994111,29,27,27.1,21.6,33.6,12.7,13.5,77,12,162,220.08,43.4,58.2,184,132,68,366,17.27272727,15.35353535,12.74853801,3.939393939,2.575757576,1.081871345,6.666666667,-11.38888889,-58.61111111,3.2512,2.4384,6.858,17.14285714,4.841269841,13.88888889,4.2926,16.07407407,2.962962963,-7.222222222,4.4704
1994,LA,WILG94,LA WILG94,U,5/19/1994,1994139,4/22/1994,1994112,28,27,26.5,23.8,36.4,14.3,13.1,81.4,12.6,165.06,249.34,45,64.8,177,117,67,455,17.82828283,15.15151515,12.30994152,4.292929293,2.474747475,0.614035088,11.66666667,-13.05555556,-67.22222222,3.3782,2.3622,6.858,17.06349206,4.126984127,8.333333333,4.4196,15.22222222,2.814814815,-14.72222222,4.5212
1994,MZ,WILG94,MZ WILG94,U,5/19/1994,1994139,4/23/1994,1994113,28,26,26,22.9,34.2,13.4,12.9,76.2,11.3,145.77,224.865,42,58.5,162,109,58,375,18.08080808,15.4040404,12.22222222,4.545454545,2.525252525,0.467836257,14.44444444,-11.38888889,-69.44444444,3.3782,2.3622,6.2738,15.91269841,3.015873016,-7.5,4.3688,15.37037037,2.518518519,-15.83333333,4.4958
1994,NY,WILG94,NY WILG94,U,5/19/1994,1994139,4/24/1994,1994114,28,25,25.4,23.1,34.6,13.6,12.6,77,11.5,144.9,226.63,42.4,61.4,156,96,51,400,18.63636364,15.75757576,12.48538012,5.101010101,2.676767677,0.614035088,20.55555556,-8.611111111,-65.55555556,3.3782,2.3622,6.2738,15.31746032,2.936507937,-12.22222222,4.4704,15.2962963,2.407407407,-17.22222222,4.2418
1994,OX,WILG94,OX WILG94,U,5/19/1994,1994139,4/24/1994,1994114,28,25,25.2,21.8,32.2,13.7,12.8,73.9,10.4,133.12,213.325,41.7,60.4,146,92,47,360,18.63636364,15.75757576,12.48538012,5.101010101,2.676767677,0.614035088,20.55555556,-8.611111111,-65.55555556,3.3782,2.3622,6.2738,15.31746032,2.936507937,-12.22222222,4.4704,15.2962963,2.407407407,-17.22222222,4.2418
1995,UM,DART95,UM DART95,U,5/25/1995,1995145,4/28/1995,1995118,30,27,27.4,23.6,36.8,13.1,13.3,81.2,13.2,175.56,242.88,44.4,70,190,131,78,423,15.80808081,17.52525253,12.13450292,2.272727273,7.676767677,0.643274854,-10.55555556,28.61111111,-68.61111111,1.0922,3.1496,3.9878,16.74603175,4.920634921,11.66666667,3.048,17.07407407,6.037037037,23.33333333,3.1496
1995,VL,DART95,VL DART95,F,5/25/1995,1995145,4/28/1995,1995118,30,27,27,25.2,36.5,14.5,14.8,82.3,11.3,167.24,267.3625,45.8,65,186,124,73,422,15.80808081,17.52525253,12.13450292,2.272727273,7.676767677,0.643274854,-10.55555556,28.61111111,-68.61111111,1.0922,3.1496,3.9878,16.74603175,4.920634921,11.66666667,3.048,17.07407407,6.037037037,23.33333333,3.1496
1995,WK,DART95,WK DART95,U,5/25/1995,1995145,4/28/1995,1995118,30,27,26.9,22.6,33.9,13.1,13.6,78.8,11.3,153.68,226.2825,44.9,61.9,181,122,71,400,15.80808081,17.52525253,12.13450292,2.272727273,7.676767677,0.643274854,-10.55555556,28.61111111,-68.61111111,1.0922,3.1496,3.9878,16.74603175,4.920634921,11.66666667,3.048,17.07407407,6.037037037,23.33333333,3.1496
1995,XJ,DART95,XJ DART95,U,5/25/1995,1995145,4/29/1995,1995119,30,26,26.3,23.3,35.7,14.1,12.8,81.2,12.4,158.72,240.0825,45.5,64.1,172,116,62,415,14.7979798,18.13131313,12.71929825,1.515151515,8.131313131,1.520467836,-20.27777778,34.44444444,-54.72222222,0,3.302,3.2004,17.26190476,5.436507937,18.88888889,3.048,17.11111111,5.777777778,21.66666667,3.302
1995,AF,ETHA95,AF ETHA95,U,5/26/1995,1995146,4/30/1995,1995120,26,26,25.8,22.2,34.5,12.5,12.7,74.6,12.3,156.21,217.35,40.1,58.1,167,105,55,373,15.15151515,18.38383838,13.39181287,1.666666667,8.282828283,1.842105263,-17.5,36.66666667,-45.27777778,0.127,3.2004,3.2004,17.34126984,5.992063492,23.33333333,3.0988,17.33333333,6.148148148,26.11111111,3.3274
1995,BE,ETHA95,BE ETHA95,U,5/26/1995,1995146,4/30/1995,1995120,26,26,25.8,22.2,36.2,12.9,13.4,75.2,14,187.6,238.015,39,60.7,166,107,54,412,15.15151515,18.38383838,13.39181287,1.666666667,8.282828283,1.842105263,-17.5,36.66666667,-45.27777778,0.127,3.2004,3.2004,17.34126984,5.992063492,23.33333333,3.0988,17.33333333,6.148148148,26.11111111,3.3274
1995,YI,ETHA95,YI ETHA95,U,5/26/1995,1995146,4/30/1995,1995120,26,26,26.1,22.2,33.9,13,13.4,74.7,11.7,156.78,223.74,40.8,61.2,172,105,64,430,15.15151515,18.38383838,13.39181287,1.666666667,8.282828283,1.842105263,-17.5,36.66666667,-45.27777778,0.127,3.2004,3.2004,17.34126984,5.992063492,23.33333333,3.0988,17.33333333,6.148148148,26.11111111,3.3274
1995,ZH,ETHA95,ZH ETHA95,U,5/26/1995,1995146,4/30/1995,1995120,26,26,26.2,21.7,35.6,12.6,13.2,76.8,13.9,183.48,229.62,41.2,60,171,112,62,419,15.15151515,18.38383838,13.39181287,1.666666667,8.282828283,1.842105263,-17.5,36.66666667,-45.27777778,0.127,3.2004,3.2004,17.34126984,5.992063492,23.33333333,3.0988,17.33333333,6.148148148,26.11111111,3.3274
1995,IZ,ETNL95,IZ ETNL95,U,5/17/1995,1995137,4/19/1995,1995109,28,28,28.3,24.2,36,14,14.3,82.6,11.8,168.74,254.7,46.6,60.5,205,140,90,430,14.8989899,15.15151515,7.894736842,3.434343434,1.666666667,-3.391812865,-9.166666667,-17.5,-147.2222222,1.5748,0.127,4.2672,15.03968254,2.341269841,-18.33333333,1.1176,15.66666667,2.777777778,-11.66666667,1.2446
1995,JY,ETNL95,JY ETNL95,U,5/17/1995,1995137,4/19/1995,1995109,28,28,27.6,23.7,33.8,13.9,13.6,79.6,10.1,137.36,232.375,45.8,60,190,131,82,390,14.8989899,15.15151515,7.894736842,3.434343434,1.666666667,-3.391812865,-9.166666667,-17.5,-147.2222222,1.5748,0.127,4.2672,15.03968254,2.341269841,-18.33333333,1.1176,15.66666667,2.777777778,-11.66666667,1.2446
1995,KX,ETNL95,KX ETNL95,U,5/17/1995,1995137,4/18/1995,1995108,28,29,28.5,22.7,35.7,14.2,14.3,78.9,13,185.9,254.3625,43.2,58.1,196,140,94,405,14.84848485,14.7979798,7.30994152,2.676767677,1.515151515,-3.479532164,-13.61111111,-20.27777778,-153.6111111,1.5748,0,4.1402,14.76190476,2.420634921,-19.72222222,1.1176,15.14814815,2,-21.38888889,1.1176
1995,LW,ETNL95,LW ETNL95,U,5/17/1995,1995137,4/20/1995,1995110,27,27,27.3,21.5,33.3,12.8,13.8,76.9,11.8,162.84,221.445,43.6,58.2,182,128,78,380,14.5959596,15.3030303,8.684210526,3.131313131,2.575757576,-2.953216374,-12.5,-11.66666667,-135.5555556,1.27,0.508,4.2672,15.35714286,2.222222222,-16.94444444,1.1176,15.62962963,3.111111111,-9.444444444,1.6002
1995,QR,FRES95,QR FRES95,U,5/19/1995,1995139,4/22/1995,1995112,26,27,26.6,23,36.7,14.4,13.9,80.9,13.7,190.43,259.6525,44.2,65.6,177,117,69,440,13.93939394,16.31313131,9.590643275,2.474747475,4.04040404,-1.578947368,-19.72222222,1.944444444,-113.8888889,1.27,2.667,4.4196,15.5952381,2.658730159,-12.22222222,1.2192,15.59259259,3.444444444,-7.222222222,2.667
1995,RQ,FRES95,RQ FRES95,U,5/19/1995,1995139,4/22/1995,1995112,26,27,26.5,23.8,36.6,14.7,13.9,82.5,12.8,177.92,261.69,45.9,66.6,182,120,64,470,13.93939394,16.31313131,9.590643275,2.474747475,4.04040404,-1.578947368,-19.72222222,1.944444444,-113.8888889,1.27,2.667,4.4196,15.5952381,2.658730159,-12.22222222,1.2192,15.59259259,3.444444444,-7.222222222,2.667
1995,SP,FRES95,SP FRES95,U,5/19/1995,1995139,4/24/1995,1995114,25,25,25.1,19.8,32.5,13,11.9,73,12.7,151.13,202.3125,40.5,61.3,155,90,45,362,14.5959596,16.66666667,9.298245614,2.121212121,5.555555556,-1.286549708,-18.05555556,12.22222222,-113.8888889,1.1176,3.048,3.2512,15.43650794,3.134920635,-10,2.6416,16.11111111,4.518518519,4.722222222,3.048
1995,IA,GENR95,IA GENR95,U,5/9/1995,1995129,4/14/1995,1995104,25,25,25.2,21.7,33.4,12.7,12.5,75,11.7,146.25,210.42,41.6,58.1,151,96,41,350,12.02020202,15.45454545,7.660818713,0.757575758,2.97979798,-3.450292398,-39.72222222,-8.611111111,-150,1.1938,1.1176,4.1148,14.56349206,2.817460317,-18.33333333,1.5748,14.48148148,2.962962963,-19.16666667,1.27
1995,JZ,GENR95,JZ GENR95,U,5/9/1995,1995129,4/13/1995,1995103,25,26,25.6,23.1,36,13.8,14.1,78.1,12.9,181.89,251.1,42.1,62.2,161,100,52,430,12.47474747,14.5959596,7.514619883,1.515151515,2.121212121,-3.567251462,-33.05555556,-18.05555556,-152.5,2.0828,1.1176,3.6068,14.56349206,2.579365079,-20,1.5748,14.59259259,2.740740741,-20,1.27
1995,KY,GENR95,KY GENR95,U,5/9/1995,1995129,4/14/1995,1995104,25,25,24.7,20.3,32.9,12.9,12.7,73.1,12.6,160.02,210.56,40.2,57.4,135,82,32,350,12.02020202,15.45454545,7.660818713,0.757575758,2.97979798,-3.450292398,-39.72222222,-8.611111111,-150,1.1938,1.1176,4.1148,14.56349206,2.817460317,-18.33333333,1.5748,14.48148148,2.962962963,-19.16666667,1.27
1995,LX,GENR95,LX GENR95,U,5/9/1995,1995129,4/14/1995,1995104,25,25,25.4,21.4,32.9,13.8,13.2,75.1,11.5,151.8,222.075,42.2,59.4,155,99,46,380,12.02020202,15.45454545,7.660818713,0.757575758,2.97979798,-3.450292398,-39.72222222,-8.611111111,-150,1.1938,1.1176,4.1148,14.56349206,2.817460317,-18.33333333,1.5748,14.48148148,2.962962963,-19.16666667,1.27
1995,MW,GENR95,MW GENR95,U,5/9/1995,1995129,4/14/1995,1995104,25,25,24.8,22,33,13.2,12.2,72.8,11,134.2,209.55,39.8,59.6,154,85,38,362,12.02020202,15.45454545,7.660818713,0.757575758,2.97979798,-3.450292398,-39.72222222,-8.611111111,-150,1.1938,1.1176,4.1148,14.56349206,2.817460317,-18.33333333,1.5748,14.48148148,2.962962963,-19.16666667,1.27
1995,KW,HART95,KW HART95,U,5/23/1995,1995143,4/25/1995,1995115,27,28,28,23.9,35.7,11.4,12.3,78.4,11.8,145.14,211.5225,42.7,60.5,196,133,89,377,15.45454545,16.66666667,9.970760234,2.97979798,5.151515152,-1.052631579,-8.611111111,10,-105.2777778,1.1176,3.048,3.2512,15.67460317,3.293650794,-7.222222222,2.667,16.55555556,4.62962963,8.888888889,3.048
1995,RP,HOME95,RP HOME95,U,5/24/1995,1995144,4/28/1995,1995118,25,26,26.4,25,36.4,13.9,13.2,79.1,11.4,150.48,246.61,42.7,61.7,180,117,63,435,15.80808081,17.52525253,12.13450292,2.272727273,7.676767677,0.643274854,-10.55555556,28.61111111,-68.61111111,1.0922,3.1496,3.9878,16.74603175,4.920634921,11.66666667,3.048,17.07407407,6.037037037,23.33333333,3.1496
1995,SO,HOME95,SO HOME95,U,5/24/1995,1995144,4/29/1995,1995119,25,25,25.2,21.7,32.3,13.1,12.2,74.7,10.6,129.32,204.2975,42.4,58.6,152,94,44,384,14.7979798,18.13131313,12.71929825,1.515151515,8.131313131,1.520467836,-20.27777778,34.44444444,-54.72222222,0,3.302,3.2004,17.26190476,5.436507937,18.88888889,3.048,17.11111111,5.777777778,21.66666667,3.302
1995,CF,JSUP95,CF JSUP95,U,5/17/1995,1995137,4/20/1995,1995110,29,27,27,22.2,34.4,12.6,12.8,77.7,12.2,156.16,218.44,43.3,61.1,190,123,74,352,14.5959596,15.3030303,8.684210526,3.131313131,2.575757576,-2.953216374,-12.5,-11.66666667,-135.5555556,1.27,0.508,4.2672,15.35714286,2.222222222,-16.94444444,1.1176,15.62962963,3.111111111,-9.444444444,1.6002
1995,DE,JSUP95,DE JSUP95,U,5/17/1995,1995137,4/20/1995,1995110,29,27,26.5,21.8,34.1,12.7,12.7,76.1,12.3,156.21,216.535,42,60.2,177,118,64,341,14.5959596,15.3030303,8.684210526,3.131313131,2.575757576,-2.953216374,-12.5,-11.66666667,-135.5555556,1.27,0.508,4.2672,15.35714286,2.222222222,-16.94444444,1.1176,15.62962963,3.111111111,-9.444444444,1.6002
1995,VN,KNOL95,VN KNOL95,M,5/16/1995,1995136,4/18/1995,1995108,30,28,27.7,23.8,35.5,12.8,13,78.8,11.7,152.1,228.975,43.3,62.1,188,129,85,355,14.84848485,14.7979798,7.30994152,2.676767677,1.515151515,-3.479532164,-13.61111111,-20.27777778,-153.6111111,1.5748,0,4.1402,14.76190476,2.420634921,-19.72222222,1.1176,15.14814815,2,-21.38888889,1.1176
1995,WM,KNOL95,WM KNOL95,M,5/16/1995,1995136,4/19/1995,1995109,30,27,26.8,23.7,37.4,12.7,13.7,78,13.7,187.69,246.84,40.6,62.9,181,123,69,360,14.8989899,15.15151515,7.894736842,3.434343434,1.666666667,-3.391812865,-9.166666667,-17.5,-147.2222222,1.5748,0.127,4.2672,15.03968254,2.341269841,-18.33333333,1.1176,15.66666667,2.777777778,-11.66666667,1.2446
1995,XL,KNOL95,XL KNOL95,M,5/16/1995,1995136,4/18/1995,1995108,30,28,27.8,24.2,37.4,13.2,13.5,79.9,13.2,178.2,249.645,42.5,62.1,191,130,86,398,14.84848485,14.7979798,7.30994152,2.676767677,1.515151515,-3.479532164,-13.61111111,-20.27777778,-153.6111111,1.5748,0,4.1402,14.76190476,2.420634921,-19.72222222,1.1176,15.14814815,2,-21.38888889,1.1176
1995,YK,KNOL95,YK KNOL95,U,5/16/1995,1995136,4/18/1995,1995108,30,28,27.5,23,35.3,13.6,12.8,76.8,12.3,157.44,232.98,41.5,61.2,187,126,83,365,14.84848485,14.7979798,7.30994152,2.676767677,1.515151515,-3.479532164,-13.61111111,-20.27777778,-153.6111111,1.5748,0,4.1402,14.76190476,2.420634921,-19.72222222,1.1176,15.14814815,2,-21.38888889,1.1176
1995,AI,KRUD95,AI KRUD95,U,5/8/1995,1995128,4/12/1995,1995102,26,26,26.1,23.8,34.4,14.2,13,79.5,10.6,137.8,233.92,45.1,62.3,172,115,54,432,12.92929293,13.88888889,6.900584795,1.717171717,2.070707071,-4.239766082,-29.44444444,-22.22222222,-164.7222222,2.0828,1.1176,2.7178,14.48412698,2.142857143,-23.61111111,1.5748,14.59259259,2.925925926,-18.61111111,1.5748
1995,BH,KRUD95,BH KRUD95,U,5/8/1995,1995128,4/12/1995,1995102,26,26,25.8,22.7,35.7,14.3,13.6,77.8,13,176.8,249.0075,42.1,62.4,167,105,54,410,12.92929293,13.88888889,6.900584795,1.717171717,2.070707071,-4.239766082,-29.44444444,-22.22222222,-164.7222222,2.0828,1.1176,2.7178,14.48412698,2.142857143,-23.61111111,1.5748,14.59259259,2.925925926,-18.61111111,1.5748
1995,CG,KRUD95,CG KRUD95,U,5/8/1995,1995128,4/12/1995,1995102,26,26,26.1,23.8,36.2,13.5,12.7,78.8,12.4,157.48,237.11,42.6,62.7,170,111,58,435,12.92929293,13.88888889,6.900584795,1.717171717,2.070707071,-4.239766082,-29.44444444,-22.22222222,-164.7222222,2.0828,1.1176,2.7178,14.48412698,2.142857143,-23.61111111,1.5748,14.59259259,2.925925926,-18.61111111,1.5748
1995,DF,KRUD95,DF KRUD95,U,5/8/1995,1995128,4/12/1995,1995102,26,26,25.6,22.5,34.1,12.2,13,76.4,11.6,150.8,214.83,42.3,59.7,164,103,52,395,12.92929293,13.88888889,6.900584795,1.717171717,2.070707071,-4.239766082,-29.44444444,-22.22222222,-164.7222222,2.0828,1.1176,2.7178,14.48412698,2.142857143,-23.61111111,1.5748,14.59259259,2.925925926,-18.61111111,1.5748
1995,EE,KRUD95,EE KRUD95,U,5/8/1995,1995128,4/13/1995,1995103,26,25,24.6,22.8,37.4,13.6,13.6,80.7,14.6,198.56,254.32,43.3,63,141,82,25,415,12.47474747,14.5959596,7.514619883,1.515151515,2.121212121,-3.567251462,-33.05555556,-18.05555556,-152.5,2.0828,1.1176,3.6068,14.56349206,2.579365079,-20,1.5748,14.59259259,2.740740741,-20,1.27
1995,AH,LIBE95,AH LIBE95,U,5/16/1995,1995136,4/21/1995,1995111,27,25,25.3,20,33.2,12.5,11.8,74.4,13.2,155.76,201.69,41.2,58.8,156,98,43,345,13.83838384,15.95959596,9.152046784,2.878787879,3.383838384,-2.397660819,-18.05555556,-3.611111111,-125.8333333,1.27,2.6416,4.2672,15.47619048,2.46031746,-14.44444444,1.1176,15.96296296,3.407407407,-4.722222222,3.7338
1995,BG,LIBE95,BG LIBE95,U,5/16/1995,1995136,4/21/1995,1995111,27,25,24.8,18.8,27.4,11.5,10.9,70.1,8.6,93.74,153.44,42.7,53.7,143,86,32,302,13.83838384,15.95959596,9.152046784,2.878787879,3.383838384,-2.397660819,-18.05555556,-3.611111111,-125.8333333,1.27,2.6416,4.2672,15.47619048,2.46031746,-14.44444444,1.1176,15.96296296,3.407407407,-4.722222222,3.7338
1995,ZJ,LIBE95,ZJ LIBE95,U,5/16/1995,1995136,4/20/1995,1995110,28,26,26.2,20.4,31.2,12.5,11.6,70.7,10.8,125.28,187.98,39.5,54.3,160,119,54,260,14.5959596,15.3030303,8.684210526,3.131313131,2.575757576,-2.953216374,-12.5,-11.66666667,-135.5555556,1.27,0.508,4.2672,15.35714286,2.222222222,-16.94444444,1.1176,15.62962963,3.111111111,-9.444444444,1.6002
1995,FA,MUDD95,FA MUDD95,U,6/1/1995,1995152,5/4/1995,1995124,27,28,27.9,27.8,40.1,13.3,14.3,84.6,12.3,175.89,276.69,44.5,61.8,207,140,80,425,16.96969697,19.94949495,14.09356725,4.545454545,7.424242424,1.754385965,8.333333333,40.55555556,-39.44444444,2.667,1.27,1.5748,18.37301587,7.182539683,38.88888889,3.3274,19.62962963,7.962962963,56.94444444,3.81
1995,GZ,MUDD95,GZ MUDD95,U,6/1/1995,1995152,5/4/1995,1995124,27,28,27.5,26.8,39.6,14.1,14.6,80.3,12.8,186.88,284.13,40.7,59,191,132,78,350,16.96969697,19.94949495,14.09356725,4.545454545,7.424242424,1.754385965,8.333333333,40.55555556,-39.44444444,2.667,1.27,1.5748,18.37301587,7.182539683,38.88888889,3.3274,19.62962963,7.962962963,56.94444444,3.81
1995,HY,MUDD95,HY MUDD95,U,6/1/1995,1995152,5/4/1995,1995124,27,28,27.6,25.7,35.3,13.6,12.8,79.7,9.6,122.88,232.98,44.4,59,192,135,79,370,16.96969697,19.94949495,14.09356725,4.545454545,7.424242424,1.754385965,8.333333333,40.55555556,-39.44444444,2.667,1.27,1.5748,18.37301587,7.182539683,38.88888889,3.3274,19.62962963,7.962962963,56.94444444,3.81
1995,IX,MUDD95,IX MUDD95,F,6/1/1995,1995152,5/5/1995,1995125,27,27,26.7,25,37.2,12.9,14.1,79.7,12.2,172.02,251.1,42.5,61.1,182,124,66,390,16.66666667,20.35353535,14.70760234,5.555555556,7.424242424,2.339181287,12.22222222,42.77777778,-28.05555556,3.048,1.397,1.5748,18.80952381,7.5,44.16666667,3.3274,19.81481481,8.074074074,59.16666667,3.937
1995,ED,NDYC95,ED NDYC95,U,5/17/1995,1995137,4/20/1995,1995110,29,27,27.3,24.1,37.5,14.3,12.8,80,13.4,171.52,254.0625,42.5,60.5,186,128,77,405,14.5959596,15.3030303,8.684210526,3.131313131,2.575757576,-2.953216374,-12.5,-11.66666667,-135.5555556,1.27,0.508,4.2672,15.35714286,2.222222222,-16.94444444,1.1176,15.62962963,3.111111111,-9.444444444,1.6002
1995,FC,NDYC95,FC NDYC95,U,5/17/1995,1995137,4/19/1995,1995109,29,28,27.8,25.3,36.6,13,13.3,81.3,11.3,150.29,240.645,44.7,61.1,196,137,81,430,14.8989899,15.15151515,7.894736842,3.434343434,1.666666667,-3.391812865,-9.166666667,-17.5,-147.2222222,1.5748,0.127,4.2672,15.03968254,2.341269841,-18.33333333,1.1176,15.66666667,2.777777778,-11.66666667,1.2446
1995,GB,NDYC95,GB NDYC95,U,5/17/1995,1995137,4/20/1995,1995110,29,27,27.4,23.9,35,14.5,13.9,79.7,11.1,154.29,248.5,44.7,62.1,192,135,73,458,14.5959596,15.3030303,8.684210526,3.131313131,2.575757576,-2.953216374,-12.5,-11.66666667,-135.5555556,1.27,0.508,4.2672,15.35714286,2.222222222,-16.94444444,1.1176,15.62962963,3.111111111,-9.444444444,1.6002
1995,HA,NDYC95,HA NDYC95,U,5/17/1995,1995137,4/20/1995,1995110,28,27,27.3,22.7,34.5,13.4,13.2,76.9,11.8,155.76,229.425,42.4,60.7,193,128,76,390,14.5959596,15.3030303,8.684210526,3.131313131,2.575757576,-2.953216374,-12.5,-11.66666667,-135.5555556,1.27,0.508,4.2672,15.35714286,2.222222222,-16.94444444,1.1176,15.62962963,3.111111111,-9.444444444,1.6002
1995,JX,NEEL95,JX NEEL95,U,5/23/1995,1995143,4/26/1995,1995116,26,27,27.2,24,37.4,13.1,11.9,79.2,13.4,159.46,233.75,41.8,59.6,184,124,78,392,16.11111111,17.07070707,10.52631579,3.686868687,5.909090909,-0.526315789,-1.111111111,16.38888889,-95,1.1176,3.048,3.2766,16.23015873,4.047619048,1.944444444,2.667,17.11111111,5.37037037,18.61111111,3.048
1995,NT,PINW95,NT PINW95,U,5/23/1995,1995143,4/27/1995,1995117,26,26,26,21.6,33.2,12.1,12.8,73,11.6,148.48,206.67,39.8,54.1,150,89,47,312,15.85858586,17.52525253,11.08187135,3.131313131,6.767676768,0.116959064,-5.555555556,23.61111111,-83.61111111,1.0922,3.0988,2.9972,16.42857143,4.722222222,8.055555556,3.048,17.37037037,5.592592593,22.22222222,3.0988
1995,LV,ROGO95,LV ROGO95,M,5/23/1995,1995143,4/28/1995,1995118,26,25,25.4,21.9,33.5,13.4,12.1,75.6,11.6,140.36,213.5625,42.1,61.3,154,108,35,336,15.80808081,17.52525253,12.13450292,2.272727273,7.676767677,0.643274854,-10.55555556,28.61111111,-68.61111111,1.0922,3.1496,3.9878,16.74603175,4.920634921,11.66666667,3.048,17.07407407,6.037037037,23.33333333,3.1496
1995,MU,ROGO95,MU ROGO95,U,5/23/1995,1995143,4/28/1995,1995118,26,25,25.1,19.2,31.1,13.5,11,71.6,11.9,130.9,190.4875,40.5,60.3,152,91,42,330,15.80808081,17.52525253,12.13450292,2.272727273,7.676767677,0.643274854,-10.55555556,28.61111111,-68.61111111,1.0922,3.1496,3.9878,16.74603175,4.920634921,11.66666667,3.048,17.07407407,6.037037037,23.33333333,3.1496
1995,CD,SAHA95,CD SAHA95,U,5/30/1995,1995150,5/2/1995,1995122,28,28,28.2,24,38,11.5,12.8,81,14,179.2,230.85,43,61.3,202,138,89,422,15.95959596,19.09090909,13.21637427,3.383838384,7.070707071,1.520467836,-3.611111111,33.88888889,-50,2.6416,0.6858,2.3114,17.06349206,5.952380952,21.11111111,3.302,18.37037037,6.925925926,39.72222222,3.3274
1995,DC,SAHA95,DC SAHA95,U,5/30/1995,1995150,5/3/1995,1995123,28,27,26.6,23.7,36.7,12.2,13.1,79.2,13,170.3,232.1275,42.5,61.8,184,120,65,470,16.31313131,19.6969697,13.47953216,4.04040404,7.424242424,1.695906433,1.944444444,39.16666667,-45.83333333,2.667,0.6604,1.8034,17.57936508,6.706349206,30,3.3274,19.18518519,7.777777778,52.22222222,3.3274
1995,EB,SAHA95,EB SAHA95,U,5/30/1995,1995150,5/2/1995,1995122,28,28,28.2,23.8,37.7,11.8,12.9,81.6,13.9,179.31,232.7975,43.9,60.7,193,143,85,423,15.95959596,19.09090909,13.21637427,3.383838384,7.070707071,1.520467836,-3.611111111,33.88888889,-50,2.6416,0.6858,2.3114,17.06349206,5.952380952,21.11111111,3.302,18.37037037,6.925925926,39.72222222,3.3274
1995,AG,WAHA95,AG WAHA95,M,5/22/1995,1995142,4/27/1995,1995117,25,25,25.2,21.4,32.1,12.8,12.9,74.1,10.7,138.03,206.2425,42,59.2,145,94,44,405,15.85858586,17.52525253,11.08187135,3.131313131,6.767676768,0.116959064,-5.555555556,23.61111111,-83.61111111,1.0922,3.0988,2.9972,16.42857143,4.722222222,8.055555556,3.048,17.37037037,5.592592593,22.22222222,3.0988
1995,BF,WAHA95,BF WAHA95,M,5/22/1995,1995142,4/27/1995,1995117,25,25,25.2,22.8,34.4,14,14.3,77.4,11.6,165.88,243.38,43,62.3,152,97,42,425,15.85858586,17.52525253,11.08187135,3.131313131,6.767676768,0.116959064,-5.555555556,23.61111111,-83.61111111,1.0922,3.0988,2.9972,16.42857143,4.722222222,8.055555556,3.048,17.37037037,5.592592593,22.22222222,3.0988
1995,CE,WAHA95,CE WAHA95,F,5/22/1995,1995142,4/27/1995,1995117,25,25,25.1,20.9,31.6,13.5,12.6,74.7,10.7,134.82,206.19,43.1,59.8,149,92,43,395,15.85858586,17.52525253,11.08187135,3.131313131,6.767676768,0.116959064,-5.555555556,23.61111111,-83.61111111,1.0922,3.0988,2.9972,16.42857143,4.722222222,8.055555556,3.048,17.37037037,5.592592593,22.22222222,3.0988
1995,ZI,WAHA95,ZI WAHA95,U,5/22/1995,1995142,4/27/1995,1995117,25,25,25,22.3,34.4,14.2,12.2,75.4,12.1,147.62,227.04,41,60,151,87,41,417,15.85858586,17.52525253,11.08187135,3.131313131,6.767676768,0.116959064,-5.555555556,23.61111111,-83.61111111,1.0922,3.0988,2.9972,16.42857143,4.722222222,8.055555556,3.048,17.37037037,5.592592593,22.22222222,3.0988
1995,VM,WEGO95,VM WEGO95,U,5/22/1995,1995142,4/25/1995,1995115,28,27,27.1,25.3,39.2,12.9,13.9,81.6,13.9,193.21,262.64,42.4,62.6,189,126,75,427,15.45454545,16.66666667,9.970760234,2.97979798,5.151515152,-1.052631579,-8.611111111,10,-105.2777778,1.1176,3.048,3.2512,15.67460317,3.293650794,-7.222222222,2.667,16.55555556,4.62962963,8.888888889,3.048
1995,WL,WEGO95,WL WEGO95,M,5/22/1995,1995142,4/25/1995,1995115,28,27,27.2,24.4,37.7,13.5,14.2,81.3,13.3,188.86,261.0725,43.6,63.8,186,124,77,435,15.45454545,16.66666667,9.970760234,2.97979798,5.151515152,-1.052631579,-8.611111111,10,-105.2777778,1.1176,3.048,3.2512,15.67460317,3.293650794,-7.222222222,2.667,16.55555556,4.62962963,8.888888889,3.048
1995,XK,WEGO95,XK WEGO95,U,5/22/1995,1995142,4/25/1995,1995115,28,27,26.6,23.6,36.1,13.1,13.2,79.8,12.5,165,237.3575,43.7,61.8,183,122,64,380,15.45454545,16.66666667,9.970760234,2.97979798,5.151515152,-1.052631579,-8.611111111,10,-105.2777778,1.1176,3.048,3.2512,15.67460317,3.293650794,-7.222222222,2.667,16.55555556,4.62962963,8.888888889,3.048
1995,YJ,WEGO95,YJ WEGO95,U,5/22/1995,1995142,4/26/1995,1995116,28,26,26.4,23.5,34.5,12.6,12.7,78.2,11,139.7,218.2125,43.7,59.6,170,114,66,372,16.11111111,17.07070707,10.52631579,3.686868687,5.909090909,-0.526315789,-1.111111111,16.38888889,-95,1.1176,3.048,3.2766,16.23015873,4.047619048,1.944444444,2.667,17.11111111,5.37037037,18.61111111,3.048
1995,MV,WILG95,MV WILG95,U,5/18/1995,1995138,4/22/1995,1995112,25,26,26,22,33.5,13.4,13.2,77.2,11.5,151.8,222.775,43.7,63.9,163,106,60,410,13.93939394,16.31313131,9.590643275,2.474747475,4.04040404,-1.578947368,-19.72222222,1.944444444,-113.8888889,1.27,2.667,4.4196,15.5952381,2.658730159,-12.22222222,1.2192,15.59259259,3.444444444,-7.222222222,2.667
1995,NU,WILG95,NU WILG95,U,5/18/1995,1995138,4/23/1995,1995113,25,25,25.3,22.5,34,14.5,13.9,77.6,11.5,159.85,241.4,43.6,62.9,159,99,44,443,13.88888889,16.96969697,9.385964912,2.070707071,4.545454545,-1.666666667,-22.22222222,8.333333333,-116.6666667,1.1176,2.667,3.6322,15.75396825,2.896825397,-9.444444444,1.6002,16.11111111,3.740740741,-1.111111111,2.667
1995,OT,WILG95,OT WILG95,U,5/18/1995,1995138,4/22/1995,1995112,25,26,25.9,22.5,34.3,13.6,13.3,77.9,11.8,156.94,230.6675,43.6,61.6,162,106,57,455,13.93939394,16.31313131,9.590643275,2.474747475,4.04040404,-1.578947368,-19.72222222,1.944444444,-113.8888889,1.27,2.667,4.4196,15.5952381,2.658730159,-12.22222222,1.2192,15.59259259,3.444444444,-7.222222222,2.667
1995,FB,WILO95,FB WILO95,U,5/23/1995,1995143,4/27/1995,1995117,26,26,25.6,22.2,33.9,13.8,13.2,73.5,11.7,154.44,228.825,39.6,57.5,161,105,47,360,15.85858586,17.52525253,11.08187135,3.131313131,6.767676768,0.116959064,-5.555555556,23.61111111,-83.61111111,1.0922,3.0988,2.9972,16.42857143,4.722222222,8.055555556,3.048,17.37037037,5.592592593,22.22222222,3.0988
1995,GA,WILO95,GA WILO95,U,5/23/1995,1995143,4/27/1995,1995117,26,26,26.3,21,33.8,14.1,13.3,77.7,12.8,170.24,231.53,43.9,61.1,173,116,60,427,15.85858586,17.52525253,11.08187135,3.131313131,6.767676768,0.116959064,-5.555555556,23.61111111,-83.61111111,1.0922,3.0988,2.9972,16.42857143,4.722222222,8.055555556,3.048,17.37037037,5.592592593,22.22222222,3.0988
1995,HZ,WILO95,HZ WILO95,U,5/23/1995,1995143,4/26/1995,1995116,26,27,26.7,22.4,31.9,12.4,12.5,73.9,9.5,118.75,198.5775,42,55.1,175,118,69,355,16.11111111,17.07070707,10.52631579,3.686868687,5.909090909,-0.526315789,-1.111111111,16.38888889,-95,1.1176,3.048,3.2766,16.23015873,4.047619048,1.944444444,2.667,17.11111111,5.37037037,18.61111111,3.048
1995,IY,WILO95,IY WILO95,U,5/23/1995,1995143,4/27/1995,1995117,26,26,25.5,19.7,30.8,12.6,12.1,68.7,11.1,134.31,190.19,37.9,52,155,100,48,320,15.85858586,17.52525253,11.08187135,3.131313131,6.767676768,0.116959064,-5.555555556,23.61111111,-83.61111111,1.0922,3.0988,2.9972,16.42857143,4.722222222,8.055555556,3.048,17.37037037,5.592592593,22.22222222,3.0988
1995,NV,WINK95,NV WINK95,U,5/9/1995,1995129,4/14/1995,1995104,24,25,25,21.4,31.7,11.6,11.3,71.3,10.3,116.39,181.4825,39.6,59.2,140,87,42,347,12.02020202,15.45454545,7.660818713,0.757575758,2.97979798,-3.450292398,-39.72222222,-8.611111111,-150,1.1938,1.1176,4.1148,14.56349206,2.817460317,-18.33333333,1.5748,14.48148148,2.962962963,-19.16666667,1.27
1995,OU,WINK95,OU WINK95,U,5/9/1995,1995129,4/13/1995,1995103,24,26,25.5,21.9,35.9,13.4,12.9,76.3,14,180.6,236.0425,40.4,62.6,161,101,48,420,12.47474747,14.5959596,7.514619883,1.515151515,2.121212121,-3.567251462,-33.05555556,-18.05555556,-152.5,2.0828,1.1176,3.6068,14.56349206,2.579365079,-20,1.5748,14.59259259,2.740740741,-20,1.27
1995,PT,WINK95,PT WINK95,U,5/9/1995,1995129,4/14/1995,1995104,24,25,24.8,20.7,32.7,12.4,12.8,71.5,12,153.6,206.01,38.8,60.4,137,83,36,372,12.02020202,15.45454545,7.660818713,0.757575758,2.97979798,-3.450292398,-39.72222222,-8.611111111,-150,1.1938,1.1176,4.1148,14.56349206,2.817460317,-18.33333333,1.5748,14.48148148,2.962962963,-19.16666667,1.27
1995,QS,WINK95,QS WINK95,U,5/9/1995,1995129,4/14/1995,1995104,24,25,24.6,22,33.6,14.1,12.8,74.7,11.6,148.48,225.96,41.1,62.4,138,79,33,407,12.02020202,15.45454545,7.660818713,0.757575758,2.97979798,-3.450292398,-39.72222222,-8.611111111,-150,1.1938,1.1176,4.1148,14.56349206,2.817460317,-18.33333333,1.5748,14.48148148,2.962962963,-19.16666667,1.27
1995,OS,WSAP95,OS WSAP95,U,5/24/1995,1995144,4/29/1995,1995119,26,25,25.1,19.3,30.3,11.8,11.4,68.9,11,125.4,175.74,38.6,52,144,94,39,277,14.7979798,18.13131313,12.71929825,1.515151515,8.131313131,1.520467836,-20.27777778,34.44444444,-54.72222222,0,3.302,3.2004,17.26190476,5.436507937,18.88888889,3.048,17.11111111,5.777777778,21.66666667,3.302
1995,PR,WSAP95,PR WSAP95,U,5/24/1995,1995144,4/29/1995,1995119,26,25,24.8,18.6,30.1,11.4,11,68.5,11.5,126.5,168.56,38.4,49.2,133,86,32,222,14.7979798,18.13131313,12.71929825,1.515151515,8.131313131,1.520467836,-20.27777778,34.44444444,-54.72222222,0,3.302,3.2004,17.26190476,5.436507937,18.88888889,3.048,17.11111111,5.777777778,21.66666667,3.302
1995,QQ,WSAP95,QQ WSAP95,U,5/24/1995,1995144,4/29/1995,1995119,26,25,24.8,19.4,32,11.6,11.6,70.8,12.6,146.16,185.6,38.8,54,138,85,35,277,14.7979798,18.13131313,12.71929825,1.515151515,8.131313131,1.520467836,-20.27777778,34.44444444,-54.72222222,0,3.302,3.2004,17.26190476,5.436507937,18.88888889,3.048,17.11111111,5.777777778,21.66666667,3.302
1995,TO,YATE95,TO YATE95,U,5/19/1995,1995139,4/24/1995,1995114,24,25,25.4,20.9,31.8,13.9,12.1,71.9,10.9,131.89,206.7,40.1,55.1,149,101,46,332,14.5959596,16.66666667,9.298245614,2.121212121,5.555555556,-1.286549708,-18.05555556,12.22222222,-113.8888889,1.1176,3.048,3.2512,15.43650794,3.134920635,-10,2.6416,16.11111111,4.518518519,4.722222222,3.048
1995,UN,YATE95,UN YATE95,U,5/19/1995,1995139,4/24/1995,1995114,24,25,24.8,20.1,28.6,12.3,12.2,69,8.5,103.7,175.175,40.4,51.7,139,85,36,280,14.5959596,16.66666667,9.298245614,2.121212121,5.555555556,-1.286549708,-18.05555556,12.22222222,-113.8888889,1.1176,3.048,3.2512,15.43650794,3.134920635,-10,2.6416,16.11111111,4.518518519,4.722222222,3.048
1996,UJ,BEEB96,UJ BEEB96,U,5/23/1996,1996144,4/26/1996,1996117,27,27,26.6,22.8,35.7,13.4,13.1,78.3,12.9,168.99,236.5125,42.6,59,180,119,66,387,15.1010101,14.49494949,12.25146199,3.636363636,4.191919192,0.906432749,-6.944444444,-7.222222222,-65,4.572,8.3058,9.7028,14.88095238,3.76984127,-9.444444444,11.0998,14.62962963,4.296296296,-8.055555556,9.9314
1996,LT,BROT96,LT BROT96,U,5/15/1996,1996136,4/20/1996,1996111,25,25,25.2,21.2,33.4,13.9,12.1,72.2,12.2,147.62,217.1,38.8,60.1,145,92,45,383,16.96969697,16.21212121,7.923976608,3.98989899,5.050505051,-1.403508772,5.277777778,6.944444444,-128.0555556,4.2672,6.731,8.7122,14.44444444,2.936507937,-18.33333333,5.0546,15.40740741,4.296296296,-2.222222222,8.509
1996,MS,BROT96,MS BROT96,U,5/15/1996,1996136,4/19/1996,1996110,25,26,25.8,22,34.8,13.2,12.2,76.1,12.8,156.16,220.98,41.3,60.5,165,104,57,435,17.17171717,15.25252525,7.69005848,3.484848485,4.545454545,-1.783625731,3.611111111,-1.111111111,-133.8888889,3.2004,5.4864,8.7122,14.48412698,2.738095238,-19.44444444,6.7818,14.92592593,3.925925926,-8.611111111,6.1976
1996,NR,BROT96,NR BROT96,U,5/15/1996,1996136,4/19/1996,1996110,25,26,25.9,23,35.6,13.7,12.7,78.1,12.6,160.02,234.96,42.5,62.2,169,108,55,400,17.17171717,15.25252525,7.69005848,3.484848485,4.545454545,-1.783625731,3.611111111,-1.111111111,-133.8888889,3.2004,5.4864,8.7122,14.48412698,2.738095238,-19.44444444,6.7818,14.92592593,3.925925926,-8.611111111,6.1976
1996,XH,CEME96,XH CEME96,U,5/17/1996,1996138,4/22/1996,1996113,24,25,24.8,21.6,31.9,13.5,10.9,73.8,10.3,112.27,194.59,41.9,57,145,88,32,322,16.06060606,14.94949495,9.532163743,2.676767677,4.494949495,-0.380116959,-6.944444444,-3.055555556,-103.0555556,5.1054,9.9314,8.7376,14.6031746,3.73015873,-11.66666667,6.1976,15.22222222,4.37037037,-3.055555556,12.2174
1996,EY,DUKR96,EY DUKR96,U,5/31/1996,1996152,5/4/1996,1996125,26,27,26.5,24.1,38.4,13.8,13.4,79.6,14.3,191.62,261.12,41.2,60.9,181,117,65,410,14.34343434,22.42424242,15.81871345,3.888888889,9.393939394,3.157894737,-9.722222222,65,-9.722222222,9.9314,3.302,7.2898,19.8015873,8.134920635,55.55555556,11.0998,20.22222222,7.518518519,58.05555556,9.9822
1996,FX,DUKR96,FX DUKR96,U,5/31/1996,1996152,5/4/1996,1996125,26,27,26.6,22.8,34.3,13.6,12.7,75.9,11.5,146.05,225.5225,41.6,59.9,176,118,67,390,14.34343434,22.42424242,15.81871345,3.888888889,9.393939394,3.157894737,-9.722222222,65,-9.722222222,9.9314,3.302,7.2898,19.8015873,8.134920635,55.55555556,11.0998,20.22222222,7.518518519,58.05555556,9.9822
1996,GW,DUKR96,GW DUKR96,U,5/31/1996,1996152,5/5/1996,1996126,26,26,25.8,22.7,37,13.1,13.2,75.4,14.3,188.76,243.275,38.4,61.9,162,104,55,390,14.19191919,22.52525253,15.67251462,3.484848485,9.646464646,3.274853801,-12.77777778,66.94444444,-10,9.652,3.302,7.1374,19.96031746,8.095238095,56.38888889,11.0744,19.51851852,6.962962963,48.61111111,7.6708
1996,HV,DUKR96,HV DUKR96,U,5/31/1996,1996152,5/5/1996,1996126,26,26,26,22.2,34.8,12.8,12.1,74.9,12.6,152.46,216.63,40.1,58.7,165,107,60,382,14.19191919,22.52525253,15.67251462,3.484848485,9.646464646,3.274853801,-12.77777778,66.94444444,-10,9.652,3.302,7.1374,19.96031746,8.095238095,56.38888889,11.0744,19.51851852,6.962962963,48.61111111,7.6708
1996,MQ,ECRI96,MQ ECRI96,U,6/4/1996,1996156,5/9/1996,1996130,25,26,25.9,21.6,35.6,12.6,13.6,74.7,14,190.4,233.18,39.1,57.1,162,107,57,317,17.12121212,20.60606061,15.87719298,6.565656566,7.97979798,3.538011696,20.27777778,47.22222222,-5.555555556,8.6868,2.8956,7.3406,20.75396825,8.055555556,61.66666667,3.302,20.74074074,8.777777778,71.38888889,3.3528
1996,NP,ECRI96,NP ECRI96,U,6/4/1996,1996156,5/9/1996,1996130,25,26,25.7,21,35.2,12.1,13.6,74.4,14.2,193.12,226.16,39.2,57,160,105,53,333,17.12121212,20.60606061,15.87719298,6.565656566,7.97979798,3.538011696,20.27777778,47.22222222,-5.555555556,8.6868,2.8956,7.3406,20.75396825,8.055555556,61.66666667,3.302,20.74074074,8.777777778,71.38888889,3.3528
1996,OO,ECRI96,OO ECRI96,U,6/4/1996,1996156,5/10/1996,1996131,24,25,25,20.2,32.9,12,12,71.3,12.7,152.4,197.4,38.4,56.2,142,91,38,300,18.53535354,18.93939394,15.49707602,7.424242424,6.666666667,3.50877193,32.77777778,30.83333333,-9.444444444,8.4836,2.8956,8.3566,21.42857143,8.849206349,71.94444444,3.302,20.55555556,8.37037037,66.94444444,3.3528
1996,PN,ECRI96,PN ECRI96,U,6/4/1996,1996156,5/10/1996,1996131,24,25,25.1,20.2,33.1,12.3,11.8,69.4,12.9,152.22,199.4275,36.3,52.4,142,94,39,275,18.53535354,18.93939394,15.49707602,7.424242424,6.666666667,3.50877193,32.77777778,30.83333333,-9.444444444,8.4836,2.8956,8.3566,21.42857143,8.849206349,71.94444444,3.302,20.55555556,8.37037037,66.94444444,3.3528
1996,KT,FAEL96,KT FAEL96,U,5/21/1996,1996142,4/23/1996,1996114,29,28,27.7,24.8,37.7,12.9,14,NA,12.9,180.6,253.5325,NA,51.7,196,141,76,307,15.80808081,14.34343434,10.67251462,2.828282828,3.888888889,0.029239766,-7.5,-9.722222222,-88.33333333,5.1054,9.9314,8.1534,15.47619048,4.563492063,0.277777778,7.8486,14.96296296,3.962962963,-8.055555556,12.1666
1996,LS,FAEL96,LS FAEL96,U,5/21/1996,1996142,4/25/1996,1996116,28,26,26.1,21.5,29.2,10.9,12.5,74.2,7.7,96.25,170.82,45,50.2,172,125,43,255,14.64646465,14.84848485,11.6374269,3.181818182,3.888888889,0.438596491,-11.94444444,-6.944444444,-75.27777778,4.4196,8.8646,10.287,15.31746032,4.444444444,-1.666666667,12.1666,14.85185185,3.962962963,-8.888888889,9.9314
1996,MR,FAEL96,MR FAEL96,U,5/21/1996,1996142,4/25/1996,1996116,28,26,25.8,20.3,34,11.6,11.4,71.7,13.7,156.18,195.5,37.7,52.4,166,112,49,235,14.64646465,14.84848485,11.6374269,3.181818182,3.888888889,0.438596491,-11.94444444,-6.944444444,-75.27777778,4.4196,8.8646,10.287,15.31746032,4.444444444,-1.666666667,12.1666,14.85185185,3.962962963,-8.888888889,9.9314
1996,UK,FALL96,UK FALL96,U,5/16/1996,1996137,4/20/1996,1996111,25,26,25.7,21,32.3,12.9,12.7,73.5,11.3,143.51,206.72,41.2,55.1,159,106,50,360,16.96969697,16.21212121,7.923976608,3.98989899,5.050505051,-1.403508772,5.277777778,6.944444444,-128.0555556,4.2672,6.731,8.7122,14.44444444,2.936507937,-18.33333333,5.0546,15.40740741,4.296296296,-2.222222222,8.509
1996,VJ,FALL96,VJ FALL96,U,5/16/1996,1996137,4/20/1996,1996111,25,26,25.5,19.8,32.1,12.6,11.8,71.9,12.3,145.14,195.81,39.8,56.5,159,102,46,365,16.96969697,16.21212121,7.923976608,3.98989899,5.050505051,-1.403508772,5.277777778,6.944444444,-128.0555556,4.2672,6.731,8.7122,14.44444444,2.936507937,-18.33333333,5.0546,15.40740741,4.296296296,-2.222222222,8.509
1996,WI,FALL96,WI FALL96,U,5/16/1996,1996137,4/21/1996,1996112,25,25,25.2,18.4,30.1,12.2,12.4,69.6,11.7,145.08,185.115,39.5,52.6,149,97,42,290,16.61616162,15.60606061,8.771929825,3.383838384,4.797979798,-0.701754386,8.21565038222616e-15,2.222222222,-113.3333333,5.4356,9.906,8.7376,15,3.452380952,-10.83333333,4.8514,15.25925926,4.259259259,-3.611111111,12.192
1996,NQ,FOHO96,NQ FOHO96,U,5/22/1996,1996143,4/27/1996,1996118,24,25,24.6,21.9,35.9,13,13.5,75,14,189,237.8375,39.1,60.8,140,81,32,342,14.34343434,15.65656566,12.98245614,2.878787879,5.404040404,1.374269006,-15.27777778,5.833333333,-53.61111111,4.6482,8.6868,9.3218,14.6031746,3.650793651,-12.22222222,9.9314,15.11111111,4.814814815,-0.555555556,10.3886
1996,OP,FOHO96,OP FOHO96,U,5/22/1996,1996143,4/26/1996,1996117,25,26,25.8,22.5,35.3,13.1,13.4,75.4,12.8,171.52,233.8625,40.1,60.1,165,107,54,342,15.1010101,14.49494949,12.25146199,3.636363636,4.191919192,0.906432749,-6.944444444,-7.222222222,-65,4.572,8.3058,9.7028,14.88095238,3.76984127,-9.444444444,11.0998,14.62962963,4.296296296,-8.055555556,9.9314
1996,QN,FOHO96,QN FOHO96,U,5/22/1996,1996143,4/26/1996,1996117,25,26,26,22.7,36.7,12.1,13.2,75.3,14,184.8,232.1275,38.6,60.6,169,109,58,377,15.1010101,14.49494949,12.25146199,3.636363636,4.191919192,0.906432749,-6.944444444,-7.222222222,-65,4.572,8.3058,9.7028,14.88095238,3.76984127,-9.444444444,11.0998,14.62962963,4.296296296,-8.055555556,9.9314
1996,RM,FOHO96,RM FOHO96,U,5/22/1996,1996143,4/26/1996,1996117,25,26,26,23.2,36.1,12.2,13.1,75.3,12.9,168.99,228.3325,39.2,62.4,174,112,56,385,15.1010101,14.49494949,12.25146199,3.636363636,4.191919192,0.906432749,-6.944444444,-7.222222222,-65,4.572,8.3058,9.7028,14.88095238,3.76984127,-9.444444444,11.0998,14.62962963,4.296296296,-8.055555556,9.9314
1996,TK,HABL96,TK HABL96,M,5/22/1996,1996143,4/26/1996,1996117,25,26,25.5,23,34.8,12.4,12.8,76,11.8,151.04,219.24,41.2,61.1,154,95,53,395,15.1010101,14.49494949,12.25146199,3.636363636,4.191919192,0.906432749,-6.944444444,-7.222222222,-65,4.572,8.3058,9.7028,14.88095238,3.76984127,-9.444444444,11.0998,14.62962963,4.296296296,-8.055555556,9.9314
1996,FY,HART96,FY HART96,M,5/20/1996,1996141,4/24/1996,1996115,25,26,26,23.4,37,12.7,14.4,78.8,13.6,195.84,250.675,41.8,59.6,172,112,55,405,15,14.19191919,11.31578947,2.828282828,3.484848485,0.116959064,-11.94444444,-12.77777778,-81.38888889,5.3594,9.652,9.8806,15.75396825,4.682539683,3.055555556,12.192,14.88888889,3.592592593,-11.38888889,11.0998
1996,GX,HART96,GX HART96,M,5/20/1996,1996141,4/25/1996,1996116,24,25,25.3,22.1,35.7,13,13,76.3,13.6,176.8,232.05,40.6,60.5,152,100,39,375,14.64646465,14.84848485,11.6374269,3.181818182,3.888888889,0.438596491,-11.94444444,-6.944444444,-75.27777778,4.4196,8.8646,10.287,15.31746032,4.444444444,-1.666666667,12.1666,14.85185185,3.962962963,-8.888888889,9.9314
1996,HW,HART96,HW HART96,U,5/20/1996,1996141,4/24/1996,1996115,25,26,26.2,24.5,36.5,12.8,13.8,80.7,12,165.6,242.725,44.2,63.7,173,117,55,410,15,14.19191919,11.31578947,2.828282828,3.484848485,0.116959064,-11.94444444,-12.77777778,-81.38888889,5.3594,9.652,9.8806,15.75396825,4.682539683,3.055555556,12.192,14.88888889,3.592592593,-11.38888889,11.0998
1996,IV,HART96,IV HART96,U,5/20/1996,1996141,4/24/1996,1996115,25,26,26,22.4,36.6,12,12.8,74.8,14.2,181.76,226.92,38.2,59.1,166,110,57,362,15,14.19191919,11.31578947,2.828282828,3.484848485,0.116959064,-11.94444444,-12.77777778,-81.38888889,5.3594,9.652,9.8806,15.75396825,4.682539683,3.055555556,12.192,14.88888889,3.592592593,-11.38888889,11.0998
1996,JU,HART96,JU HART96,U,5/20/1996,1996141,4/25/1996,1996116,24,25,24.8,20.7,32.3,12.4,12.9,71,11.6,149.64,204.2975,38.7,57.4,139,87,35,325,14.64646465,14.84848485,11.6374269,3.181818182,3.888888889,0.438596491,-11.94444444,-6.944444444,-75.27777778,4.4196,8.8646,10.287,15.31746032,4.444444444,-1.666666667,12.1666,14.85185185,3.962962963,-8.888888889,9.9314
1996,VI,HASH96,VI HASH96,U,5/23/1996,1996144,4/27/1996,1996118,25,26,25.5,21.9,36.4,13.9,13.5,76.2,14.5,195.75,249.34,39.8,61.4,162,98,50,440,14.34343434,15.65656566,12.98245614,2.878787879,5.404040404,1.374269006,-15.27777778,5.833333333,-53.61111111,4.6482,8.6868,9.3218,14.6031746,3.650793651,-12.22222222,9.9314,15.11111111,4.814814815,-0.555555556,10.3886
1996,WH,HASH96,WH HASH96,U,5/23/1996,1996144,4/27/1996,1996118,25,26,25.8,23.7,37.8,13.7,13.8,80.2,14.1,194.58,259.875,42.4,62.5,169,104,56,427,14.34343434,15.65656566,12.98245614,2.878787879,5.404040404,1.374269006,-15.27777778,5.833333333,-53.61111111,4.6482,8.6868,9.3218,14.6031746,3.650793651,-12.22222222,9.9314,15.11111111,4.814814815,-0.555555556,10.3886
1996,XG,HASH96,XG HASH96,U,5/23/1996,1996144,4/28/1996,1996119,25,25,25.4,22.6,35.4,14.3,13.7,76.1,12.8,175.36,247.8,40.7,62.6,159,93,52,447,14.34343434,17.12121212,13.1871345,3.080808081,6.565656566,1.754385965,-14.16666667,20.27777778,-48.05555556,3.9878,8.6868,9.3218,14.84126984,4.007936508,-8.055555556,9.9314,16.03703704,5.481481481,11.38888889,10.1092
1996,AD,ITTC96,AD ITTC96,U,5/17/1996,1996138,4/22/1996,1996113,25,25,24.8,21.5,33.4,12.5,12.6,74.8,11.9,149.94,209.585,41.4,58.4,142,82,37,374,16.06060606,14.94949495,9.532163743,2.676767677,4.494949495,-0.380116959,-6.944444444,-3.055555556,-103.0555556,5.1054,9.9314,8.7376,14.6031746,3.73015873,-11.66666667,6.1976,15.22222222,4.37037037,-3.055555556,12.2174
1996,BC,ITTC96,BC ITTC96,U,5/17/1996,1996138,4/23/1996,1996114,25,24,24.4,20.3,31.1,11.4,12.3,71.6,10.8,132.84,184.2675,40.5,53.8,129,71,27,337,15.80808081,14.34343434,10.67251462,2.828282828,3.888888889,0.029239766,-7.5,-9.722222222,-88.33333333,5.1054,9.9314,8.1534,15.47619048,4.563492063,0.277777778,7.8486,14.96296296,3.962962963,-8.055555556,12.1666
1996,CB,ITTC96,CB ITTC96,U,5/17/1996,1996138,4/22/1996,1996113,25,25,24.8,22.5,33.6,12.6,12.9,75.6,11.1,143.19,214.2,42,57.5,141,87,34,400,16.06060606,14.94949495,9.532163743,2.676767677,4.494949495,-0.380116959,-6.944444444,-3.055555556,-103.0555556,5.1054,9.9314,8.7376,14.6031746,3.73015873,-11.66666667,6.1976,15.22222222,4.37037037,-3.055555556,12.2174
1996,CA,MNDY96,CA MNDY96,U,5/24/1996,1996145,4/29/1996,1996120,23,25,25,21.6,35.4,12,12.3,75,13.8,169.74,215.055,39.6,59.4,151,90,41,417,15.25252525,18.53535354,13.62573099,3.888888889,7.424242424,2.280701754,-4.722222222,32.77777778,-38.88888889,4.191,8.4836,9.3726,14.48412698,4.325396825,-8.333333333,9.9314,17.55555556,6.333333333,29.16666667,9.3218
1996,DZ,MNDY96,DZ MNDY96,U,5/24/1996,1996145,4/29/1996,1996120,23,25,24.6,22.1,36.1,13.2,13.8,74.9,14,193.2,243.675,38.8,57.6,144,81,32,402,15.25252525,18.53535354,13.62573099,3.888888889,7.424242424,2.280701754,-4.722222222,32.77777778,-38.88888889,4.191,8.4836,9.3726,14.48412698,4.325396825,-8.333333333,9.9314,17.55555556,6.333333333,29.16666667,9.3218
1996,EA,PACO96,EA PACO96,U,5/13/1996,1996134,4/16/1996,1996107,29,27,27.1,21.4,33.3,11.6,11.8,75,11.9,140.42,194.805,41.7,60,185,123,77,368,16.41414141,14.34343434,7.105263158,3.232323232,2.878787879,-2.192982456,-1.944444444,-15.27777778,-143.3333333,4.064,4.6482,8.1534,16.50793651,3.571428571,0.555555556,5.715,15.22222222,2.925925926,-13.88888889,6.8072
1996,FZ,PACO96,FZ PACO96,U,5/13/1996,1996134,4/17/1996,1996108,29,26,26.1,21.7,33,11.8,12.7,74.9,11.3,143.51,202.125,41.9,59.7,173,113,56,353,16.46464646,14.34343434,7.222222222,3.131313131,3.080808081,-1.959064327,-2.222222222,-14.16666667,-140,3.7846,3.9878,8.7122,15.79365079,3.055555556,-8.055555556,6.1722,14.48148148,2.740740741,-20.83333333,6.7818
1996,GY,PACO96,GY PACO96,M,5/13/1996,1996134,4/17/1996,1996108,29,26,25.9,21.6,32.5,12.9,12,73.1,10.9,130.8,202.3125,40.6,58.6,164,107,58,303,16.46464646,14.34343434,7.222222222,3.131313131,3.080808081,-1.959064327,-2.222222222,-14.16666667,-140,3.7846,3.9878,8.7122,15.79365079,3.055555556,-8.055555556,6.1722,14.48148148,2.740740741,-20.83333333,6.7818
1996,HX,PACO96,HX PACO96,U,5/13/1996,1996134,4/16/1996,1996107,29,27,26.9,22.6,34.2,12,13.4,76.9,11.6,155.44,217.17,42.7,60.5,188,124,71,385,16.41414141,14.34343434,7.105263158,3.232323232,2.878787879,-2.192982456,-1.944444444,-15.27777778,-143.3333333,4.064,4.6482,8.1534,16.50793651,3.571428571,0.555555556,5.715,15.22222222,2.925925926,-13.88888889,6.8072
1996,JT,POND96,JT POND96,U,5/31/1996,1996152,5/5/1996,1996126,25,26,26.2,20.7,34.4,12.9,13,72.8,13.7,178.1,222.74,38.4,58.4,173,113,59,400,14.19191919,22.52525253,15.67251462,3.484848485,9.646464646,3.274853801,-12.77777778,66.94444444,-10,9.652,3.302,7.1374,19.96031746,8.095238095,56.38888889,11.0744,19.51851852,6.962962963,48.61111111,7.6708
1996,KS,POND96,KS POND96,U,5/31/1996,1996152,5/5/1996,1996126,25,26,26.2,22.1,35.2,14.1,13.6,76.8,13.1,178.16,243.76,41.6,60.4,174,113,61,425,14.19191919,22.52525253,15.67251462,3.484848485,9.646464646,3.274853801,-12.77777778,66.94444444,-10,9.652,3.302,7.1374,19.96031746,8.095238095,56.38888889,11.0744,19.51851852,6.962962963,48.61111111,7.6708
1996,LR,POND96,LR POND96,U,5/31/1996,1996152,5/6/1996,1996127,24,25,24.7,19.3,31.6,13.3,12,73,12.3,147.6,199.87,41.4,58.6,142,83,32,345,14.84848485,22.47474747,16.11111111,3.888888889,9.646464646,3.50877193,-6.944444444,66.66666667,-3.611111111,8.8646,3.302,7.0612,20.63492063,8.015873016,60.55555556,9.9822,19.88888889,7.518518519,55.55555556,3.3274
1996,QM,ROGO96,QM ROGO96,U,6/4/1996,1996156,5/10/1996,1996131,25,25,25.1,20.4,33.3,13.4,12.2,73.5,12.9,157.38,213.12,40.2,62.1,151,92,40,320,18.53535354,18.93939394,15.49707602,7.424242424,6.666666667,3.50877193,32.77777778,30.83333333,-9.444444444,8.4836,2.8956,8.3566,21.42857143,8.849206349,71.94444444,3.302,20.55555556,8.37037037,66.94444444,3.3528
1996,IW,STAD96,IW STAD96,U,5/15/1996,1996136,4/19/1996,1996110,25,26,26.4,24.2,37,13.9,13.7,76.9,12.8,175.36,255.3,39.9,58.4,172,118,62,408,17.17171717,15.25252525,7.69005848,3.484848485,4.545454545,-1.783625731,3.611111111,-1.111111111,-133.8888889,3.2004,5.4864,8.7122,14.48412698,2.738095238,-19.44444444,6.7818,14.92592593,3.925925926,-8.611111111,6.1976
1996,JV,STAD96,JV STAD96,U,5/15/1996,1996136,4/19/1996,1996110,24,26,26.4,21.4,32.1,12.4,12.7,75,10.7,135.89,201.4275,42.9,58.5,171,118,62,353,17.17171717,15.25252525,7.69005848,3.484848485,4.545454545,-1.783625731,3.611111111,-1.111111111,-133.8888889,3.2004,5.4864,8.7122,14.48412698,2.738095238,-19.44444444,6.7818,14.92592593,3.925925926,-8.611111111,6.1976
1996,KU,STAD96,KU STAD96,M,5/15/1996,1996136,4/19/1996,1996110,25,26,26.4,22.1,34,12.8,13.9,76.5,11.9,165.41,226.95,42.5,57.6,170,119,62,417,17.17171717,15.25252525,7.69005848,3.484848485,4.545454545,-1.783625731,3.611111111,-1.111111111,-133.8888889,3.2004,5.4864,8.7122,14.48412698,2.738095238,-19.44444444,6.7818,14.92592593,3.925925926,-8.611111111,6.1976
1996,AC,TORG96,AC TORG96,M,5/23/1996,1996144,4/26/1996,1996117,28,27,27,24.5,37.5,13.3,12.9,80.8,13,167.7,245.625,43.3,61.5,188,128,70,410,15.1010101,14.49494949,12.25146199,3.636363636,4.191919192,0.906432749,-6.944444444,-7.222222222,-65,4.572,8.3058,9.7028,14.88095238,3.76984127,-9.444444444,11.0998,14.62962963,4.296296296,-8.055555556,9.9314
1996,BB,TORG96,BB TORG96,U,5/23/1996,1996144,4/26/1996,1996117,28,27,26.7,24,37.2,13.1,13.6,79.3,13.2,179.52,248.31,42.1,59.6,181,122,68,380,15.1010101,14.49494949,12.25146199,3.636363636,4.191919192,0.906432749,-6.944444444,-7.222222222,-65,4.572,8.3058,9.7028,14.88095238,3.76984127,-9.444444444,11.0998,14.62962963,4.296296296,-8.055555556,9.9314
1996,YF,TORG96,YF TORG96,U,5/23/1996,1996144,4/27/1996,1996118,27,26,25.9,23.6,37.7,13.3,13.8,77,14.1,194.58,255.4175,39.3,60.7,174,113,51,372,14.34343434,15.65656566,12.98245614,2.878787879,5.404040404,1.374269006,-15.27777778,5.833333333,-53.61111111,4.6482,8.6868,9.3218,14.6031746,3.650793651,-12.22222222,9.9314,15.11111111,4.814814815,-0.555555556,10.3886
1996,ZE,TORG96,ZE TORG96,U,5/23/1996,1996144,4/26/1996,1996117,28,27,26.8,22.4,35.8,12.2,12.9,76.7,13.4,172.86,224.645,40.9,59.4,181,120,70,365,15.1010101,14.49494949,12.25146199,3.636363636,4.191919192,0.906432749,-6.944444444,-7.222222222,-65,4.572,8.3058,9.7028,14.88095238,3.76984127,-9.444444444,11.0998,14.62962963,4.296296296,-8.055555556,9.9314
1996,RL,WCEM96,RL WCEM96,U,6/10/1996,1996162,5/13/1996,1996134,29,28,27.6,22.1,35.1,12.2,11.8,76.8,13,153.4,210.6,41.7,55.5,201,141,72,305,20.60606061,18.78787879,14.79532164,8.232323232,6.212121212,3.742690058,48.61111111,27.5,-13.88888889,3.0734,0.3048,13.2842,21.19047619,8.373015873,66.94444444,3.3528,21.07407407,7.777777778,66.38888889,2.8956
1996,SK,WCEM96,SK WCEM96,U,6/10/1996,1996162,5/15/1996,1996136,28,26,25.6,19.6,31.1,11.6,11.1,71.3,11.5,127.65,176.4925,40.2,51.4,166,111,41,232,22.42424242,19.64646465,14.53216374,9.393939394,7.424242424,3.304093567,65,38.88888889,-20.55555556,3.302,0.0508,12.8778,20.71428571,7.420634921,56.94444444,2.8956,19.74074074,7.037037037,50.83333333,2.8194
1996,O3,WHI296,O3 WHI296,U,6/26/1996,1996178,6/1/1996,1996153,25,25,25.2,21.7,34.6,13.2,12.6,75.1,12.9,162.54,223.17,40.5,59.3,151,96,43,360,25.75757576,25.50505051,19.67836257,12.57575758,14.94949495,7.16374269,100.8333333,112.5,65,3.3782,3.0734,3.3528,26.66666667,14.56349206,148.6111111,5.1308,26.44444444,15.59259259,165.2777778,6.3246
1996,WG,WHI296,WG WHI296,U,6/26/1996,1996178,5/31/1996,1996152,25,26,25.5,20.5,32.7,12.3,13.2,74.1,12.2,161.04,208.4625,41.4,59.9,162,100,51,380,24.54545455,25.90909091,18.91812865,11.01010101,15.45454545,6.959064327,85.55555556,117.5,55.83333333,3.3782,2.9972,3.3782,26.9047619,14.32539683,148.6111111,3.7592,26.48148148,15.48148148,164.7222222,6.3754
1996,XF,WHI296,XF WHI296,U,6/26/1996,1996178,6/1/1996,1996153,25,25,25.2,21.1,34.1,12.9,13.5,73.2,13,175.5,225.06,39.1,58.8,154,94,45,400,25.75757576,25.50505051,19.67836257,12.57575758,14.94949495,7.16374269,100.8333333,112.5,65,3.3782,3.0734,3.3528,26.66666667,14.56349206,148.6111111,5.1308,26.44444444,15.59259259,165.2777778,6.3246
1996,AE,WINK96,AE WINK96,M,5/13/1996,1996134,4/17/1996,1996108,26,26,25.9,22.9,35.2,12.3,11.7,75.4,12.3,143.91,211.2,40.2,62.2,171,109,56,395,16.46464646,14.34343434,7.222222222,3.131313131,3.080808081,-1.959064327,-2.222222222,-14.16666667,-140,3.7846,3.9878,8.7122,15.79365079,3.055555556,-8.055555556,6.1722,14.48148148,2.740740741,-20.83333333,6.7818
1996,BD,WINK96,BD WINK96,U,5/13/1996,1996134,4/17/1996,1996108,26,26,25.9,21.9,33.3,12.6,13.6,76.4,11.4,155.04,218.115,43.1,62.5,169,111,53,445,16.46464646,14.34343434,7.222222222,3.131313131,3.080808081,-1.959064327,-2.222222222,-14.16666667,-140,3.7846,3.9878,8.7122,15.79365079,3.055555556,-8.055555556,6.1722,14.48148148,2.740740741,-20.83333333,6.7818
1996,CC,WINK96,CC WINK96,U,5/13/1996,1996134,4/18/1996,1996109,26,25,25.2,21.8,34.1,13.1,13.5,75.8,12.3,166.05,226.765,41.7,60.6,155,94,46,418,16.56565657,15.25252525,7.30994152,2.929292929,3.888888889,-2.076023392,-2.777777778,-4.722222222,-140.2777778,3.1496,4.191,8.7122,15.51587302,3.253968254,-8.611111111,6.731,14.7037037,3.222222222,-15.55555556,5.2578
1996,DB,WINK96,DB WINK96,U,5/13/1996,1996134,4/18/1996,1996109,25,25,24.5,19.8,30.2,12.4,11.9,71.5,10.4,123.76,183.465,41.3,57.2,135,75,30,333,16.56565657,15.25252525,7.30994152,2.929292929,3.888888889,-2.076023392,-2.777777778,-4.722222222,-140.2777778,3.1496,4.191,8.7122,15.51587302,3.253968254,-8.611111111,6.731,14.7037037,3.222222222,-15.55555556,5.2578
1997,ON,CEME97,ON CEME97,U,5/20/1997,1997140,4/24/1997,1997114,26,26,25.5,22,33.7,11.8,12.7,73.1,11.7,148.59,206.4125,39.4,52.2,157,105,42,333,16.76767677,15.15151515,9.824561404,1.919191919,3.787878788,-0.81871345,-7.222222222,-5.833333333,-104.4444444,2.2098,1.9812,1.27,15.71428571,3.253968254,-7.222222222,2.8194,16.2962963,4.222222222,3.888888889,2.8194
1997,PM,CEME97,PM CEME97,U,5/20/1997,1997140,4/25/1997,1997115,26,25,25.3,21.6,33.7,12.2,12.4,71.9,12.1,150.04,207.255,38.2,53.6,156,97,45,312,16.41414141,15.55555556,9.590643275,1.666666667,4.141414141,-1.34502924,-10.55555556,-1.666666667,-111.6666667,2.2098,2.1336,1.1684,16.26984127,3.80952381,0.555555556,2.794,15.85185185,3.777777778,-2.777777778,2.9718
1997,QL,CEME97,QL CEME97,U,5/20/1997,1997140,4/24/1997,1997114,26,26,25.6,22.4,34.7,12.4,12.9,75.6,12.3,158.67,219.4775,40.9,51.8,155,104,51,333,16.76767677,15.15151515,9.824561404,1.919191919,3.787878788,-0.81871345,-7.222222222,-5.833333333,-104.4444444,2.2098,1.9812,1.27,15.71428571,3.253968254,-7.222222222,2.8194,16.2962963,4.222222222,3.888888889,2.8194
1997,UE,CLOV97,UE CLOV97,U,5/21/1997,1997141,4/25/1997,1997115,25,26,26.1,21.5,34.4,12.7,11.8,73.7,12.9,152.22,210.7,39.3,56.3,165,111,60,345,16.41414141,15.55555556,9.590643275,1.666666667,4.141414141,-1.34502924,-10.55555556,-1.666666667,-111.6666667,2.2098,2.1336,1.1684,16.26984127,3.80952381,0.555555556,2.794,15.85185185,3.777777778,-2.777777778,2.9718
1997,VD,CLOV97,VD CLOV97,U,5/21/1997,1997141,4/26/1997,1997116,25,25,25,20.8,34.4,13.5,11.5,74.7,13.6,156.4,215,40.3,58.6,151,93,37,323,16.76767677,14.64646465,9.093567251,2.424242424,3.888888889,-1.695906433,-4.444444444,-8.055555556,-119.7222222,2.2098,2.1336,1.1684,16.19047619,4.007936508,1.388888889,2.794,14.85185185,3.851851852,-9.722222222,2.8448
1997,YD,CLOV97,YD CLOV97,U,5/21/1997,1997141,4/25/1997,1997115,25,26,26,22.3,34.7,13.1,12.8,76.7,12.4,158.72,224.6825,42,57.2,169,110,58,390,16.41414141,15.55555556,9.590643275,1.666666667,4.141414141,-1.34502924,-10.55555556,-1.666666667,-111.6666667,2.2098,2.1336,1.1684,16.26984127,3.80952381,0.555555556,2.794,15.85185185,3.777777778,-2.777777778,2.9718
1997,ZC,CLOV97,ZC CLOV97,U,5/21/1997,1997141,4/25/1997,1997115,25,26,25.8,21.5,35.8,12.1,11.9,75.4,14.3,170.17,214.8,39.6,57.2,165,109,51,360,16.41414141,15.55555556,9.590643275,1.666666667,4.141414141,-1.34502924,-10.55555556,-1.666666667,-111.6666667,2.2098,2.1336,1.1684,16.26984127,3.80952381,0.555555556,2.794,15.85185185,3.777777778,-2.777777778,2.9718
1997,VZ,CUPL97,VZ CUPL97,U,6/4/1997,1997155,5/10/1997,1997130,27,25,25.2,21.2,34.7,13.2,12.4,74.3,13.5,167.4,222.08,39.6,57.8,145,93,47,395,15.90909091,16.81818182,15.93567251,4.747474747,5.252525253,1.637426901,3.611111111,11.38888889,-23.05555556,5.5372,0.508,3.4036,15.5952381,3.73015873,-4.722222222,3.9624,16.44444444,4.814814815,9.444444444,4.0894
1997,WY,CUPL97,WY CUPL97,U,6/4/1997,1997155,5/9/1997,1997129,27,26,26.1,22.3,36.6,13.5,13,77.3,14.3,185.9,242.475,40.7,60.4,167,111,58,410,15.2020202,17.27272727,15.23391813,4.595959596,4.646464646,1.49122807,-1.111111111,10.55555556,-31.11111111,3.7338,2.2606,2.3876,15.51587302,3.888888889,-4.166666667,3.9624,16.2962963,4.111111111,3.055555556,4.191
1997,XX,CUPL97,XX CUPL97,U,6/4/1997,1997155,5/8/1997,1997128,27,27,26.9,24.2,36,14,13,79,11.8,153.4,243,43,60.1,176,121,74,420,14.29292929,17.12121212,14.50292398,3.838383838,4.090909091,1.286549708,-10.27777778,6.666666667,-40,2.1082,3.6322,2.413,15.79365079,4.444444444,1.666666667,4.0132,16.07407407,3.851851852,-0.555555556,3.9624
1997,NH,ECRI97,NH ECRI97,U,6/3/1997,1997154,5/9/1997,1997129,30,25,25.4,19.5,31.8,11,11.5,69.4,12.3,141.45,178.875,37.6,51.3,148,98,47,215,15.2020202,17.27272727,15.23391813,4.595959596,4.646464646,1.49122807,-1.111111111,10.55555556,-31.11111111,3.7338,2.2606,2.3876,15.51587302,3.888888889,-4.166666667,3.9624,16.2962963,4.111111111,3.055555556,4.191
1997,XB,ECRI97,XB ECRI97,U,6/3/1997,1997154,5/7/1997,1997127,30,27,27.3,22.1,34.5,11.8,12.7,75.8,12.4,157.48,211.3125,41.3,56,186,132,74,320,14.64646465,16.01010101,14.21052632,3.888888889,3.535353535,1.432748538,-8.055555556,-2.5,-41.38888889,2.1336,3.7846,2.7686,15.99206349,4.682539683,4.722222222,4.0894,15.66666667,3.740740741,-4.444444444,3.9624
1997,YA,ECRI97,YA ECRI97,U,6/3/1997,1997154,5/7/1997,1997127,30,27,26.8,22.2,35.1,12,12.5,76.1,12.9,161.25,214.9875,41,55.4,181,128,65,315,14.64646465,16.01010101,14.21052632,3.888888889,3.535353535,1.432748538,-8.055555556,-2.5,-41.38888889,2.1336,3.7846,2.7686,15.99206349,4.682539683,4.722222222,4.0894,15.66666667,3.740740741,-4.444444444,3.9624
1997,ZZ,ECRI97,ZZ ECRI97,U,6/3/1997,1997154,5/8/1997,1997128,30,26,26,22.2,36.7,12.2,12.6,77,14.5,182.7,227.54,40.3,58.1,171,115,52,297,14.29292929,17.12121212,14.50292398,3.838383838,4.090909091,1.286549708,-10.27777778,6.666666667,-40,2.1082,3.6322,2.413,15.79365079,4.444444444,1.666666667,4.0132,16.07407407,3.851851852,-0.555555556,3.9624
1997,WC,ELLI97,WC ELLI97,U,5/21/1997,1997141,4/23/1997,1997113,28,28,28,20,31.7,11.7,12.1,71.4,11.7,141.57,188.615,39.7,55.7,158,105,52,336,16.66666667,15.15151515,9.736842105,1.616161616,3.535353535,-0.789473684,-9.444444444,-7.222222222,-105,1.905,2.2606,1.27,15.79365079,2.896825397,-9.166666667,3.9624,16.2962963,3.814814815,0.833333333,2.794
1997,YW,IROQ97,YW IROQ97,U,6/5/1997,1997156,5/7/1997,1997127,30,29,28.8,24.8,38.9,11.8,13.5,80.2,14.1,190.35,246.0425,41.3,59,206,145,95,380,14.64646465,16.01010101,14.21052632,3.888888889,3.535353535,1.432748538,-8.055555556,-2.5,-41.38888889,2.1336,3.7846,2.7686,15.99206349,4.682539683,4.722222222,4.0894,15.66666667,3.740740741,-4.444444444,3.9624
1997,ZV,IROQ97,ZV IROQ97,U,6/5/1997,1997156,5/7/1997,1997127,30,29,28.9,26.6,41.5,13.2,14.3,83.9,14.9,213.07,285.3125,42.4,63.9,220,149,95,410,14.64646465,16.01010101,14.21052632,3.888888889,3.535353535,1.432748538,-8.055555556,-2.5,-41.38888889,2.1336,3.7846,2.7686,15.99206349,4.682539683,4.722222222,4.0894,15.66666667,3.740740741,-4.444444444,3.9624
1997,KR,JSUP97,KR JSUP97,M,5/15/1997,1997135,4/20/1997,1997110,25,25,25.1,21.4,34.1,12.4,13.3,75.3,12.7,168.91,219.0925,41.2,63.9,164,97,38,448,13.08080808,15.80808081,9.619883041,0.101010101,3.383838384,-1.228070175,-37.5,-4.444444444,-110.2777778,1.397,2.5908,1.27,15.87301587,1.547619048,-18.05555556,2.3876,15.77777778,2.592592593,-12.22222222,3.9624
1997,LQ,JSUP97,LQ JSUP97,U,5/15/1997,1997135,4/20/1997,1997110,25,25,25,19.9,32.2,12.8,11.8,70.8,12.3,145.14,198.03,38.6,58.9,147,85,46,375,13.08080808,15.80808081,9.619883041,0.101010101,3.383838384,-1.228070175,-37.5,-4.444444444,-110.2777778,1.397,2.5908,1.27,15.87301587,1.547619048,-18.05555556,2.3876,15.77777778,2.592592593,-12.22222222,3.9624
1997,MP,JSUP97,MP JSUP97,F,5/15/1997,1997135,4/19/1997,1997109,25,26,25.6,22.3,35.6,13.1,13.3,78,13.3,176.89,234.96,42.4,60.4,159,100,54,390,11.81818182,16.71717172,9.473684211,-0.050505051,3.03030303,-1.461988304,-45.27777778,-1.388888889,-113.8888889,1.7526,2.032,2.159,16.34920635,1.865079365,-12.5,2.3876,16.18518519,2.148148148,-12.5,3.4036
1997,GV,MURI97,GV MURI97,U,5/14/1997,1997134,4/18/1997,1997108,25,26,25.6,19.7,32.4,12.3,12.1,75.2,12.7,153.67,197.64,42.8,58.8,161,99,53,410,11.21212121,16.06060606,9.736842105,-0.050505051,2.575757576,-1.637426901,-48.61111111,-7.5,-113.0555556,1.7272,1.0922,3.048,16.50793651,1.944444444,-10.83333333,2.2098,15.88888889,1.740740741,-17.77777778,2.3876
1997,HU,MURI97,HU MURI97,U,5/14/1997,1997134,4/19/1997,1997109,25,25,25.4,21.3,35,13,12.3,77.3,13.7,168.51,221.375,42.3,62.1,158,96,49,423,11.81818182,16.71717172,9.473684211,-0.050505051,3.03030303,-1.461988304,-45.27777778,-1.388888889,-113.8888889,1.7526,2.032,2.159,16.34920635,1.865079365,-12.5,2.3876,16.18518519,2.148148148,-12.5,3.4036
1997,IT,MURI97,IT MURI97,U,5/14/1997,1997134,4/19/1997,1997109,25,25,25.1,21.4,34.5,13.7,13,77.4,13.1,170.3,230.2875,42.9,62.3,158,92,43,432,11.81818182,16.71717172,9.473684211,-0.050505051,3.03030303,-1.461988304,-45.27777778,-1.388888889,-113.8888889,1.7526,2.032,2.159,16.34920635,1.865079365,-12.5,2.3876,16.18518519,2.148148148,-12.5,3.4036
1997,JS,MURI97,JS MURI97,U,5/14/1997,1997134,4/19/1997,1997109,25,25,24.7,20.4,34,12.5,12.4,72.2,13.6,168.64,211.65,38.2,58.2,139,80,38,395,11.81818182,16.71717172,9.473684211,-0.050505051,3.03030303,-1.461988304,-45.27777778,-1.388888889,-113.8888889,1.7526,2.032,2.159,16.34920635,1.865079365,-12.5,2.3876,16.18518519,2.148148148,-12.5,3.4036
1997,SV,NMU297,SV NMU297,U,6/9/1997,1997160,5/15/1997,1997135,25,25,25,19.9,32.8,13.2,12.9,70.3,12.9,166.41,214.02,37.5,56.3,144,89,39,350,15.55555556,19.19191919,16.16959064,4.242424242,7.272727273,3.421052632,-1.111111111,35.55555556,-3.888888889,3.8862,3.048,4.191,17.8968254,6.428571429,30.27777778,4.7498,18.22222222,6.62962963,36.38888889,3.175
1997,XT,NMU297,XT NMU297,M,6/9/1997,1997160,5/14/1997,1997134,25,26,25.7,22.3,35.4,13.1,13.3,74.3,13.1,174.23,233.64,38.9,58.8,160,107,51,405,14.94949495,19.24242424,15.96491228,3.787878788,7.575757576,2.953216374,-6.944444444,37.5,-10.27777778,3.7592,3.175,4.1656,18.05555556,5.833333333,27.22222222,6.0198,17.55555556,6.481481481,30.27777778,3.175
1997,YS,NMU297,YS NMU297,U,6/9/1997,1997160,5/14/1997,1997134,25,26,25.9,22.1,36.2,12.8,12.5,74.2,14.1,176.25,228.965,38,56.2,158,105,58,363,14.94949495,19.24242424,15.96491228,3.787878788,7.575757576,2.953216374,-6.944444444,37.5,-10.27777778,3.7592,3.175,4.1656,18.05555556,5.833333333,27.22222222,6.0198,17.55555556,6.481481481,30.27777778,3.175
1997,ZR,NMU297,ZR NMU297,U,6/9/1997,1997160,5/14/1997,1997134,25,26,26,23.2,39.9,13.6,13.6,76,16.7,227.12,271.32,36.1,59.9,167,109,59,385,14.94949495,19.24242424,15.96491228,3.787878788,7.575757576,2.953216374,-6.944444444,37.5,-10.27777778,3.7592,3.175,4.1656,18.05555556,5.833333333,27.22222222,6.0198,17.55555556,6.481481481,30.27777778,3.175
1997,TI,SCEM97,TI SCEM97,U,5/20/1997,1997140,4/24/1997,1997114,25,26,25.7,21.4,32.7,12.8,11.8,74.4,11.3,133.34,201.105,41.7,57.7,162,108,50,330,16.76767677,15.15151515,9.824561404,1.919191919,3.787878788,-0.81871345,-7.222222222,-5.833333333,-104.4444444,2.2098,1.9812,1.27,15.71428571,3.253968254,-7.222222222,2.8194,16.2962963,4.222222222,3.888888889,2.8194
1997,UH,SCEM97,UH SCEM97,U,5/20/1997,1997140,4/24/1997,1997114,25,26,25.8,22.3,32.8,12.8,12.5,73.2,10.5,131.25,207.46,40.4,58.7,160,106,54,370,16.76767677,15.15151515,9.824561404,1.919191919,3.787878788,-0.81871345,-7.222222222,-5.833333333,-104.4444444,2.2098,1.9812,1.27,15.71428571,3.253968254,-7.222222222,2.8194,16.2962963,4.222222222,3.888888889,2.8194
1997,VG,SCEM97,VG SCEM97,U,5/20/1997,1997140,4/25/1997,1997115,24,25,24.6,19.4,30.6,12.5,12.1,72.8,11.2,135.52,188.19,42.2,56.5,136,80,31,330,16.41414141,15.55555556,9.590643275,1.666666667,4.141414141,-1.34502924,-10.55555556,-1.666666667,-111.6666667,2.2098,2.1336,1.1684,16.26984127,3.80952381,0.555555556,2.794,15.85185185,3.777777778,-2.777777778,2.9718
1997,WF,SCEM97,WF SCEM97,U,5/20/1997,1997140,4/25/1997,1997115,25,25,24.9,20.9,31.7,11.6,11.7,72.1,10.8,126.36,184.6525,40.4,55.3,144,88,35,300,16.41414141,15.55555556,9.590643275,1.666666667,4.141414141,-1.34502924,-10.55555556,-1.666666667,-111.6666667,2.2098,2.1336,1.1684,16.26984127,3.80952381,0.555555556,2.794,15.85185185,3.777777778,-2.777777778,2.9718
1997,AB,STAD97,AB STAD97,U,5/13/1997,1997133,4/17/1997,1997107,26,26,26.4,22.3,36.9,12.5,13.9,77.7,14.6,202.94,243.54,40.8,60.6,172,115,65,390,11.16161616,16.26262626,10.32163743,-0.202020202,2.424242424,-1.34502924,-49.72222222,-7.222222222,-104.7222222,0.5842,2.3876,3.1242,16.19047619,1.349206349,-17.22222222,2.2098,15.88888889,1.518518519,-19.44444444,2.3876
1997,BA,STAD97,BA STAD97,U,5/13/1997,1997133,4/17/1997,1997107,26,26,26.1,22.7,36.9,13.3,13,75.6,14.2,184.6,242.6175,38.7,60.3,171,115,56,403,11.16161616,16.26262626,10.32163743,-0.202020202,2.424242424,-1.34502924,-49.72222222,-7.222222222,-104.7222222,0.5842,2.3876,3.1242,16.19047619,1.349206349,-17.22222222,2.2098,15.88888889,1.518518519,-19.44444444,2.3876
1997,CZ,STAD97,CZ STAD97,U,5/13/1997,1997133,4/17/1997,1997107,25,26,25.5,21.7,34.4,13.3,13.2,74.5,12.7,167.64,227.9,40.1,59.1,158,100,49,395,11.16161616,16.26262626,10.32163743,-0.202020202,2.424242424,-1.34502924,-49.72222222,-7.222222222,-104.7222222,0.5842,2.3876,3.1242,16.19047619,1.349206349,-17.22222222,2.2098,15.88888889,1.518518519,-19.44444444,2.3876
1997,DY,STAD97,DY STAD97,U,5/13/1997,1997133,4/17/1997,1997107,26,26,26.1,23.8,36.8,13.7,13.4,77.9,13,174.2,249.32,41.1,60.8,167,114,56,402,11.16161616,16.26262626,10.32163743,-0.202020202,2.424242424,-1.34502924,-49.72222222,-7.222222222,-104.7222222,0.5842,2.3876,3.1242,16.19047619,1.349206349,-17.22222222,2.2098,15.88888889,1.518518519,-19.44444444,2.3876
1997,EX,STAD97,EX STAD97,U,5/13/1997,1997133,4/16/1997,1997106,26,27,26.7,23.4,37.8,13.4,13.8,81.2,14.4,198.72,257.04,43.4,63.8,182,123,67,456,10.90909091,16.81818182,10.52631579,-0.303030303,2.575757576,-0.906432749,-51.66666667,-3.333333333,-98.61111111,0.5842,2.3876,2.9718,15.67460317,1.587301587,-19.16666667,2.2098,16.37037037,1.814814815,-13.61111111,2.3876
1997,NO,SWEG97,NO SWEG97,U,5/19/1997,1997139,4/22/1997,1997112,25,27,27.1,22.8,36.7,13.2,13.9,78.4,13.9,193.21,248.6425,41.7,61.8,185,126,74,450,16.61616162,14.8989899,9.824561404,0.95959596,3.686868687,-0.760233918,-13.33333333,-7.777777778,-103.8888889,1.4986,2.667,1.27,16.34920635,2.420634921,-8.611111111,3.4036,15.92592593,3.518518519,-4.166666667,2.8702
1997,OG,TEGL97,OG TEGL97,U,6/3/1997,1997154,5/9/1997,1997129,25,25,25.2,21,34.2,12.4,12.8,74.7,13.2,168.96,215.46,40.5,59.2,152,94,45,392,15.2020202,17.27272727,15.23391813,4.595959596,4.646464646,1.49122807,-1.111111111,10.55555556,-31.11111111,3.7338,2.2606,2.3876,15.51587302,3.888888889,-4.166666667,3.9624,16.2962963,4.111111111,3.055555556,4.191
1997,QE,TEGL97,QE TEGL97,U,6/3/1997,1997154,5/9/1997,1997129,25,25,24.9,21.4,35.4,12.7,12.8,75.5,14,179.2,225.675,40.1,57.1,145,90,35,375,15.2020202,17.27272727,15.23391813,4.595959596,4.646464646,1.49122807,-1.111111111,10.55555556,-31.11111111,3.7338,2.2606,2.3876,15.51587302,3.888888889,-4.166666667,3.9624,16.2962963,4.111111111,3.055555556,4.191
1997,VV,UPP297,VV UPP297,U,6/6/1997,1997157,5/12/1997,1997132,24,25,25.1,22,35,11.8,12.5,74.3,13,162.5,212.625,39.3,58.4,143,90,45,385,15.70707071,18.43434343,15.67251462,4.646464646,6.868686869,2.339181287,1.944444444,29.16666667,-18.88888889,3.9624,2.9464,4.1148,16.26984127,4.246031746,3.611111111,4.0386,18,6.333333333,32.5,6.3754
1997,TU,UTIC97,TU UTIC97,U,6/30/1997,1997181,6/5/1997,1997156,24,25,25,21.1,34.4,12.5,13,71.5,13.3,172.9,219.3,37.1,59.6,145,87,42,322,24.39393939,26.51515152,17.89473684,9.292929293,15.35353535,5.964912281,75.27777778,120.2777778,36.66666667,1.2954,3.2512,6.7564,25.75396825,12.85714286,130.2777778,3.4544,26.14814815,13.92592593,150.5555556,4.318
1998,U3,CCLI98,U3 CCLI98,F,5/28/1998,1998148,5/3/1998,1998123,28,25,25.3,21.3,32.6,12.5,11.9,71.2,11.3,134.47,198.86,38.6,57.1,149,99,44,320,19.19191919,24.09090909,15.78947368,10.70707071,8.636363636,4.122807018,54.44444444,70,-0.833333333,6.985,0.0508,6.0706,23.37301587,10.43650794,96.66666667,5.2324,22.55555556,8.703703704,84.44444444,5.0038
1998,V4,CCLI98,V4 CCLI98,M,5/28/1998,1998148,5/3/1998,1998123,28,25,25.2,22.4,33.7,13.8,12.8,76.6,11.3,144.64,224.105,42.9,58.4,152,96,42,325,19.19191919,24.09090909,15.78947368,10.70707071,8.636363636,4.122807018,54.44444444,70,-0.833333333,6.985,0.0508,6.0706,23.37301587,10.43650794,96.66666667,5.2324,22.55555556,8.703703704,84.44444444,5.0038
1998,P6,CEME98,P6 CEME98,U,5/18/1998,1998138,4/22/1998,1998112,26,26,26.4,23.1,36.3,12,11.9,74.1,13.2,157.08,216.8925,37.8,53.5,163,116,64,310,15.80808081,19.19191919,12.83625731,2.727272727,10.70707071,1.666666667,-8.055555556,54.44444444,-52.22222222,0.9652,6.985,8.4582,17.73809524,8.134920635,41.11111111,3.7592,19.25925926,9.407407407,65,7.0612
1998,Q7,CEME98,Q7 CEME98,U,5/18/1998,1998138,4/22/1998,1998112,26,26,25.9,22.9,37,11.6,12.6,76.9,14.1,177.66,223.85,39.9,59.1,158,107,57,360,15.80808081,19.19191919,12.83625731,2.727272727,10.70707071,1.666666667,-8.055555556,54.44444444,-52.22222222,0.9652,6.985,8.4582,17.73809524,8.134920635,41.11111111,3.7592,19.25925926,9.407407407,65,7.0612
1998,D4,CSTK98,D4 CSTK98,U,5/14/1998,1998134,4/17/1998,1998107,26,27,26.5,22.4,36.5,14.2,12.7,77,14.1,179.07,245.4625,40.5,61.4,172,117,65,440,14.8989899,18.83838384,14.88304094,2.424242424,8.333333333,3.479532164,-14.72222222,39.44444444,-15.55555556,5.2832,1.8796,5.2832,16.38888889,4.563492063,6.666666667,2.7432,17.2962963,6.37037037,27.5,2.7686
1998,E5,CSTK98,E5 CSTK98,U,5/14/1998,1998134,4/18/1998,1998108,26,26,25.9,23.4,36.5,13.3,12.5,76,13.1,163.75,235.425,39.5,60,165,110,55,410,13.73737374,19.5959596,14.76608187,1.363636364,9.595959596,3.128654971,-26.94444444,50.55555556,-20,5.2832,2.1082,5.6642,16.58730159,5.357142857,13.61111111,2.7432,17.37037037,7.111111111,33.61111111,2.9972
1998,F6,CSTK98,F6 CSTK98,U,5/14/1998,1998134,4/18/1998,1998108,26,26,26.3,22.5,34.6,13.3,12.4,76.2,12.1,150.04,222.305,41.6,57.9,167,113,65,380,13.73737374,19.5959596,14.76608187,1.363636364,9.595959596,3.128654971,-26.94444444,50.55555556,-20,5.2832,2.1082,5.6642,16.58730159,5.357142857,13.61111111,2.7432,17.37037037,7.111111111,33.61111111,2.9972
1998,O7,CUPL98,O7 CUPL98,U,5/27/1998,1998147,5/1/1998,1998121,27,26,25.9,20.6,32.2,12.4,12.1,73.8,11.6,140.36,197.225,41.6,59,168,111,54,380,19.6969697,24.39393939,15.55555556,11.61616162,9.393939394,2.894736842,62.22222222,75.83333333,-14.72222222,6.6548,0.4572,5.8166,22.53968254,10.43650794,90.83333333,5.2324,22.92592593,10.22222222,98.61111111,5.2324
1998,P8,CUPL98,P8 CUPL98,U,5/27/1998,1998147,5/2/1998,1998122,27,25,24.9,20.4,31.2,12.2,11.5,73.3,10.8,124.2,184.86,42.1,60.7,145,90,34,350,19.19191919,24.24242424,15.87719298,11.36363636,8.838383838,3.625730994,58.05555556,71.94444444,-4.722222222,7.0358,0.0508,5.8674,23.01587302,10.51587302,94.72222222,5.2578,22.2962963,9.37037037,87.5,5.2324
1998,Q9,CUPL98,Q9 CUPL98,U,5/27/1998,1998147,4/30/1998,1998120,27,27,26.9,22.8,34.3,11.8,12.1,77.4,11.5,139.15,204.9425,43.1,59.7,185,128,67,380,20.25252525,24.29292929,15.02923977,10.85858586,9.747474747,2.16374269,61.11111111,77.22222222,-26.66666667,2.9718,4.1402,5.7912,22.14285714,10.51587302,88.61111111,6.1468,23.33333333,10.40740741,103.0555556,5.2578
1998,R0,CUPL98,R0 CUPL98,M,5/27/1998,1998147,4/30/1998,1998120,27,27,26.5,22.1,34.5,12.3,13.1,77.2,12.4,162.44,219.075,42.7,59.9,181,118,65,385,20.25252525,24.29292929,15.02923977,10.85858586,9.747474747,2.16374269,61.11111111,77.22222222,-26.66666667,2.9718,4.1402,5.7912,22.14285714,10.51587302,88.61111111,6.1468,23.33333333,10.40740741,103.0555556,5.2578
1998,U1,DBAR98,U1 DBAR98,M,5/19/1998,1998139,4/22/1998,1998112,28,27,27,24.7,39.2,14.6,14.1,83.8,14.5,204.45,281.26,44.6,62.4,185,126,71,483,15.80808081,19.19191919,12.83625731,2.727272727,10.70707071,1.666666667,-8.055555556,54.44444444,-52.22222222,0.9652,6.985,8.4582,17.73809524,8.134920635,41.11111111,3.7592,19.25925926,9.407407407,65,7.0612
1998,V2,DBAR98,V2 DBAR98,F,5/19/1998,1998139,4/22/1998,1998112,28,27,26.8,24,35.3,12.8,13.2,79.3,11.3,149.16,229.45,44,60.7,176,122,70,415,15.80808081,19.19191919,12.83625731,2.727272727,10.70707071,1.666666667,-8.055555556,54.44444444,-52.22222222,0.9652,6.985,8.4582,17.73809524,8.134920635,41.11111111,3.7592,19.25925926,9.407407407,65,7.0612
1998,W3,DBAR98,W3 DBAR98,M,5/19/1998,1998139,4/22/1998,1998112,28,27,26.7,25.9,40.2,12.7,13.4,85.3,14.3,191.62,262.305,45.1,64.1,180,121,67,470,15.80808081,19.19191919,12.83625731,2.727272727,10.70707071,1.666666667,-8.055555556,54.44444444,-52.22222222,0.9652,6.985,8.4582,17.73809524,8.134920635,41.11111111,3.7592,19.25925926,9.407407407,65,7.0612
1998,G9,DOGS98,G9 DOGS98,U,5/26/1998,1998146,4/29/1998,1998119,28,27,26.5,24.5,36.2,14.2,13.8,80.4,11.7,161.46,253.4,44.2,61.2,174,116,68,440,19.5959596,23.58585859,14.26900585,9.595959596,10.05050505,1.783625731,50.55555556,75,-37.5,2.1082,5.0038,5.7912,21.54761905,10.63492063,85.27777778,6.8072,22.77777778,10.59259259,100.2777778,5.2578
1998,H0,DOGS98,H0 DOGS98,U,5/26/1998,1998146,4/30/1998,1998120,28,26,26.4,22.8,35,13.6,13.5,76.8,12.2,164.7,237.125,41.8,61.3,174,117,63,450,20.25252525,24.29292929,15.02923977,10.85858586,9.747474747,2.16374269,61.11111111,77.22222222,-26.66666667,2.9718,4.1402,5.7912,22.14285714,10.51587302,88.61111111,6.1468,23.33333333,10.40740741,103.0555556,5.2578
1998,I1,DOGS98,I1 DOGS98,U,5/26/1998,1998146,4/29/1998,1998119,28,27,27,24.9,37.9,12.7,13.6,82.8,13,176.8,249.1925,44.9,62.2,190,122,74,450,19.5959596,23.58585859,14.26900585,9.595959596,10.05050505,1.783625731,50.55555556,75,-37.5,2.1082,5.0038,5.7912,21.54761905,10.63492063,85.27777778,6.8072,22.77777778,10.59259259,100.2777778,5.2578
1998,J2,DOGS98,J2 DOGS98,U,5/26/1998,1998146,4/29/1998,1998119,28,27,26.9,22.5,33,13.5,13.1,77.2,10.5,137.55,219.45,44.2,62,178,123,70,425,19.5959596,23.58585859,14.26900585,9.595959596,10.05050505,1.783625731,50.55555556,75,-37.5,2.1082,5.0038,5.7912,21.54761905,10.63492063,85.27777778,6.8072,22.77777778,10.59259259,100.2777778,5.2578
1998,K3,DOGS98,K3 DOGS98,U,5/26/1998,1998146,5/1/1998,1998121,28,25,25.4,21.4,32.4,13.4,13,73.2,11,143,213.84,40.8,57.8,157,100,45,395,19.6969697,24.39393939,15.55555556,11.61616162,9.393939394,2.894736842,62.22222222,75.83333333,-14.72222222,6.6548,0.4572,5.8166,22.53968254,10.43650794,90.83333333,5.2324,22.92592593,10.22222222,98.61111111,5.2324
1998,A2,HABL98,A2 HABL98,M,5/19/1998,1998139,4/23/1998,1998113,26,26,26.3,24.1,37.4,14,13.7,80.3,13.3,182.21,258.995,42.9,64.6,176,118,60,445,15.90909091,19.6969697,13.42105263,3.737373737,10.4040404,1.754385965,-1.944444444,55.55555556,-45.83333333,1.1684,6.7818,8.4582,18.49206349,9.126984127,53.33333333,6.6548,19.96296296,10.07407407,75.27777778,7.0612
1998,X4,HABL98,X4 HABL98,U,5/19/1998,1998139,4/23/1998,1998113,26,26,25.9,23.4,36.4,13.6,13.3,79.7,13,172.9,244.79,43.3,64.5,170,107,56,405,15.90909091,19.6969697,13.42105263,3.737373737,10.4040404,1.754385965,-1.944444444,55.55555556,-45.83333333,1.1684,6.7818,8.4582,18.49206349,9.126984127,53.33333333,6.6548,19.96296296,10.07407407,75.27777778,7.0612
1998,Y5,HABL98,Y5 HABL98,F,5/19/1998,1998139,4/24/1998,1998114,26,25,25.4,22.9,35.3,12.3,13.1,76.9,12.4,162.44,224.155,41.6,62.9,153,95,52,440,15.75757576,20.50505051,14.03508772,4.292929293,10.45454545,1.812865497,0.277777778,60.27777778,-39.44444444,1.8288,6.1214,8.4582,19.08730159,9.722222222,61.66666667,7.0612,20.2962963,10.55555556,81.38888889,7.0612
1998,Z6,HABL98,Z6 HABL98,U,5/19/1998,1998139,4/23/1998,1998113,26,26,25.7,22.2,34.7,12.8,12.7,74.8,12.5,158.75,221.2125,40.1,60.1,161,103,53,400,15.90909091,19.6969697,13.42105263,3.737373737,10.4040404,1.754385965,-1.944444444,55.55555556,-45.83333333,1.1684,6.7818,8.4582,18.49206349,9.126984127,53.33333333,6.6548,19.96296296,10.07407407,75.27777778,7.0612
1998,XQ,HALC98,XQ HALC98,U,5/11/1998,1998131,4/16/1998,1998106,26,25,25,22.3,37,14.1,13,75.4,14.7,191.1,250.675,38.4,59.8,139,87,41,370,15.50505051,17.12121212,15.20467836,3.333333333,6.818181818,3.625730994,-6.388888889,21.66666667,-11.11111111,4.6736,2.667,5.2832,15.91269841,3.571428571,-3.611111111,2.0066,17,5.666666667,20,2.7686
1998,YP,HALC98,YP HALC98,U,5/11/1998,1998131,4/16/1998,1998106,26,25,25.4,22.3,35,13,12.3,73,12.7,156.21,221.375,38,59.5,153,95,50,345,15.50505051,17.12121212,15.20467836,3.333333333,6.818181818,3.625730994,-6.388888889,21.66666667,-11.11111111,4.6736,2.667,5.2832,15.91269841,3.571428571,-3.611111111,2.0066,17,5.666666667,20,2.7686
1998,K2,HANS98,K2 HANS98,U,5/22/1998,1998142,4/27/1998,1998117,25,25,25.2,21.9,34.8,12.6,12.2,75.3,12.9,157.38,215.76,40.5,60.2,154,94,43,375,17.12121212,22.52525253,14.26900585,6.818181818,10.25252525,2.280701754,21.66666667,70.27777778,-32.77777778,2.667,5.207,9.3472,20.1984127,10.5952381,75.55555556,7.0358,21.85185185,10.44444444,92.22222222,6.8072
1998,L3,HANS98,L3 HANS98,M,5/22/1998,1998142,4/27/1998,1998117,25,25,24.6,21.7,32.8,13.1,13.2,76.4,11.1,146.52,215.66,43.6,60.2,140,80,30,390,17.12121212,22.52525253,14.26900585,6.818181818,10.25252525,2.280701754,21.66666667,70.27777778,-32.77777778,2.667,5.207,9.3472,20.1984127,10.5952381,75.55555556,7.0358,21.85185185,10.44444444,92.22222222,6.8072
1998,M4,HANS98,M4 HANS98,F,5/22/1998,1998142,4/27/1998,1998117,25,25,24.8,21.2,33.3,12.6,12.9,72.2,12.1,156.09,212.2875,38.9,60.6,146,85,36,387,17.12121212,22.52525253,14.26900585,6.818181818,10.25252525,2.280701754,21.66666667,70.27777778,-32.77777778,2.667,5.207,9.3472,20.1984127,10.5952381,75.55555556,7.0358,21.85185185,10.44444444,92.22222222,6.8072
1998,T1,HOMS98,T1 HOMS98,U,5/25/1998,1998145,4/28/1998,1998118,30,27,26.9,25.3,38.1,13,13,80.9,12.8,166.4,247.65,42.8,59.6,190,128,67,390,18.83838384,22.67676768,14.00584795,8.333333333,10.05050505,1.900584795,39.44444444,70,-38.88888889,1.8796,5.207,7.8994,20.63492063,10.43650794,77.5,6.985,22.37037037,10.59259259,97.22222222,6.1468
1998,U2,HOMS98,U2 HOMS98,U,5/25/1998,1998145,4/28/1998,1998118,30,27,26.9,22.5,35.1,11.4,12.5,77.2,12.6,157.5,209.7225,42.1,57.8,187,125,70,350,18.83838384,22.67676768,14.00584795,8.333333333,10.05050505,1.900584795,39.44444444,70,-38.88888889,1.8796,5.207,7.8994,20.63492063,10.43650794,77.5,6.985,22.37037037,10.59259259,97.22222222,6.1468
1998,G7,JSUP98,G7 JSUP98,F,5/15/1998,1998135,4/17/1998,1998107,29,28,27.8,24.9,38,12.3,13,79.2,13.1,170.3,240.35,41.2,58,195,137,82,358,14.8989899,18.83838384,14.88304094,2.424242424,8.333333333,3.479532164,-14.72222222,39.44444444,-15.55555556,5.2832,1.8796,5.2832,16.38888889,4.563492063,6.666666667,2.7432,17.2962963,6.37037037,27.5,2.7686
1998,H8,JSUP98,H8 JSUP98,F,5/15/1998,1998135,4/17/1998,1998107,29,28,27.8,24.7,37.6,10.9,12.7,80.6,12.9,163.83,221.84,43,60,197,133,84,370,14.8989899,18.83838384,14.88304094,2.424242424,8.333333333,3.479532164,-14.72222222,39.44444444,-15.55555556,5.2832,1.8796,5.2832,16.38888889,4.563492063,6.666666667,2.7432,17.2962963,6.37037037,27.5,2.7686
1998,J0,JSUP98,J0 JSUP98,F,5/15/1998,1998135,4/18/1998,1998108,29,27,26.7,23.3,34,12.9,12.8,75.4,10.7,136.96,218.45,41.4,59.1,176,123,65,345,13.73737374,19.5959596,14.76608187,1.363636364,9.595959596,3.128654971,-26.94444444,50.55555556,-20,5.2832,2.1082,5.6642,16.58730159,5.357142857,13.61111111,2.7432,17.37037037,7.111111111,33.61111111,2.9972
1998,K1,JSUP98,K1 JSUP98,F,5/15/1998,1998135,4/17/1998,1998107,29,28,27.6,25.9,39.5,11.9,13.3,81.7,13.6,180.88,248.85,42.2,58.8,192,133,81,405,14.8989899,18.83838384,14.88304094,2.424242424,8.333333333,3.479532164,-14.72222222,39.44444444,-15.55555556,5.2832,1.8796,5.2832,16.38888889,4.563492063,6.666666667,2.7432,17.2962963,6.37037037,27.5,2.7686
1998,C4,NDYC98,C4 NDYC98,U,5/20/1998,1998140,4/24/1998,1998114,25,26,25.5,22,31.3,12.1,12.4,70,9.3,115.32,191.7125,38.7,57.2,156,100,50,335,15.75757576,20.50505051,14.03508772,4.292929293,10.45454545,1.812865497,0.277777778,60.27777778,-39.44444444,1.8288,6.1214,8.4582,19.08730159,9.722222222,61.66666667,7.0612,20.2962963,10.55555556,81.38888889,7.0612
1998,D5,NDYC98,D5 NDYC98,U,5/20/1998,1998140,4/24/1998,1998114,25,26,25.5,24.5,35.3,12.6,12.3,77,10.8,132.84,219.7425,41.7,59.7,155,100,50,367,15.75757576,20.50505051,14.03508772,4.292929293,10.45454545,1.812865497,0.277777778,60.27777778,-39.44444444,1.8288,6.1214,8.4582,19.08730159,9.722222222,61.66666667,7.0612,20.2962963,10.55555556,81.38888889,7.0612
1998,E6,NDYC98,E6 NDYC98,U,5/20/1998,1998140,4/25/1998,1998115,25,25,24.5,21.6,33.3,12.4,12.2,72.4,11.7,142.74,204.795,39.1,58.4,132,74,31,300,16.21212121,21.21212121,14.67836257,5.303030303,10.2020202,2.16374269,8.333333333,62.77777778,-30,2.7432,5.207,8.5598,19.72222222,10.1984127,69.44444444,7.0612,20.7037037,10.55555556,84.44444444,7.0358
1998,F7,NDYC98,F7 NDYC98,U,5/20/1998,1998140,4/25/1998,1998115,25,25,25.1,21.6,32.6,12.8,12,71.2,11,132,202.12,38.6,57.8,147,91,45,335,16.21212121,21.21212121,14.67836257,5.303030303,10.2020202,2.16374269,8.333333333,62.77777778,-30,2.7432,5.207,8.5598,19.72222222,10.1984127,69.44444444,7.0612,20.7037037,10.55555556,84.44444444,7.0358
1998,G8,NDYC98,G8 NDYC98,U,5/25/1998,1998145,4/30/1998,1998120,30,25,25.4,22.2,32.6,12,12.3,73,10.4,127.92,198.045,40.4,57.4,155,99,46,295,20.25252525,24.29292929,15.02923977,10.85858586,9.747474747,2.16374269,61.11111111,77.22222222,-26.66666667,2.9718,4.1402,5.7912,22.14285714,10.51587302,88.61111111,6.1468,23.33333333,10.40740741,103.0555556,5.2578
1998,N5,NEEL98,N5 NEEL98,U,5/22/1998,1998142,4/27/1998,1998117,25,25,24.9,21.2,31.7,11.6,11.6,71.3,10.5,121.8,183.86,39.6,51.8,140,88,36,270,17.12121212,22.52525253,14.26900585,6.818181818,10.25252525,2.280701754,21.66666667,70.27777778,-32.77777778,2.667,5.207,9.3472,20.1984127,10.5952381,75.55555556,7.0358,21.85185185,10.44444444,92.22222222,6.8072
1998,O6,NEEL98,O6 NEEL98,U,5/22/1998,1998142,4/27/1998,1998117,25,25,25,21.2,32.2,11.6,12.3,72.7,11,135.3,192.395,40.5,56.3,138,86,42,335,17.12121212,22.52525253,14.26900585,6.818181818,10.25252525,2.280701754,21.66666667,70.27777778,-32.77777778,2.667,5.207,9.3472,20.1984127,10.5952381,75.55555556,7.0358,21.85185185,10.44444444,92.22222222,6.8072
1998,Q8,NKEN98,Q8 NKEN98,U,5/22/1998,1998142,4/26/1998,1998116,25,26,25.9,23.5,34.4,12,12.6,78.2,10.9,137.34,211.56,43.8,62.3,167,107,57,400,16.16161616,22.22222222,14.76608187,5.95959596,10.45454545,2.426900585,11.66666667,69.72222222,-26.66666667,2.6416,5.2324,8.5598,19.84126984,10.5952381,73.05555556,7.0612,21.2962963,10.7037037,90,7.0104
1998,OR,ROBT98,OR ROBT98,U,5/12/1998,1998132,4/17/1998,1998107,26,25,25.3,19.7,32.6,12.9,12,73.2,12.9,154.8,202.935,40.6,57.4,147,93,49,363,14.8989899,18.83838384,14.88304094,2.424242424,8.333333333,3.479532164,-14.72222222,39.44444444,-15.55555556,5.2832,1.8796,5.2832,16.38888889,4.563492063,6.666666667,2.7432,17.2962963,6.37037037,27.5,2.7686
1998,A3,ROGO98,A3 ROGO98,U,5/26/1998,1998146,4/28/1998,1998118,28,28,28.1,24.6,37.3,12.7,14.3,81.2,12.7,181.61,251.775,43.9,58.9,195,135,89,400,18.83838384,22.67676768,14.00584795,8.333333333,10.05050505,1.900584795,39.44444444,70,-38.88888889,1.8796,5.207,7.8994,20.63492063,10.43650794,77.5,6.985,22.37037037,10.59259259,97.22222222,6.1468
1998,B4,ROGO98,B4 ROGO98,F,5/26/1998,1998146,4/27/1998,1998117,28,29,29,24.4,36.3,12.5,13.6,80.3,11.9,161.84,236.8575,44,57.1,204,150,95,425,17.12121212,22.52525253,14.26900585,6.818181818,10.25252525,2.280701754,21.66666667,70.27777778,-32.77777778,2.667,5.207,9.3472,20.1984127,10.5952381,75.55555556,7.0358,21.85185185,10.44444444,92.22222222,6.8072
1998,SN,ROOR98,SN ROOR98,U,5/13/1998,1998133,4/18/1998,1998108,25,25,24.8,20.7,33,13.2,12.2,73.4,12.3,150.06,209.55,40.4,57,139,85,38,325,13.73737374,19.5959596,14.76608187,1.363636364,9.595959596,3.128654971,-26.94444444,50.55555556,-20,5.2832,2.1082,5.6642,16.58730159,5.357142857,13.61111111,2.7432,17.37037037,7.111111111,33.61111111,2.9972
1998,UL,ROOR98,UL ROOR98,U,5/13/1998,1998133,4/18/1998,1998108,25,25,25.3,22.8,36.5,13.6,12.9,77.7,13.7,176.73,241.8125,41.2,61.2,151,93,48,380,13.73737374,19.5959596,14.76608187,1.363636364,9.595959596,3.128654971,-26.94444444,50.55555556,-20,5.2832,2.1082,5.6642,16.58730159,5.357142857,13.61111111,2.7432,17.37037037,7.111111111,33.61111111,2.9972
1998,VK,ROTA98,VK ROTA98,U,5/14/1998,1998134,4/19/1998,1998109,25,25,24.9,20.3,32.8,12.1,11.8,71.9,12.5,147.5,195.98,39.1,56.7,143,86,39,290,13.23232323,20.25252525,14.09356725,1.161616162,10.85858586,2.777777778,-30.83333333,61.11111111,-29.72222222,4.9022,2.9718,5.7912,16.82539683,5.833333333,18.61111111,2.7686,17.37037037,7.62962963,37.5,3.7592
1998,WJ,ROTA98,WJ ROTA98,U,5/14/1998,1998134,4/19/1998,1998109,25,25,25.1,21.9,33.7,12.4,12.1,73.1,11.8,142.78,206.4125,39.4,57.9,148,95,38,360,13.23232323,20.25252525,14.09356725,1.161616162,10.85858586,2.777777778,-30.83333333,61.11111111,-29.72222222,4.9022,2.9718,5.7912,16.82539683,5.833333333,18.61111111,2.7686,17.37037037,7.62962963,37.5,3.7592
1998,XI,ROTA98,XI ROTA98,U,5/14/1998,1998134,4/19/1998,1998109,25,25,25.3,21.2,33.6,12.4,12.1,73,12.4,150.04,205.8,39.4,57.2,153,100,42,325,13.23232323,20.25252525,14.09356725,1.161616162,10.85858586,2.777777778,-30.83333333,61.11111111,-29.72222222,4.9022,2.9718,5.7912,16.82539683,5.833333333,18.61111111,2.7686,17.37037037,7.62962963,37.5,3.7592
1998,YH,ROTA98,YH ROTA98,U,5/14/1998,1998134,4/19/1998,1998109,25,25,25.3,21.8,33.5,11.8,12.1,72.4,11.7,141.57,200.1625,38.9,55.4,150,99,44,298,13.23232323,20.25252525,14.09356725,1.161616162,10.85858586,2.777777778,-30.83333333,61.11111111,-29.72222222,4.9022,2.9718,5.7912,16.82539683,5.833333333,18.61111111,2.7686,17.37037037,7.62962963,37.5,3.7592
1998,C5,ROWA98,C5 ROWA98,U,5/26/1998,1998146,4/29/1998,1998119,28,27,26.8,24,37,12.4,12.8,78.3,13,166.4,233.1,41.3,59.6,176,119,72,355,19.5959596,23.58585859,14.26900585,9.595959596,10.05050505,1.783625731,50.55555556,75,-37.5,2.1082,5.0038,5.7912,21.54761905,10.63492063,85.27777778,6.8072,22.77777778,10.59259259,100.2777778,5.2578
1998,D6,ROWA98,D6 ROWA98,U,5/26/1998,1998146,4/29/1998,1998119,28,27,26.7,24.5,38.9,13.3,14.3,79,14.4,205.92,268.41,40.1,59.7,177,121,68,425,19.5959596,23.58585859,14.26900585,9.595959596,10.05050505,1.783625731,50.55555556,75,-37.5,2.1082,5.0038,5.7912,21.54761905,10.63492063,85.27777778,6.8072,22.77777778,10.59259259,100.2777778,5.2578
1998,E7,ROWA98,E7 ROWA98,U,5/26/1998,1998146,4/29/1998,1998119,28,27,26.8,23.2,36.3,12.2,13,76.6,13.1,170.3,228.69,40.3,60.7,181,122,70,400,19.5959596,23.58585859,14.26900585,9.595959596,10.05050505,1.783625731,50.55555556,75,-37.5,2.1082,5.0038,5.7912,21.54761905,10.63492063,85.27777778,6.8072,22.77777778,10.59259259,100.2777778,5.2578
1998,F8,ROWA98,F8 ROWA98,U,5/26/1998,1998146,5/1/1998,1998121,28,25,25.4,21.1,33.5,12.6,12.8,73.4,12.4,158.72,212.725,39.9,58.2,156,99,47,360,19.6969697,24.39393939,15.55555556,11.61616162,9.393939394,2.894736842,62.22222222,75.83333333,-14.72222222,6.6548,0.4572,5.8166,22.53968254,10.43650794,90.83333333,5.2324,22.92592593,10.22222222,98.61111111,5.2324
1998,W4,SECE98,W4 SECE98,U,5/25/1998,1998145,4/29/1998,1998119,25,26,25.9,21.8,33.1,12.2,12.8,75.5,11.3,144.64,206.875,42.4,59.8,167,110,54,300,19.5959596,23.58585859,14.26900585,9.595959596,10.05050505,1.783625731,50.55555556,75,-37.5,2.1082,5.0038,5.7912,21.54761905,10.63492063,85.27777778,6.8072,22.77777778,10.59259259,100.2777778,5.2578
1998,X5,SECE98,X5 SECE98,U,5/25/1998,1998145,4/29/1998,1998119,25,26,26,23.4,35,11.7,12.1,76,11.6,140.36,208.25,41,56.9,179,113,53,305,19.5959596,23.58585859,14.26900585,9.595959596,10.05050505,1.783625731,50.55555556,75,-37.5,2.1082,5.0038,5.7912,21.54761905,10.63492063,85.27777778,6.8072,22.77777778,10.59259259,100.2777778,5.2578
1998,Y6,SECE98,Y6 SECE98,U,5/25/1998,1998145,4/30/1998,1998120,24,25,24.8,21.5,32.4,12.9,11.4,73.1,10.9,124.26,196.83,40.7,54.9,148,97,40,255,20.25252525,24.29292929,15.02923977,10.85858586,9.747474747,2.16374269,61.11111111,77.22222222,-26.66666667,2.9718,4.1402,5.7912,22.14285714,10.51587302,88.61111111,6.1468,23.33333333,10.40740741,103.0555556,5.2578
1998,R8,SSET98,R8 SSET98,U,5/18/1998,1998138,4/23/1998,1998113,26,25,25.3,22.3,36.8,13,12.5,74.7,14.5,181.25,234.6,37.9,56.1,151,98,42,353,15.90909091,19.6969697,13.42105263,3.737373737,10.4040404,1.754385965,-1.944444444,55.55555556,-45.83333333,1.1684,6.7818,8.4582,18.49206349,9.126984127,53.33333333,6.6548,19.96296296,10.07407407,75.27777778,7.0612
1998,S9,SSET98,S9 SSET98,U,5/18/1998,1998138,4/22/1998,1998112,26,26,26,22.7,37.8,12.4,12.8,75.7,15.1,193.28,238.14,37.9,60.2,167,108,59,395,15.80808081,19.19191919,12.83625731,2.727272727,10.70707071,1.666666667,-8.055555556,54.44444444,-52.22222222,0.9652,6.985,8.4582,17.73809524,8.134920635,41.11111111,3.7592,19.25925926,9.407407407,65,7.0612
1998,T0,SSET98,T0 SSET98,U,5/18/1998,1998138,4/22/1998,1998112,26,26,25.5,22.9,37.9,13.6,13.1,78.1,15,196.5,252.9825,40.2,61.2,160,102,47,390,15.80808081,19.19191919,12.83625731,2.727272727,10.70707071,1.666666667,-8.055555556,54.44444444,-52.22222222,0.9652,6.985,8.4582,17.73809524,8.134920635,41.11111111,3.7592,19.25925926,9.407407407,65,7.0612
1998,B2,STAD98,B2 STAD98,U,5/14/1998,1998134,4/17/1998,1998107,28,27,27.2,24.2,37,13.1,13.7,79.4,12.8,175.36,247.9,42.4,59.7,184,126,76,410,14.8989899,18.83838384,14.88304094,2.424242424,8.333333333,3.479532164,-14.72222222,39.44444444,-15.55555556,5.2832,1.8796,5.2832,16.38888889,4.563492063,6.666666667,2.7432,17.2962963,6.37037037,27.5,2.7686
1998,C3,STAD98,C3 STAD98,U,5/14/1998,1998134,4/17/1998,1998107,27,27,27,21.6,34.7,12.1,12.4,74.4,13.1,162.44,212.5375,39.7,58.1,186,124,72,400,14.8989899,18.83838384,14.88304094,2.424242424,8.333333333,3.479532164,-14.72222222,39.44444444,-15.55555556,5.2832,1.8796,5.2832,16.38888889,4.563492063,6.666666667,2.7432,17.2962963,6.37037037,27.5,2.7686
1998,G-2,STAD98,G-2 STAD98,U,5/14/1998,1998134,4/17/1998,1998107,28,27,27.3,22.8,35,NA,13.1,82,12.2,159.82,114.625,47,59.7,185,128,78,380,14.8989899,18.83838384,14.88304094,2.424242424,8.333333333,3.479532164,-14.72222222,39.44444444,-15.55555556,5.2832,1.8796,5.2832,16.38888889,4.563492063,6.666666667,2.7432,17.2962963,6.37037037,27.5,2.7686
1998,L2,STAT98,L2 STAT98,U,5/18/1998,1998138,4/22/1998,1998112,26,26,26.1,24.5,37.5,13.1,13.1,79.3,13,170.3,245.625,41.8,55.5,169,113,57,400,15.80808081,19.19191919,12.83625731,2.727272727,10.70707071,1.666666667,-8.055555556,54.44444444,-52.22222222,0.9652,6.985,8.4582,17.73809524,8.134920635,41.11111111,3.7592,19.25925926,9.407407407,65,7.0612
1998,M3,STAT98,M3 STAT98,U,5/18/1998,1998138,4/22/1998,1998112,26,26,26.1,22.5,35.1,13,12.4,75,12.6,156.24,222.885,39.9,53.5,167,112,59,370,15.80808081,19.19191919,12.83625731,2.727272727,10.70707071,1.666666667,-8.055555556,54.44444444,-52.22222222,0.9652,6.985,8.4582,17.73809524,8.134920635,41.11111111,3.7592,19.25925926,9.407407407,65,7.0612
1998,N4,STAT98,N4 STAT98,U,5/18/1998,1998138,4/21/1998,1998111,26,27,26.6,25.7,38.6,13.9,13.6,80.4,12.9,175.44,265.375,41.8,58.1,176,120,67,410,15.05050505,19.19191919,12.63157895,1.515151515,11.36363636,1.812865497,-18.88888889,58.05555556,-52.77777778,1.0922,7.0358,8.7122,17.18253968,7.301587302,31.38888889,2.8956,18.33333333,9,55,7.0612
1998,O5,STAT98,O5 STAT98,U,5/18/1998,1998138,4/23/1998,1998113,25,25,25.2,20.8,33.7,12.4,11.6,71.8,12.9,149.64,202.2,38.1,50.7,146,95,43,298,15.90909091,19.6969697,13.42105263,3.737373737,10.4040404,1.754385965,-1.944444444,55.55555556,-45.83333333,1.1684,6.7818,8.4582,18.49206349,9.126984127,53.33333333,6.6548,19.96296296,10.07407407,75.27777778,7.0612
1998,M-1,SWEG98,M-1 SWEG98,U,5/19/1998,1998139,4/23/1998,1998113,24,26,25.7,21.6,35.3,13.6,13.5,75.1,13.7,184.95,239.1575,39.8,60.1,160,101,56,337,15.90909091,19.6969697,13.42105263,3.737373737,10.4040404,1.754385965,-1.944444444,55.55555556,-45.83333333,1.1684,6.7818,8.4582,18.49206349,9.126984127,53.33333333,6.6548,19.96296296,10.07407407,75.27777778,7.0612
1998,W-5,SWEG98,W-5 SWEG98,U,5/19/1998,1998139,4/24/1998,1998114,24,25,24.8,22.4,36.3,13.8,13.8,75.5,13.9,191.82,250.47,39.2,59.4,138,82,38,357,15.75757576,20.50505051,14.03508772,4.292929293,10.45454545,1.812865497,0.277777778,60.27777778,-39.44444444,1.8288,6.1214,8.4582,19.08730159,9.722222222,61.66666667,7.0612,20.2962963,10.55555556,81.38888889,7.0612
1998,A1,WAFO98,A1 WAFO98,U,5/14/1998,1998134,4/18/1998,1998108,28,26,26.2,24.5,37.7,13.8,13.4,79,13.2,176.88,256.36,41.3,62.1,174,114,61,422,13.73737374,19.5959596,14.76608187,1.363636364,9.595959596,3.128654971,-26.94444444,50.55555556,-20,5.2832,2.1082,5.6642,16.58730159,5.357142857,13.61111111,2.7432,17.37037037,7.111111111,33.61111111,2.9972
1998,ZD,WAFO98,ZD WAFO98,U,5/14/1998,1998134,4/17/1998,1998107,28,27,26.5,23.3,35.4,11.8,12.2,78.8,12.1,147.62,212.4,43.4,59.6,174,117,65,382,14.8989899,18.83838384,14.88304094,2.424242424,8.333333333,3.479532164,-14.72222222,39.44444444,-15.55555556,5.2832,1.8796,5.2832,16.38888889,4.563492063,6.666666667,2.7432,17.2962963,6.37037037,27.5,2.7686
1998,ZG,WAFO98,ZG WAFO98,U,5/14/1998,1998134,4/19/1998,1998109,28,25,24.9,21,32.6,12.7,12.6,73.6,11.6,146.16,206.195,41,57.9,141,86,40,360,13.23232323,20.25252525,14.09356725,1.161616162,10.85858586,2.777777778,-30.83333333,61.11111111,-29.72222222,4.9022,2.9718,5.7912,16.82539683,5.833333333,18.61111111,2.7686,17.37037037,7.62962963,37.5,3.7592
1998,H9,WAHA98,H9 WAHA98,U,5/21/1998,1998141,4/25/1998,1998115,25,26,25.7,23.2,34.9,14.5,12.6,76.1,11.7,147.42,236.4475,41.2,60.2,162,104,54,350,16.21212121,21.21212121,14.67836257,5.303030303,10.2020202,2.16374269,8.333333333,62.77777778,-30,2.7432,5.207,8.5598,19.72222222,10.1984127,69.44444444,7.0612,20.7037037,10.55555556,84.44444444,7.0358
1998,I0,WAHA98,I0 WAHA98,U,5/21/1998,1998141,4/25/1998,1998115,25,26,25.6,23.2,36.9,13.2,13.2,76.7,13.7,180.84,243.54,39.8,61.5,165,101,52,380,16.21212121,21.21212121,14.67836257,5.303030303,10.2020202,2.16374269,8.333333333,62.77777778,-30,2.7432,5.207,8.5598,19.72222222,10.1984127,69.44444444,7.0612,20.7037037,10.55555556,84.44444444,7.0358
1998,J1,WAHA98,J1 WAHA98,U,5/21/1998,1998141,4/26/1998,1998116,25,25,25.1,22.2,35,13.1,12.6,75.6,12.8,161.28,224.875,40.6,62.4,147,90,43,380,16.16161616,22.22222222,14.76608187,5.95959596,10.45454545,2.426900585,11.66666667,69.72222222,-26.66666667,2.6416,5.2324,8.5598,19.84126984,10.5952381,73.05555556,7.0612,21.2962963,10.7037037,90,7.0104
1998,NS,WHIT98,NS WHIT98,U,5/12/1998,1998132,4/17/1998,1998107,25,25,25.4,20.2,33.5,13,11.9,71.4,13.3,158.27,208.5375,37.9,51.8,153,100,46,325,14.8989899,18.83838384,14.88304094,2.424242424,8.333333333,3.479532164,-14.72222222,39.44444444,-15.55555556,5.2832,1.8796,5.2832,16.38888889,4.563492063,6.666666667,2.7432,17.2962963,6.37037037,27.5,2.7686
1998,YL,WHIT98,YL WHIT98,U,5/12/1998,1998132,4/17/1998,1998107,25,25,25.1,21.5,33.6,13.1,12.8,72.4,12.1,154.88,217.56,38.8,55.4,154,96,39,356,14.8989899,18.83838384,14.88304094,2.424242424,8.333333333,3.479532164,-14.72222222,39.44444444,-15.55555556,5.2832,1.8796,5.2832,16.38888889,4.563492063,6.666666667,2.7432,17.2962963,6.37037037,27.5,2.7686
1998,ZK,WHIT98,ZK WHIT98,U,5/12/1998,1998132,4/16/1998,1998106,25,26,25.9,22,33.7,13,12.7,72.1,11.7,148.59,216.5225,38.4,54.4,159,107,56,345,15.50505051,17.12121212,15.20467836,3.333333333,6.818181818,3.625730994,-6.388888889,21.66666667,-11.11111111,4.6736,2.667,5.2832,15.91269841,3.571428571,-3.611111111,2.0066,17,5.666666667,20,2.7686
1998,PQ,WILG98,PQ WILG98,U,5/13/1998,1998133,4/17/1998,1998107,25,26,25.9,23.3,34.1,14.6,13.5,76.3,10.8,145.8,239.5525,42.2,60.5,162,109,54,410,14.8989899,18.83838384,14.88304094,2.424242424,8.333333333,3.479532164,-14.72222222,39.44444444,-15.55555556,5.2832,1.8796,5.2832,16.38888889,4.563492063,6.666666667,2.7432,17.2962963,6.37037037,27.5,2.7686
1998,QP,WILG98,QP WILG98,U,5/13/1998,1998133,4/18/1998,1998108,25,25,25.4,22.2,33.6,12.5,12.4,75.8,11.4,141.36,209.16,42.2,61,153,99,46,380,13.73737374,19.5959596,14.76608187,1.363636364,9.595959596,3.128654971,-26.94444444,50.55555556,-20,5.2832,2.1082,5.6642,16.58730159,5.357142857,13.61111111,2.7432,17.37037037,7.111111111,33.61111111,2.9972
1999,P9,BISA99,P9 BISA99,M,5/18/1999,1999138,4/22/1999,1999112,26,26,26.1,23.3,36.6,13.4,14,78.1,13.3,186.2,250.71,41.5,62.1,163,110,59,420,14.54545455,20.65656566,11.9005848,-0.909090909,7.171717172,-0.321637427,-35,43.05555556,-80,1.8796,0.8382,3.683,20,5.238095238,36.66666667,0.8382,20.14814815,5.222222222,40.27777778,0.8382
1999,Q0,BISA99,Q0 BISA99,M,5/18/1999,1999138,4/23/1999,1999113,26,25,25.4,22.3,34.4,13.9,13.5,76.3,12.1,163.35,235.64,41.9,63.7,156,101,46,420,15.3030303,20.05050505,11.11111111,-0.909090909,7.373737374,-0.116959064,-30.83333333,40.83333333,-85.55555556,1.8796,0.8382,3.9116,19.88095238,5.555555556,38.05555556,0.8382,20.25925926,5.592592593,43.88888889,0.8382
1999,U6,BLAC99,U6 BLAC99,M,6/7/1999,1999158,5/11/1999,1999131,27,27,26.8,23.2,38.3,12.1,13.4,78.5,15.1,202.34,244.1625,40.2,59,177,124,68,342,20.2020202,22.97979798,17.69005848,5.303030303,9.646464646,3.684210526,30.27777778,69.44444444,13.05555556,0.2286,0.9906,2.7178,21.15079365,8.928571429,70.55555556,1.2192,22.66666667,9.407407407,90.55555556,1.2192
1999,V7,BLAC99,V7 BLAC99,M,6/7/1999,1999158,5/12/1999,1999132,27,26,26.2,22.6,35.7,11.6,12.3,76.2,13.1,161.13,213.3075,40.5,60.5,165,112,60,322,20.85858586,23.28282828,18.15789474,5.808080808,10.65656566,3.274853801,36.66666667,76.66666667,13.61111111,0.2286,1.1938,1.8034,21.38888889,8.888888889,71.94444444,1.2192,22.85185185,9.777777778,94.72222222,1.4224
1999,W8,BLAC99,W8 BLAC99,F,6/7/1999,1999158,5/12/1999,1999132,27,26,25.9,22.4,34.1,12.2,12.3,75.5,11.7,143.91,208.8625,41.4,59.1,161,108,57,290,20.85858586,23.28282828,18.15789474,5.808080808,10.65656566,3.274853801,36.66666667,76.66666667,13.61111111,0.2286,1.1938,1.8034,21.38888889,8.888888889,71.94444444,1.2192,22.85185185,9.777777778,94.72222222,1.4224
1999,E0,CARD99,E0 CARD99,F,5/26/1999,1999146,4/30/1999,1999120,26,26,26,21.7,32.8,13,13.9,75.3,11.1,154.29,220.58,42.5,NA,162,108,60,358,21.36363636,20.2020202,11.60818713,7.424242424,5.303030303,-0.81871345,48.33333333,30.27777778,-87.5,0.8382,0.2286,3.7338,20.51587302,7.579365079,56.66666667,0.8382,20.25925926,7.037037037,54.72222222,1.0668
1999,H3,CCLI99,H3 CCLI99,F,5/31/1999,1999151,5/4/1999,1999124,30,27,27.2,25,36.2,12.6,13.1,78,11.2,146.72,232.585,41.8,58.3,180,130,73,343,20.05050505,22.17171717,14.32748538,7.373737374,8.838383838,0.116959064,40.83333333,60.55555556,-52.77777778,0.8382,0.8128,2.9464,20.1984127,5.873015873,42.5,1.0414,20.85185185,6.62962963,56.11111111,0.8128
1999,I4,CCLI99,I4 CCLI99,M,5/31/1999,1999151,5/3/1999,1999123,30,28,28,26.3,39.5,13.5,13.7,82.6,13.2,180.84,268.6,43.1,63.4,198,138,85,420,20.65656566,21.91919192,13.83040936,7.171717172,8.333333333,-0.467836257,43.05555556,56.38888889,-63.05555556,0.8382,0.2286,2.9464,20.07936508,6.468253968,45.83333333,1.0668,20.66666667,6.481481481,53.61111111,0.2794
1999,J5,CCLI99,J5 CCLI99,M,5/31/1999,1999151,5/3/1999,1999123,30,28,28.2,26.6,38,13.9,13.7,81.5,11.4,156.18,262.2,43.5,60.6,198,140,88,382,20.65656566,21.91919192,13.83040936,7.171717172,8.333333333,-0.467836257,43.05555556,56.38888889,-63.05555556,0.8382,0.2286,2.9464,20.07936508,6.468253968,45.83333333,1.0668,20.66666667,6.481481481,53.61111111,0.2794
1999,K6,CCLI99,K6 CCLI99,M,5/31/1999,1999151,5/5/1999,1999125,30,26,25.5,23.7,36,14,13.4,78.2,12.3,164.82,246.6,42.2,57.8,165,108,42,320,19.8989899,21.56565657,14.59064327,6.868686869,9.444444444,0.584795322,37.22222222,60.55555556,-45.83333333,0.8382,0.9398,2.8956,20.55555556,5.992063492,45.83333333,0.2794,20.77777778,7.185185185,59.72222222,0.9398
1999,A5,CCPL99,A5 CCPL99,F,5/20/1999,1999140,4/23/1999,1999113,28,27,26.9,24.4,37.3,12.8,14,77.6,12.9,180.6,249.91,40.3,58.9,177,120,73,395,15.3030303,20.05050505,11.11111111,-0.909090909,7.373737374,-0.116959064,-30.83333333,40.83333333,-85.55555556,1.8796,0.8382,3.9116,19.88095238,5.555555556,38.05555556,0.8382,20.25925926,5.592592593,43.88888889,0.8382
1999,B6,CCPL99,B6 CCPL99,F,5/20/1999,1999140,4/23/1999,1999113,28,27,27,23.2,36.7,11.9,12.6,78.9,13.5,170.1,224.7875,42.2,61.6,177,119,76,410,15.3030303,20.05050505,11.11111111,-0.909090909,7.373737374,-0.116959064,-30.83333333,40.83333333,-85.55555556,1.8796,0.8382,3.9116,19.88095238,5.555555556,38.05555556,0.8382,20.25925926,5.592592593,43.88888889,0.8382
1999,C7,CCPL99,C7 CCPL99,F,5/20/1999,1999140,4/24/1999,1999114,28,26,26.4,23.6,36.9,12.5,12.3,77.2,13.3,163.59,228.78,40.3,59.5,167,112,67,375,16.56565657,19.8989899,11.11111111,-0.858585859,6.868686869,0.087719298,-23.61111111,37.22222222,-83.61111111,0.9652,0.8382,4.8768,20.35714286,5.753968254,42.77777778,0.8382,20.55555556,5.814814815,47.77777778,0.8382
1999,L7,EDB299,L7 EDB299,U,5/31/1999,1999151,5/6/1999,1999126,26,25,25.2,24.5,36.4,14,14.3,79.5,11.9,170.17,257.53,43.1,62.4,158,99,39,430,20.15151515,20.60606061,15.52631579,6.818181818,9.444444444,1.140350877,38.33333333,55.27777778,-31.66666667,0.8382,1.2192,2.3622,20.91269841,6.468253968,51.66666667,0.2286,20.44444444,7.740740741,61.38888889,1.2192
1999,M8,EDB299,M8 EDB299,F,5/31/1999,1999151,5/4/1999,1999124,26,27,26.6,23.7,36.7,14.5,13.2,79.2,13,171.6,254.1475,42.5,60.9,170,117,69,410,20.05050505,22.17171717,14.32748538,7.373737374,8.838383838,0.116959064,40.83333333,60.55555556,-52.77777778,0.8382,0.8128,2.9464,20.1984127,5.873015873,42.5,1.0414,20.85185185,6.62962963,56.11111111,0.8128
1999,N9,EDB299,N9 EDB299,M,5/31/1999,1999151,5/5/1999,1999125,26,26,26,23.1,36.1,14.9,14.1,78.2,13,183.3,261.725,42.1,62.8,172,111,57,410,19.8989899,21.56565657,14.59064327,6.868686869,9.444444444,0.584795322,37.22222222,60.55555556,-45.83333333,0.8382,0.9398,2.8956,20.55555556,5.992063492,45.83333333,0.2794,20.77777778,7.185185185,59.72222222,0.9398
1999,L6,EHCR99,L6 EHCR99,F,5/21/1999,1999141,4/23/1999,1999113,28,28,27.9,23.8,37.5,13.2,12.9,79.2,13.7,176.73,244.6875,41.7,60.6,198,139,82,427,15.3030303,20.05050505,11.11111111,-0.909090909,7.373737374,-0.116959064,-30.83333333,40.83333333,-85.55555556,1.8796,0.8382,3.9116,19.88095238,5.555555556,38.05555556,0.8382,20.25925926,5.592592593,43.88888889,0.8382
1999,M7,EHCR99,M7 EHCR99,M,5/21/1999,1999141,4/23/1999,1999113,28,28,27.8,25.7,39.4,14.2,13.9,83.4,13.7,190.43,276.785,44,62.3,201,137,82,432,15.3030303,20.05050505,11.11111111,-0.909090909,7.373737374,-0.116959064,-30.83333333,40.83333333,-85.55555556,1.8796,0.8382,3.9116,19.88095238,5.555555556,38.05555556,0.8382,20.25925926,5.592592593,43.88888889,0.8382
1999,N8,EHCR99,N8 EHCR99,F,5/21/1999,1999141,4/23/1999,1999113,28,28,28,24.4,36.6,13.5,13.2,77.5,12.2,161.04,244.305,40.9,59.4,194,136,86,400,15.3030303,20.05050505,11.11111111,-0.909090909,7.373737374,-0.116959064,-30.83333333,40.83333333,-85.55555556,1.8796,0.8382,3.9116,19.88095238,5.555555556,38.05555556,0.8382,20.25925926,5.592592593,43.88888889,0.8382
1999,O9,EHCR99,O9 EHCR99,M,5/21/1999,1999141,4/24/1999,1999114,27,27,27.3,25.4,39.7,14.3,14.1,83.5,14.3,201.63,281.87,43.8,63.6,190,131,75,465,16.56565657,19.8989899,11.11111111,-0.858585859,6.868686869,0.087719298,-23.61111111,37.22222222,-83.61111111,0.9652,0.8382,4.8768,20.35714286,5.753968254,42.77777778,0.8382,20.55555556,5.814814815,47.77777778,0.8382
1999,P0,ELWO99,P0 ELWO99,M,5/18/1999,1999138,4/22/1999,1999112,26,26,26.1,22.1,33.8,12.3,14,76.1,11.7,163.8,222.235,42.3,54.4,161,113,58,405,14.54545455,20.65656566,11.9005848,-0.909090909,7.171717172,-0.321637427,-35,43.05555556,-80,1.8796,0.8382,3.683,20,5.238095238,36.66666667,0.8382,20.14814815,5.222222222,40.27777778,0.8382
1999,Q1,ELWO99,Q1 ELWO99,M,5/18/1999,1999138,4/23/1999,1999113,26,25,25.1,20.9,33.7,12.4,12.8,73.1,12.8,163.84,212.31,39.4,53.2,137,95,40,335,15.3030303,20.05050505,11.11111111,-0.909090909,7.373737374,-0.116959064,-30.83333333,40.83333333,-85.55555556,1.8796,0.8382,3.9116,19.88095238,5.555555556,38.05555556,0.8382,20.25925926,5.592592593,43.88888889,0.8382
1999,T4,EPLN99,T4 EPLN99,F,5/24/1999,1999144,4/27/1999,1999117,27,27,26.9,23.1,35.5,12.2,12,77.5,12.4,148.8,214.775,42,59.1,185,125,70,402,20.1010101,19.7979798,10.90643275,3.737373737,6.161616162,-0.964912281,21.11111111,32.77777778,-95.55555556,0,0.8382,4.7498,20.55555556,6.19047619,47.22222222,0.8382,20.7037037,7.62962963,62.5,0.8382
1999,U5,EPLN99,U5 EPLN99,U,5/24/1999,1999144,4/27/1999,1999117,27,27,26.9,21.6,33.4,12.8,13.5,74.2,11.8,159.3,219.605,40.8,57.7,179,124,70,402,20.1010101,19.7979798,10.90643275,3.737373737,6.161616162,-0.964912281,21.11111111,32.77777778,-95.55555556,0,0.8382,4.7498,20.55555556,6.19047619,47.22222222,0.8382,20.7037037,7.62962963,62.5,0.8382
1999,V6,EPLN99,V6 EPLN99,F,5/24/1999,1999144,4/28/1999,1999118,27,26,26.1,22.2,32.8,12.3,13.1,75.2,10.6,138.86,208.28,42.4,58.2,169,115,55,350,20.45454545,20.15151515,10.49707602,5.404040404,6.111111111,-1.111111111,32.22222222,34.44444444,-100.8333333,0.0254,1.0414,4.7498,20.71428571,6.666666667,51.66666667,0.8382,20.85185185,8.037037037,66.66666667,1.0668
1999,W7,HABL99,W7 HABL99,F,5/24/1999,1999144,4/27/1999,1999117,27,27,26.9,22.8,37,12.7,12.8,78.1,14.2,181.76,235.875,41.1,61.6,181,122,72,453,20.1010101,19.7979798,10.90643275,3.737373737,6.161616162,-0.964912281,21.11111111,32.77777778,-95.55555556,0,0.8382,4.7498,20.55555556,6.19047619,47.22222222,0.8382,20.7037037,7.62962963,62.5,0.8382
1999,M6,HAPA99,M6 HAPA99,M,5/18/1999,1999138,4/22/1999,1999112,28,26,26.3,23.6,36.3,12.6,12.8,78.8,12.7,162.56,230.505,42.5,62.4,172,117,60,375,14.54545455,20.65656566,11.9005848,-0.909090909,7.171717172,-0.321637427,-35,43.05555556,-80,1.8796,0.8382,3.683,20,5.238095238,36.66666667,0.8382,20.14814815,5.222222222,40.27777778,0.8382
1999,N7,HAPA99,N7 HAPA99,F,5/18/1999,1999138,4/22/1999,1999112,28,26,26.4,22.8,35.3,13.7,12.7,75.7,12.5,158.75,232.98,40.4,59.3,178,120,60,345,14.54545455,20.65656566,11.9005848,-0.909090909,7.171717172,-0.321637427,-35,43.05555556,-80,1.8796,0.8382,3.683,20,5.238095238,36.66666667,0.8382,20.14814815,5.222222222,40.27777778,0.8382
1999,O8,HAPA99,O8 HAPA99,M,5/18/1999,1999138,4/22/1999,1999112,28,26,25.8,21.8,33.8,13.4,12.6,75.1,12,151.2,219.7,41.3,59.8,149,106,53,350,14.54545455,20.65656566,11.9005848,-0.909090909,7.171717172,-0.321637427,-35,43.05555556,-80,1.8796,0.8382,3.683,20,5.238095238,36.66666667,0.8382,20.14814815,5.222222222,40.27777778,0.8382
1999,D8,HART99,D8 HART99,F,5/20/1999,1999140,4/23/1999,1999113,26,27,27.4,25.4,39.7,12.1,13.8,80.3,14.3,197.34,257.0575,40.6,58.2,189,128,80,395,15.3030303,20.05050505,11.11111111,-0.909090909,7.373737374,-0.116959064,-30.83333333,40.83333333,-85.55555556,1.8796,0.8382,3.9116,19.88095238,5.555555556,38.05555556,0.8382,20.25925926,5.592592593,43.88888889,0.8382
1999,E9,HART99,E9 HART99,F,5/20/1999,1999140,4/23/1999,1999113,26,27,27,25.5,36.7,12.4,13.3,79,11.2,148.96,235.7975,42.3,58.8,181,123,74,375,15.3030303,20.05050505,11.11111111,-0.909090909,7.373737374,-0.116959064,-30.83333333,40.83333333,-85.55555556,1.8796,0.8382,3.9116,19.88095238,5.555555556,38.05555556,0.8382,20.25925926,5.592592593,43.88888889,0.8382
1999,F0,HART99,F0 HART99,F,5/20/1999,1999140,4/23/1999,1999113,26,27,27.1,26,40.3,12.5,14.1,82,14.3,201.63,267.995,41.7,62.3,187,129,70,425,15.3030303,20.05050505,11.11111111,-0.909090909,7.373737374,-0.116959064,-30.83333333,40.83333333,-85.55555556,1.8796,0.8382,3.9116,19.88095238,5.555555556,38.05555556,0.8382,20.25925926,5.592592593,43.88888889,0.8382
1999,G1,HART99,G1 HART99,F,5/20/1999,1999140,4/23/1999,1999113,26,27,26.9,23.5,36.1,13,12.9,78.6,12.6,162.54,233.7475,42.5,59.5,182,125,68,383,15.3030303,20.05050505,11.11111111,-0.909090909,7.373737374,-0.116959064,-30.83333333,40.83333333,-85.55555556,1.8796,0.8382,3.9116,19.88095238,5.555555556,38.05555556,0.8382,20.25925926,5.592592593,43.88888889,0.8382
1999,R1,HAWA99,R1 HAWA99,F,5/19/1999,1999139,4/23/1999,1999113,27,26,25.6,21.4,34.2,13.5,13.2,74.5,12.8,168.96,228.285,40.3,59.6,157,100,52,393,15.3030303,20.05050505,11.11111111,-0.909090909,7.373737374,-0.116959064,-30.83333333,40.83333333,-85.55555556,1.8796,0.8382,3.9116,19.88095238,5.555555556,38.05555556,0.8382,20.25925926,5.592592593,43.88888889,0.8382
1999,S2,HAWA99,S2 HAWA99,M,5/19/1999,1999139,4/23/1999,1999113,28,26,26.4,23.9,36.6,13.5,14.4,80.3,12.7,182.88,255.285,43.7,63.3,174,118,62,421,15.3030303,20.05050505,11.11111111,-0.909090909,7.373737374,-0.116959064,-30.83333333,40.83333333,-85.55555556,1.8796,0.8382,3.9116,19.88095238,5.555555556,38.05555556,0.8382,20.25925926,5.592592593,43.88888889,0.8382
1999,T3,HAWA99,T3 HAWA99,M,5/19/1999,1999139,4/23/1999,1999113,28,26,26.1,23.9,38.6,14.4,13.9,81.2,14.7,204.33,273.095,42.6,63.7,170,111,58,500,15.3030303,20.05050505,11.11111111,-0.909090909,7.373737374,-0.116959064,-30.83333333,40.83333333,-85.55555556,1.8796,0.8382,3.9116,19.88095238,5.555555556,38.05555556,0.8382,20.25925926,5.592592593,43.88888889,0.8382
1999,U4,HAWA99,U4 HAWA99,M,5/19/1999,1999139,4/22/1999,1999112,28,27,26.5,22.9,35.6,12.3,13.4,77.1,12.7,170.18,228.73,41.5,60.9,174,118,64,407,14.54545455,20.65656566,11.9005848,-0.909090909,7.171717172,-0.321637427,-35,43.05555556,-80,1.8796,0.8382,3.683,20,5.238095238,36.66666667,0.8382,20.14814815,5.222222222,40.27777778,0.8382
1999,V5,HAWA99,V5 HAWA99,F,5/19/1999,1999139,4/22/1999,1999112,28,27,26.5,21.9,34.2,12.6,12.8,75.3,12.3,157.44,217.17,41.1,59.3,175,119,65,390,14.54545455,20.65656566,11.9005848,-0.909090909,7.171717172,-0.321637427,-35,43.05555556,-80,1.8796,0.8382,3.683,20,5.238095238,36.66666667,0.8382,20.14814815,5.222222222,40.27777778,0.8382
1999,C8,HOMT99,C8 HOMT99,F,5/26/1999,1999146,5/1/1999,1999121,27,25,25.3,22,32.9,12.8,12.6,73.1,10.9,137.34,208.915,40.2,55.3,156,101,38,298,21.26262626,20.85858586,12.39766082,7.575757576,5.808080808,-0.643274854,48.61111111,36.66666667,-78.33333333,0.8382,0.2286,2.9464,20.83333333,7.976190476,61.66666667,1.0668,20.2962963,6.481481481,50.83333333,1.0668
1999,D9,HOMT99,D9 HOMT99,F,5/26/1999,1999146,4/29/1999,1999119,27,27,26.5,24.6,36.6,12.3,12.6,78.2,12,151.2,227.835,41.6,58.3,175,119,63,360,21.21212121,20.1010101,11.05263158,6.616161616,5.707070707,-1.111111111,43.05555556,31.94444444,-95.55555556,0.7874,0.2794,3.7338,20.47619048,7.301587302,54.44444444,0.8382,20.74074074,7.851851852,64.44444444,1.0668
1999,X9,JOHN99,X9 JOHN99,M,6/11/1999,1999162,5/17/1999,1999137,25,25,24.9,19.4,31.2,13.4,12.1,70.9,11.8,142.78,198.9,39.7,54.3,139,88,36,238,20.60606061,26.26262626,20.29239766,9.444444444,11.16161616,5.409356725,55.27777778,95.83333333,54.16666667,1.2192,0.2032,0.8382,23.49206349,10.5952381,98.61111111,1.1938,23.96296296,10.85185185,111.1111111,1.1938
1999,E8,KNOL99,E8 KNOL99,U,5/18/1999,1999138,4/22/1999,1999112,29,26,26.4,23.3,37.2,14.3,12.8,81.1,13.9,177.92,252.03,43.9,62.7,172,118,63,420,14.54545455,20.65656566,11.9005848,-0.909090909,7.171717172,-0.321637427,-35,43.05555556,-80,1.8796,0.8382,3.683,20,5.238095238,36.66666667,0.8382,20.14814815,5.222222222,40.27777778,0.8382
1999,F9,KNOL99,F9 KNOL99,M,5/18/1999,1999138,4/21/1999,1999111,29,27,26.9,25.8,39.5,14.2,13.3,84.4,13.7,182.21,271.5625,44.9,64,183,126,68,460,13.58585859,21.06060606,12.13450292,-1.212121212,7.525252525,0.116959064,-41.94444444,47.22222222,-73.61111111,1.8796,0.8382,3.683,19.84126984,4.404761905,29.72222222,0.7874,19.77777778,5.185185185,37.22222222,0.8382
1999,G0,KNOL99,G0 KNOL99,F,5/18/1999,1999138,4/23/1999,1999113,29,25,25.4,21,33.5,13.2,12.6,73.4,12.5,157.5,216.075,39.9,57.1,152,97,50,335,15.3030303,20.05050505,11.11111111,-0.909090909,7.373737374,-0.116959064,-30.83333333,40.83333333,-85.55555556,1.8796,0.8382,3.9116,19.88095238,5.555555556,38.05555556,0.8382,20.25925926,5.592592593,43.88888889,0.8382
1999,H1,KNOL99,H1 KNOL99,F,5/18/1999,1999138,4/21/1999,1999111,29,27,26.5,24,36.8,13.7,13.6,78.4,12.8,174.08,251.16,41.6,59.1,169,117,65,415,13.58585859,21.06060606,12.13450292,-1.212121212,7.525252525,0.116959064,-41.94444444,47.22222222,-73.61111111,1.8796,0.8382,3.683,19.84126984,4.404761905,29.72222222,0.7874,19.77777778,5.185185185,37.22222222,0.8382
1999,I2,KNOL99,I2 KNOL99,F,5/18/1999,1999138,4/22/1999,1999112,29,26,26.4,22.8,35.9,13.3,12,77,13.1,157.2,227.0675,41.1,59,177,117,63,380,14.54545455,20.65656566,11.9005848,-0.909090909,7.171717172,-0.321637427,-35,43.05555556,-80,1.8796,0.8382,3.683,20,5.238095238,36.66666667,0.8382,20.14814815,5.222222222,40.27777778,0.8382
1999,S4,MANN99,S4 MANN99,M,6/2/1999,1999153,5/8/1999,1999128,25,25,25.2,20.8,33.1,12.5,13.3,73.4,12.3,163.59,213.495,40.3,55.6,148,95,41,310,19.7979798,20.70707071,16.75438596,6.161616162,8.585858586,2.602339181,32.77777778,51.11111111,-6.111111111,0.8382,1.2192,1.905,20.95238095,7.698412698,60.55555556,0.9398,21.18518519,8.518518519,72.77777778,1.2192
1999,T5,MANN99,T5 MANN99,F,6/2/1999,1999153,5/8/1999,1999128,25,25,25.2,19.9,29.7,11.8,11.4,69.2,9.8,111.72,172.26,39.5,51.4,149,98,38,260,19.7979798,20.70707071,16.75438596,6.161616162,8.585858586,2.602339181,32.77777778,51.11111111,-6.111111111,0.8382,1.2192,1.905,20.95238095,7.698412698,60.55555556,0.9398,21.18518519,8.518518519,72.77777778,1.2192
1999,H2,MART99,H2 MART99,F,5/20/1999,1999140,4/23/1999,1999113,28,27,27.4,21.8,34.1,13.6,13,75.7,12.3,159.9,226.765,41.6,58.9,185,130,77,357,15.3030303,20.05050505,11.11111111,-0.909090909,7.373737374,-0.116959064,-30.83333333,40.83333333,-85.55555556,1.8796,0.8382,3.9116,19.88095238,5.555555556,38.05555556,0.8382,20.25925926,5.592592593,43.88888889,0.8382
1999,I3,MART99,I3 MART99,M,5/20/1999,1999140,4/22/1999,1999112,28,28,27.7,25.7,38.8,14,13.8,81.8,13.1,180.78,269.66,43,62.7,194,134,81,405,14.54545455,20.65656566,11.9005848,-0.909090909,7.171717172,-0.321637427,-35,43.05555556,-80,1.8796,0.8382,3.683,20,5.238095238,36.66666667,0.8382,20.14814815,5.222222222,40.27777778,0.8382
1999,J4,MART99,J4 MART99,M,5/20/1999,1999140,4/23/1999,1999113,27,27,26.6,22.7,35.1,13.5,13.2,78.3,12.4,163.68,234.2925,43.2,61.9,174,124,61,418,15.3030303,20.05050505,11.11111111,-0.909090909,7.373737374,-0.116959064,-30.83333333,40.83333333,-85.55555556,1.8796,0.8382,3.9116,19.88095238,5.555555556,38.05555556,0.8382,20.25925926,5.592592593,43.88888889,0.8382
1999,K5,MART99,K5 MART99,F,5/20/1999,1999140,4/23/1999,1999113,28,27,27.4,22,35.9,13,12.9,77.3,13.9,179.31,232.4525,41.4,59.7,187,126,80,362,15.3030303,20.05050505,11.11111111,-0.909090909,7.373737374,-0.116959064,-30.83333333,40.83333333,-85.55555556,1.8796,0.8382,3.9116,19.88095238,5.555555556,38.05555556,0.8382,20.25925926,5.592592593,43.88888889,0.8382
1999,W6,MMUR99,W6 MMUR99,M,5/19/1999,1999139,4/23/1999,1999113,28,26,26.2,22.7,35.8,12.6,13,78.3,13.1,170.3,229.12,42.5,60.1,179,114,60,385,15.3030303,20.05050505,11.11111111,-0.909090909,7.373737374,-0.116959064,-30.83333333,40.83333333,-85.55555556,1.8796,0.8382,3.9116,19.88095238,5.555555556,38.05555556,0.8382,20.25925926,5.592592593,43.88888889,0.8382
1999,X7,MMUR99,X7 MMUR99,F,5/19/1999,1999139,4/23/1999,1999113,28,26,25.5,21.2,34,12.3,13,73.1,12.8,166.4,215.05,39.1,53.1,160,103,46,295,15.3030303,20.05050505,11.11111111,-0.909090909,7.373737374,-0.116959064,-30.83333333,40.83333333,-85.55555556,1.8796,0.8382,3.9116,19.88095238,5.555555556,38.05555556,0.8382,20.25925926,5.592592593,43.88888889,0.8382
1999,Y8,MMUR99,Y8 MMUR99,M,5/19/1999,1999139,4/24/1999,1999114,28,25,25,20.6,33.5,12.2,12.1,72.7,12.9,156.09,203.5125,39.2,53.4,152,90,40,245,16.56565657,19.8989899,11.11111111,-0.858585859,6.868686869,0.087719298,-23.61111111,37.22222222,-83.61111111,0.9652,0.8382,4.8768,20.35714286,5.753968254,42.77777778,0.8382,20.55555556,5.814814815,47.77777778,0.8382
1999,Z9,MMUR99,Z9 MMUR99,M,5/19/1999,1999139,4/24/1999,1999114,28,25,24.7,20,32.3,12.6,12.3,70.3,12.3,151.29,201.0675,38,52.6,135,83,30,270,16.56565657,19.8989899,11.11111111,-0.858585859,6.868686869,0.087719298,-23.61111111,37.22222222,-83.61111111,0.9652,0.8382,4.8768,20.35714286,5.753968254,42.77777778,0.8382,20.55555556,5.814814815,47.77777778,0.8382
1999,A4,MNDY99,A4 MNDY99,M,5/17/1999,1999137,4/20/1999,1999110,28,27,26.7,23.8,35.3,14.3,13,79.7,11.5,149.5,240.9225,44.4,60.8,177,120,69,397,12.52525253,21.26262626,12.25146199,-1.414141414,7.575757576,0.701754386,-48.88888889,48.61111111,-66.94444444,1.8796,0.8382,3.7592,18.96825397,3.293650794,15.83333333,0.0254,19.74074074,4.962962963,35.27777778,0.8382
1999,B5,MNDY99,B5 MNDY99,F,5/17/1999,1999137,4/20/1999,1999110,28,27,26.9,19.3,33.3,11.1,11.4,75.7,14,159.6,187.3125,42.4,58.6,177,118,75,350,12.52525253,21.26262626,12.25146199,-1.414141414,7.575757576,0.701754386,-48.88888889,48.61111111,-66.94444444,1.8796,0.8382,3.7592,18.96825397,3.293650794,15.83333333,0.0254,19.74074074,4.962962963,35.27777778,0.8382
1999,C6,MNDY99,C6 MNDY99,M,5/17/1999,1999137,4/20/1999,1999110,28,27,26.7,24.1,39,13.1,13.1,80.4,14.9,195.19,255.45,41.4,60.4,163,116,73,380,12.52525253,21.26262626,12.25146199,-1.414141414,7.575757576,0.701754386,-48.88888889,48.61111111,-66.94444444,1.8796,0.8382,3.7592,18.96825397,3.293650794,15.83333333,0.0254,19.74074074,4.962962963,35.27777778,0.8382
1999,D7,MNDY99,D7 MNDY99,M,5/17/1999,1999137,4/20/1999,1999110,28,27,27.1,23.5,35.5,13.2,12.5,79,12,150,228.0875,43.5,61.2,174,122,78,400,12.52525253,21.26262626,12.25146199,-1.414141414,7.575757576,0.701754386,-48.88888889,48.61111111,-66.94444444,1.8796,0.8382,3.7592,18.96825397,3.293650794,15.83333333,0.0254,19.74074074,4.962962963,35.27777778,0.8382
1999,C9,PGRO99,C9 PGRO99,U,6/17/1999,1999168,5/20/1999,1999140,30,28,28.4,27.6,41.6,14.2,13.8,84.6,14,193.2,291.2,43,61.1,212,150,84,408,20.85858586,27.62626263,21.11111111,7.97979798,13.23232323,7.251461988,48.61111111,114.7222222,79.44444444,0.9906,0.2032,1.0668,24.08730159,10.67460317,103.3333333,1.1938,26,11.62962963,132.2222222,0.4826
1999,D0,PGRO99,D0 PGRO99,U,6/17/1999,1999168,5/20/1999,1999140,30,28,27.5,25.2,36.9,14.7,13.6,81.5,11.7,159.12,261.0675,44.6,60.6,201,143,68,365,20.85858586,27.62626263,21.11111111,7.97979798,13.23232323,7.251461988,48.61111111,114.7222222,79.44444444,0.9906,0.2032,1.0668,24.08730159,10.67460317,103.3333333,1.1938,26,11.62962963,132.2222222,0.4826
1999,X6,ROBT99,X6 ROBT99,U,5/17/1999,1999137,4/21/1999,1999111,28,26,26.4,23,35.6,13.3,12.9,77.4,12.6,162.54,233.18,41.8,58.7,176,122,59,370,13.58585859,21.06060606,12.13450292,-1.212121212,7.525252525,0.116959064,-41.94444444,47.22222222,-73.61111111,1.8796,0.8382,3.683,19.84126984,4.404761905,29.72222222,0.7874,19.77777778,5.185185185,37.22222222,0.8382
1999,Y7,ROBT99,Y7 ROBT99,U,5/17/1999,1999137,4/21/1999,1999111,28,26,26.2,22.3,35.7,13.7,13,76.8,13.4,174.2,238.2975,41.1,57.4,167,113,60,345,13.58585859,21.06060606,12.13450292,-1.212121212,7.525252525,0.116959064,-41.94444444,47.22222222,-73.61111111,1.8796,0.8382,3.683,19.84126984,4.404761905,29.72222222,0.7874,19.77777778,5.185185185,37.22222222,0.8382
1999,Z8,ROBT99,Z8 ROBT99,U,5/17/1999,1999137,4/21/1999,1999111,28,26,25.5,20.7,32.5,13,12.1,74.1,11.8,142.78,203.9375,41.6,54.5,160,102,48,330,13.58585859,21.06060606,12.13450292,-1.212121212,7.525252525,0.116959064,-41.94444444,47.22222222,-73.61111111,1.8796,0.8382,3.683,19.84126984,4.404761905,29.72222222,0.7874,19.77777778,5.185185185,37.22222222,0.8382
1999,Q2,ROG299,Q2 ROG299,U,6/1/1999,1999152,5/7/1999,1999127,24,25,24.7,22.1,33.6,12.8,13.5,71.7,11.5,155.25,220.92,38.1,57.3,137,83,34,375,19.6969697,20.55555556,16.19883041,6.414141414,8.939393939,1.783625731,33.61111111,52.22222222,-19.16666667,0.8382,1.2192,2.1082,21.19047619,7.023809524,57.5,0.8128,20.62962963,8.185185185,66.11111111,1.2192
1999,J3,STAD99,J3 STAD99,U,5/18/1999,1999138,4/22/1999,1999112,27,26,26.1,21,33.6,12.1,12.7,72.7,12.6,160.02,208.32,39.1,57.4,168,118,53,315,14.54545455,20.65656566,11.9005848,-0.909090909,7.171717172,-0.321637427,-35,43.05555556,-80,1.8796,0.8382,3.683,20,5.238095238,36.66666667,0.8382,20.14814815,5.222222222,40.27777778,0.8382
1999,K4,STAD99,K4 STAD99,U,5/18/1999,1999138,4/23/1999,1999113,27,25,24.7,19.3,33.2,12.4,12.1,71,13.9,168.19,203.35,37.8,52.3,137,86,25,245,15.3030303,20.05050505,11.11111111,-0.909090909,7.373737374,-0.116959064,-30.83333333,40.83333333,-85.55555556,1.8796,0.8382,3.9116,19.88095238,5.555555556,38.05555556,0.8382,20.25925926,5.592592593,43.88888889,0.8382
1999,L5,STAD99,L5 STAD99,U,5/18/1999,1999138,4/23/1999,1999113,26,25,24.7,19.6,32.3,12.3,12.1,69.8,12.7,153.67,197.03,37.5,53.1,137,86,31,205,15.3030303,20.05050505,11.11111111,-0.909090909,7.373737374,-0.116959064,-30.83333333,40.83333333,-85.55555556,1.8796,0.8382,3.9116,19.88095238,5.555555556,38.05555556,0.8382,20.25925926,5.592592593,43.88888889,0.8382
1999,R2,SWEG99,R2 SWEG99,U,5/24/1999,1999144,4/26/1999,1999116,28,28,27.5,23.6,37.1,12.7,13.3,79.2,13.5,179.55,241.15,42.1,59.5,191,128,82,415,19.39393939,19.6969697,10.76023392,1.919191919,6.414141414,-0.614035088,7.222222222,33.61111111,-93.61111111,0,0.8382,4.7498,20.47619048,6.031746032,45.55555556,0.8382,20.7037037,6.888888889,56.94444444,0.8382
1999,S3,SWEG99,S3 SWEG99,M,5/24/1999,1999144,4/28/1999,1999118,27,26,26.3,23.3,36,11.1,12.3,76,12.7,156.21,210.6,40,58.1,171,114,62,360,20.45454545,20.15151515,10.49707602,5.404040404,6.111111111,-1.111111111,32.22222222,34.44444444,-100.8333333,0.0254,1.0414,4.7498,20.71428571,6.666666667,51.66666667,0.8382,20.85185185,8.037037037,66.66666667,1.0668
1999,2,WDBL99,2 WDBL99,U,5/31/1999,1999151,5/5/1999,1999125,24,26,25.5,23.4,37.4,14.6,13,78.1,14,182,258.06,40.7,64.9,158,100,49,375,19.8989899,21.56565657,14.59064327,6.868686869,9.444444444,0.584795322,37.22222222,60.55555556,-45.83333333,0.8382,0.9398,2.8956,20.55555556,5.992063492,45.83333333,0.2794,20.77777778,7.185185185,59.72222222,0.9398
1999,O0,WDBL99,O0 WDBL99,U,5/31/1999,1999151,5/6/1999,1999126,24,25,24.6,20.5,32.2,13.2,13.2,70,11.7,154.44,212.52,37.8,57.7,135,81,30,308,20.15151515,20.60606061,15.52631579,6.818181818,9.444444444,1.140350877,38.33333333,55.27777778,-31.66666667,0.8382,1.2192,2.3622,20.91269841,6.468253968,51.66666667,0.2286,20.44444444,7.740740741,61.38888889,1.2192
1999,A6,WWLG99,A6 WWLG99,U,5/25/1999,1999145,4/28/1999,1999118,27,27,27.3,24.7,36.7,13,13.6,79.6,12,163.2,244.055,42.9,62.2,186,130,75,422,20.45454545,20.15151515,10.49707602,5.404040404,6.111111111,-1.111111111,32.22222222,34.44444444,-100.8333333,0.0254,1.0414,4.7498,20.71428571,6.666666667,51.66666667,0.8382,20.85185185,8.037037037,66.66666667,1.0668
1999,B7,WWLG99,B7 WWLG99,U,5/25/1999,1999145,4/28/1999,1999118,27,27,27,25,37.9,12.9,14,81.6,12.9,180.6,254.8775,43.7,62.2,187,128,68,472,20.45454545,20.15151515,10.49707602,5.404040404,6.111111111,-1.111111111,32.22222222,34.44444444,-100.8333333,0.0254,1.0414,4.7498,20.71428571,6.666666667,51.66666667,0.8382,20.85185185,8.037037037,66.66666667,1.0668
1999,Z0,WWLG99,Z0 WWLG99,U,5/25/1999,1999145,4/27/1999,1999117,27,28,27.5,25.3,37.6,14.3,14.7,82.6,12.3,180.81,272.6,45,63.6,194,134,77,470,20.1010101,19.7979798,10.90643275,3.737373737,6.161616162,-0.964912281,21.11111111,32.77777778,-95.55555556,0,0.8382,4.7498,20.55555556,6.19047619,47.22222222,0.8382,20.7037037,7.62962963,62.5,0.8382
2000,M9,DBAR00,M9 DBAR00,U,5/9/2000,2000130,4/13/2000,2000104,24,26,25.6,22.3,36.3,14.9,13.5,78.3,14,189,257.73,42,61.4,157,102,51,430,11.61616162,14.44444444,10.70175439,3.232323232,1.363636364,7.4800819777942e-16,-28.33333333,-23.05555556,-88.33333333,4.3688,1.3208,9.0932,11.34920635,2.142857143,-45.55555556,4.572,13.55555556,2.222222222,-31.66666667,4.318
2000,N0,DBAR00,N0 DBAR00,U,5/9/2000,2000130,4/13/2000,2000104,24,26,25.7,21.6,33.4,12.2,13,75.9,11.8,153.4,210.42,42.5,58.4,154,101,55,362,11.61616162,14.44444444,10.70175439,3.232323232,1.363636364,7.4800819777942e-16,-28.33333333,-23.05555556,-88.33333333,4.3688,1.3208,9.0932,11.34920635,2.142857143,-45.55555556,4.572,13.55555556,2.222222222,-31.66666667,4.318
2000,O1,DBAR00,O1 DBAR00,U,5/9/2000,2000130,4/14/2000,2000105,24,25,25.1,22.7,34.9,14.9,13.7,75.9,12.2,167.14,249.535,41,60.2,149,90,42,412,11.66666667,16.26262626,10.05847953,3.636363636,2.727272727,-0.321637427,-25.83333333,-5.555555556,-97.5,4.4704,1.4478,9.0678,12.38095238,2.380952381,-36.66666667,4.7244,14.2962963,2.851851852,-21.38888889,4.5466
2000,C0,ECRI00,C0 ECRI00,U,5/17/2000,2000138,4/21/2000,2000112,25,26,25.6,21.2,33.6,13,12.9,74,12.4,159.96,217.56,40.4,58.1,160,102,53,365,12.07070707,24.34343434,11.43274854,1.616161616,11.11111111,1.695906433,-34.72222222,85,-65.27777778,3.2004,4.4704,9.2456,19.76190476,6.507936508,43.88888889,1.4478,21.66666667,8.518518519,76.38888889,4.572
2000,D1,ECRI00,D1 ECRI00,U,5/17/2000,2000138,4/22/2000,2000113,25,25,24.9,19.9,33.2,11.8,12.5,71.1,13.3,166.25,201.69,37.9,56.6,138,86,40,300,12.62626263,24.09090909,11.34502924,1.616161616,11.46464646,1.49122807,-31.66666667,85.55555556,-68.05555556,3.5306,6.4516,9.2456,20.79365079,7.936507937,61.11111111,1.4732,22.2962963,9.111111111,85.55555556,7.5692
2000,F3,EKAY00,F3 EKAY00,U,5/22/2000,2000143,4/26/2000,2000117,27,26,25.5,21.3,32.3,13.1,12.7,75.7,11,139.7,208.335,43.4,58.9,161,99,49,345,17.37373737,23.48484848,10.78947368,3.98989899,10.1010101,1.111111111,7.5,74.72222222,-76.94444444,1.4478,6.9596,7.4676,23.41269841,9.880952381,93.05555556,8.3058,23,9.481481481,93.61111111,7.1882
2000,H5,HABL00,H5 HABL00,U,5/22/2000,2000143,4/26/2000,2000117,27,26,26.2,23.1,36,14.2,13.6,77.7,12.9,175.44,250.2,41.7,61.3,170,112,62,400,17.37373737,23.48484848,10.78947368,3.98989899,10.1010101,1.111111111,7.5,74.72222222,-76.94444444,1.4478,6.9596,7.4676,23.41269841,9.880952381,93.05555556,8.3058,23,9.481481481,93.61111111,7.1882
2000,K8,HANS00,K8 HANS00,U,5/24/2000,2000145,4/27/2000,2000118,28,27,27.3,24,39.1,12.2,12.7,81.9,15.1,191.77,243.3975,42.8,64,199,134,72,407,18.58585859,22.97979798,10.70175439,5.505050505,9.797979798,1.052631579,22.5,70.27777778,-78.33333333,1.4478,7.0358,7.2644,23.69047619,10.11904762,96.66666667,8.3058,23.55555556,10.2962963,103.8888889,7.2644
2000,L9,HANS00,L9 HANS00,U,5/24/2000,2000145,4/27/2000,2000118,28,27,26.5,20.8,34.2,12.4,11.9,75.5,13.4,159.46,207.765,41.3,59.9,175,117,66,348,18.58585859,22.97979798,10.70175439,5.505050505,9.797979798,1.052631579,22.5,70.27777778,-78.33333333,1.4478,7.0358,7.2644,23.69047619,10.11904762,96.66666667,8.3058,23.55555556,10.2962963,103.8888889,7.2644
2000,M0,HANS00,M0 HANS00,U,5/24/2000,2000145,4/26/2000,2000117,28,28,27.5,24.1,36.2,12.3,12.4,81,12.1,150.04,223.535,44.8,59.9,201,134,76,392,17.37373737,23.48484848,10.78947368,3.98989899,10.1010101,1.111111111,7.5,74.72222222,-76.94444444,1.4478,6.9596,7.4676,23.41269841,9.880952381,93.05555556,8.3058,23,9.481481481,93.61111111,7.1882
2000,N1,HANS00,N1 HANS00,F,5/24/2000,2000145,4/26/2000,2000117,28,28,27.5,22.7,36.2,12.7,12.2,76.4,13.5,164.7,225.345,40.2,60.5,191,132,78,372,17.37373737,23.48484848,10.78947368,3.98989899,10.1010101,1.111111111,7.5,74.72222222,-76.94444444,1.4478,6.9596,7.4676,23.41269841,9.880952381,93.05555556,8.3058,23,9.481481481,93.61111111,7.1882
2000,O2,HANS00,O2 HANS00,U,5/24/2000,2000145,4/28/2000,2000119,28,26,26.3,22.6,36.1,13.5,13,78.1,13.5,175.5,239.1625,42,60.8,181,119,57,412,20.2020202,22.62626263,10.23391813,6.565656566,9.141414141,1.374269006,37.22222222,64.72222222,-79.72222222,1.4478,8.7122,4.7752,23.25396825,9.682539683,90.55555556,7.1882,23.77777778,10.44444444,106.6666667,8.9408
2000,K7,HAPA00,K7 HAPA00,U,5/9/2000,2000130,4/13/2000,2000104,28,26,26.3,24.7,37.2,14.4,14.1,79.7,12.5,176.25,265.05,42.5,64.3,165,114,63,440,11.61616162,14.44444444,10.70175439,3.232323232,1.363636364,7.4800819777942e-16,-28.33333333,-23.05555556,-88.33333333,4.3688,1.3208,9.0932,11.34920635,2.142857143,-45.55555556,4.572,13.55555556,2.222222222,-31.66666667,4.318
2000,L8,HAPA00,L8 HAPA00,U,5/9/2000,2000130,4/14/2000,2000105,28,25,25.4,24.8,37.4,12.6,13.6,81.2,12.6,171.36,244.97,43.8,62.9,158,100,46,430,11.66666667,16.26262626,10.05847953,3.636363636,2.727272727,-0.321637427,-25.83333333,-5.555555556,-97.5,4.4704,1.4478,9.0678,12.38095238,2.380952381,-36.66666667,4.7244,14.2962963,2.851851852,-21.38888889,4.5466
2000,D2,HASH00,D2 HASH00,U,6/20/2000,2000172,5/25/2000,2000146,25,26,25.6,23.1,37.6,14.2,13.4,80.1,14.5,194.3,259.44,42.5,61.9,161,101,54,441,21.41414141,21.01010101,20.87719298,7.828282828,12.62626263,9.766081871,50.83333333,75,101.1111111,2.159,6.4008,12.9286,22.61904762,10.71428571,93.33333333,5.6134,22,11.66666667,102.5,6.731
2000,E3,HASH00,E3 HASH00,U,6/20/2000,2000172,5/26/2000,2000147,25,25,25.3,21.6,34.4,12.8,12.2,73.7,12.8,156.16,215,39.3,57,150,93,48,350,21.21212121,21.46464646,20.32163743,7.727272727,13.13131313,9.298245614,49.16666667,80.27777778,91.38888889,0.3556,6.4516,12.954,22.34126984,11.07142857,93.88888889,5.715,22,11.85185185,103.8888889,6.7818
2000,U8,HAW200,U8 HAW200,F,5/30/2000,2000151,5/3/2000,2000124,27,27,26.7,24.1,38,13.8,13.8,81.2,13.9,191.82,262.2,43.2,63.9,182,120,68,439,24.09090909,17.77777778,13.1871345,11.46464646,7.323232323,2.748538012,85.55555556,28.05555556,-38.61111111,6.4516,4.9022,5.6896,21.34920635,9.246031746,74.16666667,9.8044,19.22222222,8.555555556,58.33333333,11.1252
2000,V9,HAW200,V9 HAW200,U,5/30/2000,2000151,5/3/2000,2000124,27,27,26.7,23,35.2,13.3,13.2,77,12.2,161.04,233.2,41.8,61.3,177,119,69,420,24.09090909,17.77777778,13.1871345,11.46464646,7.323232323,2.748538012,85.55555556,28.05555556,-38.61111111,6.4516,4.9022,5.6896,21.34920635,9.246031746,74.16666667,9.8044,19.22222222,8.555555556,58.33333333,11.1252
2000,W0,HAW200,W0 HAW200,U,5/30/2000,2000151,5/4/2000,2000125,27,26,26,21.6,35.4,14,12.5,75.8,13.8,172.5,234.525,40.4,59.2,168,109,58,412,25.45454545,17.22222222,13.39181287,11.96969697,7.828282828,2.777777778,95.83333333,27.77777778,-36.38888889,7.1882,5.969,5.6896,20.23809524,8.73015873,62.77777778,9.8552,18.81481481,8.037037037,51.38888889,12.9032
2000,X1,HAW200,X1 HAW200,U,5/30/2000,2000151,5/5/2000,2000126,26,25,25.3,21.7,33.6,12.6,12.9,76,11.9,153.51,214.2,42.4,60.5,153,96,45,398,24.94949495,17.27272727,13.39181287,11.91919192,7.929292929,3.070175439,92.77777778,28.61111111,-33.61111111,7.1882,5.9944,5.9182,19.20634921,8.253968254,52.22222222,10.1092,18.22222222,7.777777778,45,10.6426
2000,F4,MAR200,F4 MAR200,M,6/20/2000,2000172,5/25/2000,2000146,25,26,26.3,23,36.4,12.6,13.2,78.9,13.4,176.88,234.78,42.5,63.1,173,115,61,441,21.41414141,21.01010101,20.87719298,7.828282828,12.62626263,9.766081871,50.83333333,75,101.1111111,2.159,6.4008,12.9286,22.61904762,10.71428571,93.33333333,5.6134,22,11.66666667,102.5,6.731
2000,P3,NDYC00,P3 NDYC00,U,5/24/2000,2000145,4/26/2000,2000117,28,28,28.2,22.9,36.2,12.9,12.7,77.6,13.3,168.91,231.68,41.4,53.9,202,143,84,335,17.37373737,23.48484848,10.78947368,3.98989899,10.1010101,1.111111111,7.5,74.72222222,-76.94444444,1.4478,6.9596,7.4676,23.41269841,9.880952381,93.05555556,8.3058,23,9.481481481,93.61111111,7.1882
2000,Q4,NDYC00,Q4 NDYC00,U,5/24/2000,2000145,4/26/2000,2000117,28,28,28.2,25,36.8,14.2,13.3,80.6,11.8,156.94,253,43.8,58.8,210,144,85,408,17.37373737,23.48484848,10.78947368,3.98989899,10.1010101,1.111111111,7.5,74.72222222,-76.94444444,1.4478,6.9596,7.4676,23.41269841,9.880952381,93.05555556,8.3058,23,9.481481481,93.61111111,7.1882
2000,R4,NMUR00,R4 NMUR00,U,5/16/2000,2000137,4/21/2000,2000112,25,25,25.2,20.2,32.2,11.8,12,70.9,12,144,191.59,38.7,55.9,147,93,47,290,12.07070707,24.34343434,11.43274854,1.616161616,11.11111111,1.695906433,-34.72222222,85,-65.27777778,3.2004,4.4704,9.2456,19.76190476,6.507936508,43.88888889,1.4478,21.66666667,8.518518519,76.38888889,4.572
2000,I6,SHEL00,I6 SHEL00,U,5/23/2000,2000144,4/27/2000,2000118,27,26,26.4,21.7,32.8,12.6,11.6,72,11.1,128.76,198.44,39.2,55.3,164,109,69,320,18.58585859,22.97979798,10.70175439,5.505050505,9.797979798,1.052631579,22.5,70.27777778,-78.33333333,1.4478,7.0358,7.2644,23.69047619,10.11904762,96.66666667,8.3058,23.55555556,10.2962963,103.8888889,7.2644
2000,R5,STA200,R5 STA200,U,5/24/2000,2000145,4/28/2000,2000119,26,26,26,20.3,33.5,12.5,13.2,72.8,13.2,174.24,215.2375,39.3,56.6,164,109,59,343,20.2020202,22.62626263,10.23391813,6.565656566,9.141414141,1.374269006,37.22222222,64.72222222,-79.72222222,1.4478,8.7122,4.7752,23.25396825,9.682539683,90.55555556,7.1882,23.77777778,10.44444444,106.6666667,8.9408
2000,S6,STA200,S6 STA200,U,5/24/2000,2000145,4/28/2000,2000119,26,26,26.2,20.6,32.5,10.9,11.2,72,11.9,133.28,179.5625,39.5,57.1,166,109,65,311,20.2020202,22.62626263,10.23391813,6.565656566,9.141414141,1.374269006,37.22222222,64.72222222,-79.72222222,1.4478,8.7122,4.7752,23.25396825,9.682539683,90.55555556,7.1882,23.77777778,10.44444444,106.6666667,8.9408
2000,T7,STA200,T7 STA200,M,5/24/2000,2000145,4/28/2000,2000119,26,26,26.4,21.8,34.6,11.7,13.3,76.1,12.8,170.24,216.25,41.5,60.5,172,116,65,366,20.2020202,22.62626263,10.23391813,6.565656566,9.141414141,1.374269006,37.22222222,64.72222222,-79.72222222,1.4478,8.7122,4.7752,23.25396825,9.682539683,90.55555556,7.1882,23.77777778,10.44444444,106.6666667,8.9408
2000,A9,WARO00,A9 WARO00,U,5/30/2000,2000151,5/4/2000,2000125,27,26,25.8,21.8,32.5,12.9,12.4,74.9,10.7,132.68,205.5625,42.4,59.5,155,102,57,395,25.45454545,17.22222222,13.39181287,11.96969697,7.828282828,2.777777778,95.83333333,27.77777778,-36.38888889,7.1882,5.969,5.6896,20.23809524,8.73015873,62.77777778,9.8552,18.81481481,8.037037037,51.38888889,12.9032
2000,Y2,WARO00,Y2 WARO00,M,5/30/2000,2000151,5/4/2000,2000125,27,26,26.2,23.2,35.2,13.7,13.7,78.9,12,164.4,241.12,43.7,60.2,174,114,61,444,25.45454545,17.22222222,13.39181287,11.96969697,7.828282828,2.777777778,95.83333333,27.77777778,-36.38888889,7.1882,5.969,5.6896,20.23809524,8.73015873,62.77777778,9.8552,18.81481481,8.037037037,51.38888889,12.9032
2000,Z3,WARO00,Z3 WARO00,M,5/30/2000,2000151,5/4/2000,2000125,27,26,26.3,22.6,36.9,12.5,13.2,76,14.3,188.76,237.0825,39.1,59.2,165,108,68,410,25.45454545,17.22222222,13.39181287,11.96969697,7.828282828,2.777777778,95.83333333,27.77777778,-36.38888889,7.1882,5.969,5.6896,20.23809524,8.73015873,62.77777778,9.8552,18.81481481,8.037037037,51.38888889,12.9032
2000,1-azure,WFER00,1-azure WFER00,U,5/15/2000,2000136,4/20/2000,2000111,24,25,25,21.8,33.8,12.2,13.9,74.3,12,166.8,220.545,40.5,55.4,145,87,45,345,12.12121212,23.73737374,11.57894737,1.96969697,10.3030303,1.461988304,-32.5,77.22222222,-66.11111111,3.2004,3.6576,8.4582,18.73015873,5.119047619,26.94444444,1.4478,21.14814815,8.037037037,68.88888889,3.7592
2000,A8,YETH00,A8 YETH00,U,5/17/2000,2000138,4/21/2000,2000112,27,26,26.1,21.8,35.9,12.7,13.5,75.8,14.1,190.35,235.145,39.9,62.3,176,108,62,381,12.07070707,24.34343434,11.43274854,1.616161616,11.11111111,1.695906433,-34.72222222,85,-65.27777778,3.2004,4.4704,9.2456,19.76190476,6.507936508,43.88888889,1.4478,21.66666667,8.518518519,76.38888889,4.572
2000,B9,YETH00,B9 YETH00,U,5/17/2000,2000138,4/21/2000,2000112,27,26,25.9,21.1,33.9,11.7,11.8,74.7,12.8,151.04,199.1625,40.8,59.8,171,110,53,355,12.07070707,24.34343434,11.43274854,1.616161616,11.11111111,1.695906433,-34.72222222,85,-65.27777778,3.2004,4.4704,9.2456,19.76190476,6.507936508,43.88888889,1.4478,21.66666667,8.518518519,76.38888889,4.572
2000,Y1,YETH00,Y1 YETH00,U,5/17/2000,2000138,4/20/2000,2000111,27,27,26.8,22,34.3,12.3,11.9,75.7,12.3,146.37,207.515,41.4,59.8,182,120,70,352,12.12121212,23.73737374,11.57894737,1.96969697,10.3030303,1.461988304,-32.5,77.22222222,-66.11111111,3.2004,3.6576,8.4582,18.73015873,5.119047619,26.94444444,1.4478,21.14814815,8.037037037,68.88888889,3.7592
2000,Z2,YETH00,Z2 YETH00,U,5/17/2000,2000138,4/20/2000,2000111,27,27,26.8,20.9,32.7,11.5,12.2,75.3,11.8,143.96,193.7475,42.6,61.1,177,120,72,352,12.12121212,23.73737374,11.57894737,1.96969697,10.3030303,1.461988304,-32.5,77.22222222,-66.11111111,3.2004,3.6576,8.4582,18.73015873,5.119047619,26.94444444,1.4478,21.14814815,8.037037037,68.88888889,3.7592
2000,U7,YFER00,U7 YFER00,U,5/17/2000,2000138,4/22/2000,2000113,26,25,24.9,22.8,35.9,14.1,13.9,77.7,13.1,182.09,251.3,41.8,60.9,146,90,33,445,12.62626263,24.09090909,11.34502924,1.616161616,11.46464646,1.49122807,-31.66666667,85.55555556,-68.05555556,3.5306,6.4516,9.2456,20.79365079,7.936507937,61.11111111,1.4732,22.2962963,9.111111111,85.55555556,7.5692
2000,V8,YFER00,V8 YFER00,U,5/17/2000,2000138,4/22/2000,2000113,26,25,25,23.6,34.4,13.1,13.7,74.6,10.8,147.96,230.48,40.2,60.2,144,86,45,393,12.62626263,24.09090909,11.34502924,1.616161616,11.46464646,1.49122807,-31.66666667,85.55555556,-68.05555556,3.5306,6.4516,9.2456,20.79365079,7.936507937,61.11111111,1.4732,22.2962963,9.111111111,85.55555556,7.5692
2000,W9,YFER00,W9 YFER00,U,5/17/2000,2000138,4/21/2000,2000112,26,26,25.7,24.2,35.6,12.7,13,79.3,11.4,148.2,228.73,43.7,62.6,164,102,55,425,12.07070707,24.34343434,11.43274854,1.616161616,11.11111111,1.695906433,-34.72222222,85,-65.27777778,3.2004,4.4704,9.2456,19.76190476,6.507936508,43.88888889,1.4478,21.66666667,8.518518519,76.38888889,4.572
2001,2T,BISA01,2T BISA01,F,5/16/2001,2001136,4/20/2001,2001110,24,26,25.5,21.7,32.7,13.3,12.2,73.9,11,134.2,208.4625,41.2,59.9,158,98,51,375,17.87878788,24.8989899,11.78362573,2.929292929,7.272727273,0.380116959,4.444444444,66.94444444,-74.44444444,0.4826,0.2286,1.397,21.19047619,3.73015873,34.44444444,0.0508,22.37037037,5.185185185,56.66666667,0.2286
2001,3U,BISA01,3U BISA01,F,5/16/2001,2001136,4/20/2001,2001110,24,26,25.6,21,33.5,12.8,12.5,72.7,12.5,156.25,211.8875,39.2,59.5,160,99,53,380,17.87878788,24.8989899,11.78362573,2.929292929,7.272727273,0.380116959,4.444444444,66.94444444,-74.44444444,0.4826,0.2286,1.397,21.19047619,3.73015873,34.44444444,0.0508,22.37037037,5.185185185,56.66666667,0.2286
2001,4V,BISA01,4V BISA01,M,5/16/2001,2001136,4/21/2001,2001111,24,25,25,21.6,34.2,13.2,13.3,75.4,12.6,167.58,226.575,41.2,61.5,145,89,39,385,19.14141414,25.3030303,12.54385965,3.636363636,8.181818182,0.643274854,15.27777778,74.16666667,-64.72222222,0.4826,0.381,1.3716,21.30952381,4.325396825,39.44444444,0.2286,23.03703704,6.037037037,68.05555556,0.381
2001,5A,BRBI01,5A BRBI01,M,5/25/2001,2001145,4/28/2001,2001118,27,27,27,23.3,36.2,12.1,12.1,81.7,12.9,156.09,219.01,45.5,61.5,181,124,72,435,22.22222222,20.15151515,16.22807018,4.696969697,6.666666667,2.894736842,38.05555556,37.5,-8.333333333,0.0508,1.4986,1.2192,22.42063492,6.19047619,60.27777778,1.1684,20.62962963,6.407407407,52.77777778,1.5494
2001,6B,BRBI01,6B BRBI01,F,5/25/2001,2001145,4/28/2001,2001118,27,27,27.2,22.2,34.4,11.9,11.6,77.1,12.2,141.52,202.1,42.7,58.8,184,127,75,357,22.22222222,20.15151515,16.22807018,4.696969697,6.666666667,2.894736842,38.05555556,37.5,-8.333333333,0.0508,1.4986,1.2192,22.42063492,6.19047619,60.27777778,1.1684,20.62962963,6.407407407,52.77777778,1.5494
2001,7C,BRBI01,7C BRBI01,M,5/25/2001,2001145,4/29/2001,2001119,27,26,26.1,22.4,35,12.9,12.7,75.1,12.6,160.02,224,40.1,58,170,113,57,339,22.67676768,19.94949495,15.70175439,5.555555556,6.262626263,2.543859649,45.27777778,34.16666667,-16.66666667,0.2286,1.3208,0.5588,21.94444444,6.111111111,56.38888889,1.1684,20.03703704,6.148148148,46.38888889,1.4986
2001,8D,BRBI01,8D BRBI01,M,5/25/2001,2001145,4/28/2001,2001118,27,27,26.6,22.8,35.3,11.9,12.2,79,12.5,152.5,212.6825,43.7,62,181,119,68,350,22.22222222,20.15151515,16.22807018,4.696969697,6.666666667,2.894736842,38.05555556,37.5,-8.333333333,0.0508,1.4986,1.2192,22.42063492,6.19047619,60.27777778,1.1684,20.62962963,6.407407407,52.77777778,1.5494
2001,3J,BROT01,3J BROT01,M,5/22/2001,2001142,4/25/2001,2001115,28,27,27,23.7,31.2,13.9,12.7,80.6,7.5,95.25,207.48,49.4,62,187,127,70,367,21.71717172,20.4040404,15.76023392,3.484848485,5.202020202,3.216374269,28.61111111,30.83333333,-9.722222222,0.0508,1.1176,1.8288,23.92857143,7.063492063,76.94444444,1.1684,22.92592593,6.296296296,69.16666667,1.1684
2001,4K,BROT01,4K BROT01,M,5/22/2001,2001142,4/25/2001,2001115,28,27,26.6,23,36.4,13,12.2,78.1,13.4,163.48,229.32,41.7,62.4,174,120,65,343,21.71717172,20.4040404,15.76023392,3.484848485,5.202020202,3.216374269,28.61111111,30.83333333,-9.722222222,0.0508,1.1176,1.8288,23.92857143,7.063492063,76.94444444,1.1684,22.92592593,6.296296296,69.16666667,1.1684
2001,5L,BROT01,5L BROT01,F,5/22/2001,2001142,4/27/2001,2001117,28,25,25,19.8,31.6,12,11,71.8,11.8,129.8,181.7,40.2,59.1,148,95,33,268,21.96969697,20.45454545,16.22807018,4.04040404,6.515151515,3.011695906,33.05555556,38.33333333,-7.222222222,0.0508,1.143,1.2192,23.25396825,6.706349206,69.72222222,1.1684,21.44444444,6.407407407,58.88888889,1.1938
2001,6V,BRTN01,6V BRTN01,F,6/13/2001,2001164,5/18/2001,2001138,25,26,26,23.4,35.1,11.7,12.9,74.4,11.7,150.93,215.865,39.3,56.3,161,106,60,352,19.74747475,18.18181818,22.13450292,10.50505051,7.070707071,6.228070175,56.38888889,28.88888889,79.44444444,3.8608,2.7178,1.1938,18.53174603,8.73015873,50.83333333,4.9784,19.03703704,8.296296296,55,3.8354
2001,7W,BRTN01,7W BRTN01,F,6/13/2001,2001164,5/18/2001,2001138,25,26,25.8,21.5,33.2,12,12.8,73.2,11.7,149.76,205.84,40,56.5,158,101,60,350,19.74747475,18.18181818,22.13450292,10.50505051,7.070707071,6.228070175,56.38888889,28.88888889,79.44444444,3.8608,2.7178,1.1938,18.53174603,8.73015873,50.83333333,4.9784,19.03703704,8.296296296,55,3.8354
2001,8X,BRTN01,8X BRTN01,M,6/13/2001,2001164,5/19/2001,2001139,25,25,25,21.4,32.6,11.7,12.6,72.8,11.2,141.12,198.045,40.2,58.4,150,91,40,335,19.8989899,18.83838384,22.25146199,10.55555556,6.616161616,6.783625731,57.5,30,85.83333333,3.937,2.6162,1.5494,18.61111111,8.73015873,51.38888889,3.8608,19.03703704,7.925925926,52.22222222,3.8354
2001,2S,CCLI01,2S CCLI01,M,5/24/2001,2001144,4/25/2001,2001115,30,29,28.9,23.7,36.8,13,12.6,81,13.1,165.06,235.52,44.2,60.2,210,149,95,398,21.71717172,20.4040404,15.76023392,3.484848485,5.202020202,3.216374269,28.61111111,30.83333333,-9.722222222,0.0508,1.1176,1.8288,23.92857143,7.063492063,76.94444444,1.1684,22.92592593,6.296296296,69.16666667,1.1684
2001,3T,CCLI01,3T CCLI01,M,5/24/2001,2001144,4/25/2001,2001115,30,29,28.8,24.1,38.6,13.3,13.8,81.8,14.5,200.1,261.515,43.2,61.7,212,153,90,415,21.71717172,20.4040404,15.76023392,3.484848485,5.202020202,3.216374269,28.61111111,30.83333333,-9.722222222,0.0508,1.1176,1.8288,23.92857143,7.063492063,76.94444444,1.1684,22.92592593,6.296296296,69.16666667,1.1684
2001,7X,CCPL01,7X CCPL01,F,5/25/2001,2001145,4/27/2001,2001117,29,28,28,24.1,37.5,12.7,12.4,78.5,13.4,166.16,235.3125,41,59.7,201,134,88,380,21.96969697,20.45454545,16.22807018,4.04040404,6.515151515,3.011695906,33.05555556,38.33333333,-7.222222222,0.0508,1.143,1.2192,23.25396825,6.706349206,69.72222222,1.1684,21.44444444,6.407407407,58.88888889,1.1938
2001,8Y,CCPL01,8Y CCPL01,M,5/25/2001,2001145,4/27/2001,2001117,29,28,28.4,24.7,36.2,12.6,13.4,80.6,11.5,154.1,235.3,44.4,62.8,200,143,90,410,21.96969697,20.45454545,16.22807018,4.04040404,6.515151515,3.011695906,33.05555556,38.33333333,-7.222222222,0.0508,1.143,1.2192,23.25396825,6.706349206,69.72222222,1.1684,21.44444444,6.407407407,58.88888889,1.1938
2001,9Z,CCPL01,9Z CCPL01,F,5/25/2001,2001145,4/28/2001,2001118,29,27,26.5,22.9,34.7,12.6,12.9,76.6,11.8,152.22,221.2125,41.9,59.2,177,120,62,382,22.22222222,20.15151515,16.22807018,4.696969697,6.666666667,2.894736842,38.05555556,37.5,-8.333333333,0.0508,1.4986,1.2192,22.42063492,6.19047619,60.27777778,1.1684,20.62962963,6.407407407,52.77777778,1.5494
2001,6X,CSWL01,6X CSWL01,F,5/17/2001,2001137,4/21/2001,2001111,25,26,26.1,20.1,32.2,12.2,11.9,72.9,12.1,143.99,194.005,40.7,60.2,160,109,61,355,19.14141414,25.3030303,12.54385965,3.636363636,8.181818182,0.643274854,15.27777778,74.16666667,-64.72222222,0.4826,0.381,1.3716,21.30952381,4.325396825,39.44444444,0.2286,23.03703704,6.037037037,68.05555556,0.381
2001,7Y,CSWL01,7Y CSWL01,F,5/17/2001,2001137,4/21/2001,2001111,25,26,26,19.8,32.9,12.1,11.8,72.8,13.1,154.58,196.5775,39.9,62.9,161,106,62,367,19.14141414,25.3030303,12.54385965,3.636363636,8.181818182,0.643274854,15.27777778,74.16666667,-64.72222222,0.4826,0.381,1.3716,21.30952381,4.325396825,39.44444444,0.2286,23.03703704,6.037037037,68.05555556,0.381
2001,8E,CUGO01,8E CUGO01,M,5/21/2001,2001141,4/24/2001,2001114,27,27,26.5,24.6,39.6,14.1,13.7,81.4,15,205.5,275.22,41.8,62.5,174,120,64,457,21.66666667,21.46464646,15.32163743,4.141414141,5.95959596,3.070175439,31.94444444,40.83333333,-15.27777778,0,1.1684,1.8288,23.37301587,6.468253968,68.88888889,0.381,23.2962963,6.555555556,73.88888889,1.1684
2001,9F,CUGO01,9F CUGO01,F,5/21/2001,2001141,4/24/2001,2001114,27,27,26.9,24.6,37.4,13.6,12.6,79.1,12.8,161.28,244.97,41.7,60.2,175,118,75,409,21.66666667,21.46464646,15.32163743,4.141414141,5.95959596,3.070175439,31.94444444,40.83333333,-15.27777778,0,1.1684,1.8288,23.37301587,6.468253968,68.88888889,0.381,23.2962963,6.555555556,73.88888889,1.1684
2001,0H,EOCR01,0H EOCR01,F,5/14/2001,2001134,4/18/2001,2001108,26,26,26.2,22.1,35.3,12.3,13,75.5,13.2,171.6,223.2725,40.2,60.4,174,111,61,415,16.66666667,22.67676768,11.22807018,2.525252525,5.555555556,0.789473684,-4.444444444,45.27777778,-75.83333333,0.5334,0.2286,2.0828,22.14285714,4.444444444,46.11111111,0.0508,21.33333333,4.111111111,40.83333333,0.2286
2001,1I,EOCR01,1I EOCR01,F,5/14/2001,2001134,4/18/2001,2001108,26,26,25.9,23.3,34.5,12.1,13.6,76.5,11.2,152.32,221.6625,42,61.1,165,106,58,395,16.66666667,22.67676768,11.22807018,2.525252525,5.555555556,0.789473684,-4.444444444,45.27777778,-75.83333333,0.5334,0.2286,2.0828,22.14285714,4.444444444,46.11111111,0.0508,21.33333333,4.111111111,40.83333333,0.2286
2001,7E,EOCR01,7E EOCR01,F,5/14/2001,2001134,4/18/2001,2001108,26,26,26,23.9,36,12.7,13.7,77.2,12.1,165.77,237.6,41.2,59.8,170,106,60,410,16.66666667,22.67676768,11.22807018,2.525252525,5.555555556,0.789473684,-4.444444444,45.27777778,-75.83333333,0.5334,0.2286,2.0828,22.14285714,4.444444444,46.11111111,0.0508,21.33333333,4.111111111,40.83333333,0.2286
2001,8F,EOCR01,8F EOCR01,F,5/14/2001,2001134,4/18/2001,2001108,26,26,25.9,23,33.9,12.2,12.8,75.6,10.9,139.52,211.875,41.7,59.5,165,108,57,392,16.66666667,22.67676768,11.22807018,2.525252525,5.555555556,0.789473684,-4.444444444,45.27777778,-75.83333333,0.5334,0.2286,2.0828,22.14285714,4.444444444,46.11111111,0.0508,21.33333333,4.111111111,40.83333333,0.2286
2001,9G,EOCR01,9G EOCR01,F,5/14/2001,2001134,4/18/2001,2001108,26,26,25.7,23.8,36,12.5,13.1,76.6,12.2,159.82,230.4,40.6,60,163,104,54,395,16.66666667,22.67676768,11.22807018,2.525252525,5.555555556,0.789473684,-4.444444444,45.27777778,-75.83333333,0.5334,0.2286,2.0828,22.14285714,4.444444444,46.11111111,0.0508,21.33333333,4.111111111,40.83333333,0.2286
2001,6M,HOMS01,6M HOMS01,F,5/23/2001,2001143,4/27/2001,2001117,26,26,26.2,22.9,37.6,12.3,12.7,75.5,14.7,186.69,235,37.9,57.6,171,119,54,343,21.96969697,20.45454545,16.22807018,4.04040404,6.515151515,3.011695906,33.05555556,38.33333333,-7.222222222,0.0508,1.143,1.2192,23.25396825,6.706349206,69.72222222,1.1684,21.44444444,6.407407407,58.88888889,1.1938
2001,7N,HOMS01,7N HOMS01,M,5/23/2001,2001143,4/28/2001,2001118,26,25,25.2,22,35.7,12.8,13.1,77.7,13.7,179.47,231.1575,42,58.6,160,97,40,375,22.22222222,20.15151515,16.22807018,4.696969697,6.666666667,2.894736842,38.05555556,37.5,-8.333333333,0.0508,1.4986,1.2192,22.42063492,6.19047619,60.27777778,1.1684,20.62962963,6.407407407,52.77777778,1.5494
2001,3K,JSUP01,3K JSUP01,M,5/15/2001,2001135,4/19/2001,2001109,27,26,26.4,21.4,33.7,13,13.2,75.7,12.3,162.36,220.735,42,61.3,181,120,59,415,16.81818182,23.98989899,11.28654971,2.323232323,6.515151515,0.497076023,-4.722222222,57.77777778,-78.05555556,0.4826,0.2286,1.524,21.78571429,4.246031746,42.22222222,0.0508,21.48148148,4.481481481,44.72222222,0.2286
2001,4L,JSUP01,4L JSUP01,M,5/15/2001,2001135,4/18/2001,2001108,27,27,26.5,24.7,38,13.5,13.6,80,13.3,180.88,257.45,42,64.5,180,119,64,472,16.66666667,22.67676768,11.22807018,2.525252525,5.555555556,0.789473684,-4.444444444,45.27777778,-75.83333333,0.5334,0.2286,2.0828,22.14285714,4.444444444,46.11111111,0.0508,21.33333333,4.111111111,40.83333333,0.2286
2001,3A,KNOL01,3A KNOL01,M,5/14/2001,2001134,4/17/2001,2001107,27,27,26.9,22.7,38,13.6,13.6,76.9,15.3,208.08,258.4,38.9,58.8,185,123,71,375,16.16161616,22.22222222,11.22807018,2.676767677,4.696969697,0.906432749,-6.388888889,38.05555556,-74.72222222,0.5334,0.0508,4.1402,22.3015873,5.238095238,52.77777778,0.508,21.74074074,4.555555556,47.22222222,0.0508
2001,4B,KNOL01,4B KNOL01,F,5/14/2001,2001134,4/18/2001,2001108,27,26,26.2,21.8,35.6,12.4,11.7,73.8,13.8,161.46,214.49,38.2,56.9,168,113,62,315,16.66666667,22.67676768,11.22807018,2.525252525,5.555555556,0.789473684,-4.444444444,45.27777778,-75.83333333,0.5334,0.2286,2.0828,22.14285714,4.444444444,46.11111111,0.0508,21.33333333,4.111111111,40.83333333,0.2286
2001,5C,KNOL01,5C KNOL01,F,5/14/2001,2001134,4/17/2001,2001107,27,27,27,22.6,35.1,11.9,12.7,75,12.5,158.75,215.865,39.9,55.4,180,125,72,319,16.16161616,22.22222222,11.22807018,2.676767677,4.696969697,0.906432749,-6.388888889,38.05555556,-74.72222222,0.5334,0.0508,4.1402,22.3015873,5.238095238,52.77777778,0.508,21.74074074,4.555555556,47.22222222,0.0508
2001,6D,KNOL01,6D KNOL01,F,5/14/2001,2001134,4/17/2001,2001107,27,27,26.5,21.5,33.6,12.4,12.1,72.9,12.1,146.41,205.8,39.3,55.1,176,120,63,320,16.16161616,22.22222222,11.22807018,2.676767677,4.696969697,0.906432749,-6.388888889,38.05555556,-74.72222222,0.5334,0.0508,4.1402,22.3015873,5.238095238,52.77777778,0.508,21.74074074,4.555555556,47.22222222,0.0508
2001,5M,LRIS01,5M LRIS01,M,5/15/2001,2001135,4/18/2001,2001108,27,27,27.4,22.9,35.5,12.7,13.2,75.8,12.6,166.32,229.8625,40.3,63.4,194,134,75,415,16.66666667,22.67676768,11.22807018,2.525252525,5.555555556,0.789473684,-4.444444444,45.27777778,-75.83333333,0.5334,0.2286,2.0828,22.14285714,4.444444444,46.11111111,0.0508,21.33333333,4.111111111,40.83333333,0.2286
2001,6N,LRIS01,6N LRIS01,M,5/15/2001,2001135,4/18/2001,2001108,27,27,27.3,23.1,36.1,13.2,12.6,78.8,13,163.8,232.845,42.7,64.4,192,134,71,440,16.66666667,22.67676768,11.22807018,2.525252525,5.555555556,0.789473684,-4.444444444,45.27777778,-75.83333333,0.5334,0.2286,2.0828,22.14285714,4.444444444,46.11111111,0.0508,21.33333333,4.111111111,40.83333333,0.2286
2001,7O,LRIS01,7O LRIS01,F,5/15/2001,2001135,4/18/2001,2001108,27,27,27,22.7,34.6,12.7,13.3,75.7,11.9,158.27,224.9,41.1,63.1,188,127,69,363,16.66666667,22.67676768,11.22807018,2.525252525,5.555555556,0.789473684,-4.444444444,45.27777778,-75.83333333,0.5334,0.2286,2.0828,22.14285714,4.444444444,46.11111111,0.0508,21.33333333,4.111111111,40.83333333,0.2286
2001,0F,MIPI01,0F MIPI01,M,5/28/2001,2001148,4/30/2001,2001120,30,28,27.8,22.5,36.5,12.7,12.8,80,14,179.2,232.6875,43.5,62.8,195,134,83,445,23.98989899,19.7979798,15.78947368,6.515151515,6.717171717,2.368421053,57.77777778,35.83333333,-17.5,0.2286,1.397,0.5588,20.83333333,6.111111111,48.61111111,1.1938,20.40740741,7,55.55555556,1.5748
2001,1G,MIPI01,1G MIPI01,F,5/28/2001,2001148,5/2/2001,2001122,30,26,26.4,22.5,34,12.5,12.1,75.8,11.5,139.15,209.1,41.8,59.1,170,115,64,335,25.3030303,18.18181818,16.75438596,8.181818182,6.717171717,2.01754386,74.16666667,26.94444444,-11.66666667,0.381,3.5052,0.5334,20.27777778,6.666666667,48.61111111,1.4986,20.07407407,7.518518519,56.94444444,3.8354
2001,2H,MIPI01,2H MIPI01,F,5/28/2001,2001148,4/29/2001,2001119,30,29,28.8,24.5,37.1,11.9,13.5,81.3,12.6,170.1,235.585,44.2,59,201,143,97,402,22.67676768,19.94949495,15.70175439,5.555555556,6.262626263,2.543859649,45.27777778,34.16666667,-16.66666667,0.2286,1.3208,0.5588,21.94444444,6.111111111,56.38888889,1.1684,20.03703704,6.148148148,46.38888889,1.4986
2001,9E,MIPI01,9E MIPI01,F,5/28/2001,2001148,4/29/2001,2001119,30,29,29,24.5,35.7,12.8,13.4,80,11.2,150.08,233.835,44.3,57,205,145,99,402,22.67676768,19.94949495,15.70175439,5.555555556,6.262626263,2.543859649,45.27777778,34.16666667,-16.66666667,0.2286,1.3208,0.5588,21.94444444,6.111111111,56.38888889,1.1684,20.03703704,6.148148148,46.38888889,1.4986
2001,3S,MMUR01,3S MMUR01,F,6/5/2001,2001156,5/10/2001,2001130,26,26,26.4,22.7,36.7,13.7,14,77.6,14,196,254.1475,40.9,60.7,172,114,65,419,19.94949495,19.04040404,21.95906433,6.262626263,9.595959596,5.438596491,34.16666667,47.5,70.27777778,1.3208,3.6322,0.6858,19.64285714,8.928571429,60,3.8608,19.03703704,9.37037037,63.05555556,4.0132
2001,0G,MNDY01,0G MNDY01,M,5/21/2001,2001141,4/25/2001,2001115,25,26,26.4,23.5,37.4,13.4,12.4,78.8,13.9,172.36,241.23,41.4,60.7,170,115,66,423,21.71717172,20.4040404,15.76023392,3.484848485,5.202020202,3.216374269,28.61111111,30.83333333,-9.722222222,0.0508,1.1176,1.8288,23.92857143,7.063492063,76.94444444,1.1684,22.92592593,6.296296296,69.16666667,1.1684
2001,1H,MNDY01,1H MNDY01,F,5/21/2001,2001141,4/25/2001,2001115,24,26,25.5,22.1,32.8,12,11.7,73.9,10.7,125.19,194.34,41.1,57.4,152,99,50,348,21.71717172,20.4040404,15.76023392,3.484848485,5.202020202,3.216374269,28.61111111,30.83333333,-9.722222222,0.0508,1.1176,1.8288,23.92857143,7.063492063,76.94444444,1.1684,22.92592593,6.296296296,69.16666667,1.1684
2001,2I,MNDY01,2I MNDY01,F,5/21/2001,2001141,4/25/2001,2001115,25,26,26.3,23,32.7,12.2,12.4,75.6,9.7,120.28,201.105,42.9,59.8,169,113,64,387,21.71717172,20.4040404,15.76023392,3.484848485,5.202020202,3.216374269,28.61111111,30.83333333,-9.722222222,0.0508,1.1176,1.8288,23.92857143,7.063492063,76.94444444,1.1684,22.92592593,6.296296296,69.16666667,1.1684
2001,0Q,NMUR01,0Q NMUR01,F,5/24/2001,2001144,4/29/2001,2001119,25,25,25.2,18.4,30.7,12.3,11.4,67.3,12.3,140.22,181.8975,36.6,51.4,147,95,41,277,22.67676768,19.94949495,15.70175439,5.555555556,6.262626263,2.543859649,45.27777778,34.16666667,-16.66666667,0.2286,1.3208,0.5588,21.94444444,6.111111111,56.38888889,1.1684,20.03703704,6.148148148,46.38888889,1.4986
2001,1R,NMUR01,1R NMUR01,M,5/24/2001,2001144,4/29/2001,2001119,25,25,24.7,20,30.3,11.9,12.6,69.4,10.3,129.78,185.5875,39.1,50.2,133,84,31,248,22.67676768,19.94949495,15.70175439,5.555555556,6.262626263,2.543859649,45.27777778,34.16666667,-16.66666667,0.2286,1.3208,0.5588,21.94444444,6.111111111,56.38888889,1.1684,20.03703704,6.148148148,46.38888889,1.4986
2001,8O,NMUR01,8O NMUR01,F,5/24/2001,2001144,4/28/2001,2001118,25,26,25.9,19.6,31.1,12.9,12.4,69.5,11.5,142.6,196.7075,38.4,53.6,159,109,54,315,22.22222222,20.15151515,16.22807018,4.696969697,6.666666667,2.894736842,38.05555556,37.5,-8.333333333,0.0508,1.4986,1.2192,22.42063492,6.19047619,60.27777778,1.1684,20.62962963,6.407407407,52.77777778,1.5494
2001,9P,NMUR01,9P NMUR01,M,5/24/2001,2001144,4/27/2001,2001117,25,27,26.5,21,32.9,12.5,12.3,73.4,11.9,146.37,203.98,40.5,56.9,169,117,65,350,21.96969697,20.45454545,16.22807018,4.04040404,6.515151515,3.011695906,33.05555556,38.33333333,-7.222222222,0.0508,1.143,1.2192,23.25396825,6.706349206,69.72222222,1.1684,21.44444444,6.407407407,58.88888889,1.1938
2001,4U,NOGO01,4U NOGO01,M,5/25/2001,2001145,4/27/2001,2001117,30,28,28.4,25,38.9,13.2,13.6,83.7,13.9,189.04,260.63,44.8,60.7,215,142,90,455,21.96969697,20.45454545,16.22807018,4.04040404,6.515151515,3.011695906,33.05555556,38.33333333,-7.222222222,0.0508,1.143,1.2192,23.25396825,6.706349206,69.72222222,1.1684,21.44444444,6.407407407,58.88888889,1.1938
2001,5V,NOGO01,5V NOGO01,M,5/25/2001,2001145,4/26/2001,2001116,30,29,28.8,23.4,39.8,12.9,13.9,80.5,16.4,227.96,266.66,40.7,59.8,208,148,93,420,21.26262626,20.95959596,15.78947368,3.282828283,6.111111111,3.011695906,25,38.88888889,-11.38888889,0.0508,1.1176,1.27,23.76984127,7.023809524,75.55555556,1.1684,22.44444444,6.37037037,66.11111111,1.1684
2001,6W,NOGO01,6W NOGO01,F,5/25/2001,2001145,4/27/2001,2001117,30,28,28.2,23,34.8,13.4,12.3,77.5,11.8,145.14,223.59,42.7,59.5,194,138,90,388,21.96969697,20.45454545,16.22807018,4.04040404,6.515151515,3.011695906,33.05555556,38.33333333,-7.222222222,0.0508,1.143,1.2192,23.25396825,6.706349206,69.72222222,1.1684,21.44444444,6.407407407,58.88888889,1.1938
2001,0P,SWEG01,0P SWEG01,F,6/5/2001,2001156,5/9/2001,2001129,26,27,26.8,23,37.1,13.8,12.6,79.1,14.1,177.66,244.86,42,58.7,180,122,70,400,20.15151515,19.6969697,21.6374269,6.666666667,10,5.292397661,37.5,53.33333333,65.83333333,1.4986,3.6322,0.7112,19.00793651,8.174603175,50.27777778,2.9464,19.33333333,9.37037037,65.27777778,4.0132
2001,1Q,SWEG01,1Q SWEG01,M,6/5/2001,2001156,5/10/2001,2001130,25,26,25.6,23.4,36.5,13.4,13,76.7,13.1,170.3,240.9,40.2,58.3,163,105,47,386,19.94949495,19.04040404,21.95906433,6.262626263,9.595959596,5.438596491,34.16666667,47.5,70.27777778,1.3208,3.6322,0.6858,19.64285714,8.928571429,60,3.8608,19.03703704,9.37037037,63.05555556,4.0132
2001,2R,SWEG01,2R SWEG01,F,6/5/2001,2001156,5/10/2001,2001130,25,26,25.9,21.3,32.2,12.9,12.2,73.6,10.9,132.98,202.055,41.4,58.1,167,110,54,365,19.94949495,19.04040404,21.95906433,6.262626263,9.595959596,5.438596491,34.16666667,47.5,70.27777778,1.3208,3.6322,0.6858,19.64285714,8.928571429,60,3.8608,19.03703704,9.37037037,63.05555556,4.0132
2001,8Z,SWPG01,8Z SWPG01,F,5/17/2001,2001137,4/22/2001,2001112,23,25,25.4,20.2,33.1,12.9,12.1,72.5,12.9,156.09,206.875,39.4,58.7,152,99,47,385,20.25252525,24.14141414,13.4502924,3.98989899,7.878787879,1.315789474,23.33333333,66.11111111,-49.72222222,0.4572,1.1684,1.8288,22.14285714,4.96031746,49.72222222,0.2286,22.96296296,6.333333333,69.72222222,1.1684
2001,4T,USGS01,4T USGS01,M,6/8/2001,2001159,5/12/2001,2001132,28,27,26.8,23.4,36.4,12.6,13.6,79,13,176.8,238.42,42.6,64.1,177,119,73,440,18.98989899,18.63636364,22.48538012,7.070707071,8.434343434,5.643274854,33.33333333,38.88888889,77.22222222,2.54,3.3782,0.381,19.4047619,10,65.83333333,4.0132,18.85185185,8.814814815,57.5,4.953
2001,5U,USGS01,5U USGS01,U,6/8/2001,2001159,5/11/2001,2001131,28,28,27.9,24.4,36.8,12.5,13,79.8,12.4,161.2,234.6,43,60.3,197,133,87,405,19.7979798,18.48484848,22.30994152,6.717171717,8.636363636,5.350877193,35.83333333,39.16666667,72.77777778,1.397,3.556,0.2286,19.6031746,9.722222222,65.27777778,3.9624,18.59259259,8.851851852,55.83333333,4.0132
2001,3I,WARO01,3I WARO01,F,5/31/2001,2001151,5/4/2001,2001124,27,27,27.1,23.6,36,13.2,13.3,77.5,12.4,164.92,238.5,41.5,61.5,180,125,75,415,22.67676768,19.34343434,18.3625731,6.919191919,8.181818182,3.187134503,52.77777778,41.38888889,14.72222222,1.1684,2.7432,0.5334,20.11904762,7.301587302,51.94444444,2.7178,19.81481481,7.777777778,56.94444444,3.683
2001,4J,WARO01,4J WARO01,M,5/31/2001,2001151,5/4/2001,2001124,27,27,26.8,23.4,36.3,14.4,13.7,79.3,12.9,176.73,255.0075,43,63.3,183,120,71,462,22.67676768,19.34343434,18.3625731,6.919191919,8.181818182,3.187134503,52.77777778,41.38888889,14.72222222,1.1684,2.7432,0.5334,20.11904762,7.301587302,51.94444444,2.7178,19.81481481,7.777777778,56.94444444,3.683
2001,5K,WARO01,5K WARO01,M,5/31/2001,2001151,5/4/2001,2001124,27,27,26.6,23.7,37.2,13.6,14.2,80,13.5,191.7,258.54,42.8,61.6,178,119,68,445,22.67676768,19.34343434,18.3625731,6.919191919,8.181818182,3.187134503,52.77777778,41.38888889,14.72222222,1.1684,2.7432,0.5334,20.11904762,7.301587302,51.94444444,2.7178,19.81481481,7.777777778,56.94444444,3.683
2001,6L,WARO01,6L WARO01,F,5/31/2001,2001151,5/5/2001,2001125,27,26,26,21.9,33.8,12.1,12.6,75.1,11.9,149.94,208.715,41.3,59.2,167,107,60,412,21.46464646,19.8989899,19.18128655,5.95959596,9.393939394,3.538011696,40.83333333,51.11111111,25.83333333,1.1684,2.921,0.5842,19.84126984,7.380952381,50.55555556,3.6576,19.62962963,8.111111111,58.05555556,3.8608
2001,6C,WCEM01,6C WCEM01,M,5/18/2001,2001138,4/23/2001,2001113,24,25,25.2,19.8,32.6,13.3,12.6,73.6,12.8,161.28,211.085,41,57.9,151,94,42,342,21.21212121,22.67676768,14.35672515,3.98989899,6.919191919,2.01754386,28.61111111,52.77777778,-34.44444444,0,1.1684,1.8288,22.65873016,5.436507937,56.66666667,0.2286,23.22222222,6.555555556,73.33333333,1.1684
2001,7D,WCEM01,7D WCEM01,M,5/18/2001,2001138,4/22/2001,2001112,25,26,26.1,23.2,36.8,11.9,12.3,78,13.6,167.28,222.64,41.2,62.4,169,113,58,405,20.25252525,24.14141414,13.4502924,3.98989899,7.878787879,1.315789474,23.33333333,66.11111111,-49.72222222,0.4572,1.1684,1.8288,22.14285714,4.96031746,49.72222222,0.2286,22.96296296,6.333333333,69.72222222,1.1684
2001,0R,WWCK01,0R WWCK01,F,5/16/2001,2001136,4/20/2001,2001110,26,26,25.6,21.3,35.4,12.2,13,77.2,14.1,183.3,223.02,41.8,60.7,162,103,51,405,17.87878788,24.8989899,11.78362573,2.929292929,7.272727273,0.380116959,4.444444444,66.94444444,-74.44444444,0.4826,0.2286,1.397,21.19047619,3.73015873,34.44444444,0.0508,22.37037037,5.185185185,56.66666667,0.2286
2001,1S,WWCK01,1S WWCK01,F,5/16/2001,2001136,4/21/2001,2001111,26,25,25.2,19.6,33.2,12.2,12.4,73.9,13.6,168.64,204.18,40.7,57.4,151,95,42,365,19.14141414,25.3030303,12.54385965,3.636363636,8.181818182,0.643274854,15.27777778,74.16666667,-64.72222222,0.4826,0.381,1.3716,21.30952381,4.325396825,39.44444444,0.2286,23.03703704,6.037037037,68.05555556,0.381
2001,8P,WWCK01,8P WWCK01,F,5/16/2001,2001136,4/19/2001,2001109,27,27,27.4,22.2,35.5,11.7,13.3,80.5,13.3,176.89,221.875,45,61.6,187,129,78,460,16.81818182,23.98989899,11.28654971,2.323232323,6.515151515,0.497076023,-4.722222222,57.77777778,-78.05555556,0.4826,0.2286,1.524,21.78571429,4.246031746,42.22222222,0.0508,21.48148148,4.481481481,44.72222222,0.2286
2001,9Q,WWCK01,9Q WWCK01,M,5/16/2001,2001136,4/20/2001,2001110,26,26,25.8,21.3,34.8,11.9,13.1,77.5,13.5,176.85,217.5,42.7,61.8,164,107,54,440,17.87878788,24.8989899,11.78362573,2.929292929,7.272727273,0.380116959,4.444444444,66.94444444,-74.44444444,0.4826,0.2286,1.397,21.19047619,3.73015873,34.44444444,0.0508,22.37037037,5.185185185,56.66666667,0.2286
2002,4S,BLAC02,4S BLAC02,M,5/17/2002,2002137,4/18/2002,2002108,28,29,28.8,24.5,38.4,13.3,14.2,82.6,13.9,197.38,264,44.2,60.6,212,143,98,418,15,15.75757576,14.70760234,2.676767677,3.080808081,2.719298246,-12.77777778,-6.388888889,-24.44444444,2.0066,3.2004,4.191,12.26190476,-0.079365079,-54.72222222,3.6576,14.59259259,2,-25.55555556,4.8514
2002,0Y,BRTN02,0Y BRTN02,F,5/22/2002,2002142,4/25/2002,2002115,26,27,26.6,21.7,34.8,11.6,12.8,75.3,13.1,167.68,212.28,40.5,61,180,118,68,380,12.37373737,16.51515152,17.07602339,0.050505051,5.303030303,4.239766082,-41.66666667,10,12.5,3.6068,8.8392,4.0894,15.79365079,3.531746032,-4.722222222,3.5306,16.07407407,4.333333333,3.055555556,9.1186
2002,1Z,BRTN02,1Z BRTN02,F,5/22/2002,2002142,4/26/2002,2002116,26,26,26.2,21.9,35.1,11.8,13,76.2,13.2,171.6,217.62,41.1,61,168,108,64,395,12.87878788,16.56565657,17.45614035,0.404040404,5.505050505,4.707602339,-36.94444444,11.38888889,20.55555556,3.6068,9.1948,5.1816,16.38888889,3.928571429,2.222222222,9.144,16.59259259,4.444444444,7.777777778,9.1948
2002,7A,BRTN02,7A BRTN02,F,5/22/2002,2002142,4/27/2002,2002117,26,25,25.1,20.6,32,12.3,12.2,71,11.4,139.08,196,39,54.6,151,94,41,338,14.24242424,15.50505051,17.42690058,1.515151515,4.444444444,4.707602339,-23.33333333,-0.277777778,20.27777778,3.0226,10.4394,5.1816,16.11111111,4.404761905,3.611111111,9.1186,16.18518519,4.333333333,3.888888889,10.9474
2002,6A,CCLI02,6A CCLI02,M,5/15/2002,2002135,4/18/2002,2002108,27,27,27.2,28.8,36,12.6,13,77.6,7.2,93.6,230.4,41.6,59.2,193,131,72,403,15,15.75757576,14.70760234,2.676767677,3.080808081,2.719298246,-12.77777778,-6.388888889,-24.44444444,2.0066,3.2004,4.191,12.26190476,-0.079365079,-54.72222222,3.6576,14.59259259,2,-25.55555556,4.8514
2002,7B,CCLI02,7B CCLI02,M,5/15/2002,2002135,4/17/2002,2002107,28,28,27.8,22.1,35.8,11.6,13.1,78.6,13.7,179.47,221.065,42.8,60.3,200,138,80,425,16.71717172,15.55555556,13.97660819,3.939393939,2.424242424,2.251461988,3.611111111,-11.11111111,-35.83333333,1.4478,3.2512,4.191,11.11111111,-0.317460317,-64.44444444,3.7338,14.22222222,1.259259259,-33.88888889,4.3434
2002,8C,CCLI02,8C CCLI02,U,5/15/2002,2002135,4/18/2002,2002108,27,27,26.6,21.1,33.8,10.7,11.9,73.2,12.7,151.13,190.97,39.4,54.8,174,121,65,343,15,15.75757576,14.70760234,2.676767677,3.080808081,2.719298246,-12.77777778,-6.388888889,-24.44444444,2.0066,3.2004,4.191,12.26190476,-0.079365079,-54.72222222,3.6576,14.59259259,2,-25.55555556,4.8514
2002,9D,CCLI02,9D CCLI02,M,5/15/2002,2002135,4/19/2002,2002109,26,26,25.6,19,29.8,11.5,11.2,70.7,10.8,120.96,169.115,40.9,57.6,164,109,45,320,13.43434343,15.80808081,15.40935673,1.464646465,3.434343434,3.625730994,-28.05555556,-4.166666667,-9.166666667,3.302,1.9558,4.191,13.57142857,0.952380952,-38.33333333,4.1148,14.51851852,2.259259259,-24.16666667,4.9022
2002,1E,CCPL02,1E CCPL02,M,5/22/2002,2002142,4/23/2002,2002113,28,29,28.5,25.2,39.4,14,14.1,82.4,14.2,200.22,276.785,43,61.6,219,145,90,422,11.26262626,16.71717172,15.99415205,-0.404040404,4.545454545,3.918128655,-50.27777778,6.944444444,-0.833333333,3.6576,8.5852,4.1656,15.55555556,2.619047619,-12.77777778,3.81,15.59259259,3.666666667,-5.555555556,9.2456
2002,2F,CCPL02,2F CCPL02,M,5/22/2002,2002142,4/25/2002,2002115,27,27,27,25.7,40.3,13.4,13.7,83.7,14.6,200.02,273.0325,43.4,61.6,190,130,66,428,12.37373737,16.51515152,17.07602339,0.050505051,5.303030303,4.239766082,-41.66666667,10,12.5,3.6068,8.8392,4.0894,15.79365079,3.531746032,-4.722222222,3.5306,16.07407407,4.333333333,3.055555556,9.1186
2002,4I,DBAR02,4I DBAR02,F,5/16/2002,2002136,4/19/2002,2002109,29,27,27.1,21.4,33.6,12.4,12.1,75.8,12.2,147.62,205.8,42.2,62.9,183,129,70,402,13.43434343,15.80808081,15.40935673,1.464646465,3.434343434,3.625730994,-28.05555556,-4.166666667,-9.166666667,3.302,1.9558,4.191,13.57142857,0.952380952,-38.33333333,4.1148,14.51851852,2.259259259,-24.16666667,4.9022
2002,5J,DBAR02,5J DBAR02,M,5/16/2002,2002136,4/20/2002,2002110,29,26,26.4,22,35.4,13.2,13.1,78.6,13.4,175.54,232.755,43.2,61.2,170,118,62,435,11.21212121,17.07070707,16.16959064,7.26617063407279e-16,3.333333333,3.771929825,-48.33333333,2.222222222,-0.555555556,3.4036,1.8542,3.9116,14.64285714,1.666666667,-25.83333333,4.3434,15.11111111,2.148148148,-20.55555556,3.81
2002,6K,DBAR02,6K DBAR02,M,5/16/2002,2002136,4/18/2002,2002108,29,28,27.6,21.6,34.2,12.5,12.4,78.9,12.6,156.24,212.895,44.7,62.2,188,131,81,417,15,15.75757576,14.70760234,2.676767677,3.080808081,2.719298246,-12.77777778,-6.388888889,-24.44444444,2.0066,3.2004,4.191,12.26190476,-0.079365079,-54.72222222,3.6576,14.59259259,2,-25.55555556,4.8514
2002,6U,DRIN02,6U DRIN02,F,5/20/2002,2002140,4/25/2002,2002115,25,25,25.2,20.4,30.7,13.1,11.7,73.8,10.3,120.51,190.34,43.1,58.8,155,92,46.5,398,12.37373737,16.51515152,17.07602339,0.050505051,5.303030303,4.239766082,-41.66666667,10,12.5,3.6068,8.8392,4.0894,15.79365079,3.531746032,-4.722222222,3.5306,16.07407407,4.333333333,3.055555556,9.1186
2002,7V,DRIN02,7V DRIN02,F,5/20/2002,2002140,4/25/2002,2002115,25,25,25.4,20.4,28.7,13.3,12.5,71.3,8.3,103.75,185.115,42.6,58,152,97,47,390,12.37373737,16.51515152,17.07602339,0.050505051,5.303030303,4.239766082,-41.66666667,10,12.5,3.6068,8.8392,4.0894,15.79365079,3.531746032,-4.722222222,3.5306,16.07407407,4.333333333,3.055555556,9.1186
2002,8W,DRIN02,8W DRIN02,F,5/20/2002,2002140,4/25/2002,2002115,25,25,25.1,21,29.7,12.1,12.2,72.4,8.7,106.14,180.4275,42.7,56.6,154,88,45,388,12.37373737,16.51515152,17.07602339,0.050505051,5.303030303,4.239766082,-41.66666667,10,12.5,3.6068,8.8392,4.0894,15.79365079,3.531746032,-4.722222222,3.5306,16.07407407,4.333333333,3.055555556,9.1186
2002,9X,DRIN02,9X DRIN02,F,5/20/2002,2002140,4/25/2002,2002115,25,25,24.9,21,28.5,11.8,12.2,73.7,7.5,91.5,171,45.2,57.2,150,87,37,368,12.37373737,16.51515152,17.07602339,0.050505051,5.303030303,4.239766082,-41.66666667,10,12.5,3.6068,8.8392,4.0894,15.79365079,3.531746032,-4.722222222,3.5306,16.07407407,4.333333333,3.055555556,9.1186
2002,2H,EOCR02,2H EOCR02,M,5/4/2002,2002124,4/9/2002,2002099,25,25,25.3,22.3,36,14.1,14,77.7,13.7,191.8,252.9,41.7,63.6,151,93,50,487,21.61616162,11.21212121,7.046783626,8.131313131,7.26617063407279e-16,-2.923976608,53.61111111,-48.33333333,-150.8333333,3.7338,3.4036,3.302,17.53968254,5.277777778,19.72222222,3.8862,15.88888889,3.777777778,-2.5,3.4036
2002,3I,EOCR02,3I EOCR02,M,5/4/2002,2002124,4/9/2002,2002099,25,25,25,22.4,36.1,13.4,13.2,77.4,13.7,180.84,240.065,41.3,63,142,88,41,460,21.61616162,11.21212121,7.046783626,8.131313131,7.26617063407279e-16,-2.923976608,53.61111111,-48.33333333,-150.8333333,3.7338,3.4036,3.302,17.53968254,5.277777778,19.72222222,3.8862,15.88888889,3.777777778,-2.5,3.4036
2002,4J,EOCR02,4J EOCR02,M,5/4/2002,2002124,4/9/2002,2002099,25,25,24.9,20.9,33.7,13.8,13.6,74.5,12.8,174.08,230.845,40.8,61.2,140,84,42,448,21.61616162,11.21212121,7.046783626,8.131313131,7.26617063407279e-16,-2.923976608,53.61111111,-48.33333333,-150.8333333,3.7338,3.4036,3.302,17.53968254,5.277777778,19.72222222,3.8862,15.88888889,3.777777778,-2.5,3.4036
2002,5K,EOCR02,5K EOCR02,F,5/4/2002,2002124,4/9/2002,2002099,25,25,24.6,20.6,35,13.2,13.6,73.6,14.4,195.84,234.5,38.6,60.4,131,77,35,395,21.61616162,11.21212121,7.046783626,8.131313131,7.26617063407279e-16,-2.923976608,53.61111111,-48.33333333,-150.8333333,3.7338,3.4036,3.302,17.53968254,5.277777778,19.72222222,3.8862,15.88888889,3.777777778,-2.5,3.4036
2002,0C,FERG02,0C FERG02,M,6/18/2002,2002169,5/22/2002,2002142,27,27,26.8,23.6,37,13.7,12.9,78.1,13.4,172.86,246.05,41.1,58.2,187,125,66,382,22.22222222,23.28282828,14.73684211,8.232323232,10.80808081,3.157894737,57.5,77.5,-20,2.0574,5.6134,11.0998,22.85714286,10.47619048,93.33333333,7.5946,23.85185185,11.77777778,117.2222222,7.3914
2002,9B,FERG02,9B FERG02,M,6/18/2002,2002169,5/20/2002,2002140,28,29,28.7,25.7,38.9,14.2,13.5,84,13.2,178.2,269.3825,45.1,61.3,217,150,89,420,19.14141414,22.82828283,15.35087719,5.404040404,9.898989899,3.771929825,25,70,-8.333333333,0.9398,6.731,11.3792,22.53968254,9.365079365,83.33333333,7.6708,23.07407407,10.40740741,101.1111111,7.5946
2002,0X,HAPA02,0X HAPA02,M,6/15/2002,2002166,5/21/2002,2002141,25,25,24.8,21.1,33.7,11.9,12.3,73.5,12.6,154.98,203.885,39.8,58.5,143,90,30,342,20.65656566,22.87878788,15.11695906,7.171717172,9.747474747,3.391812865,43.05555556,69.44444444,-14.16666667,1.0668,6.604,11.0998,22.46031746,9.841269841,86.11111111,7.5946,23.55555556,11.07407407,109.7222222,7.5946
2002,1Y,HAPA02,1Y HAPA02,M,6/15/2002,2002166,5/21/2002,2002141,25,25,24.7,21.6,35,12,12.2,73.4,13.4,163.48,211.75,38.4,59.2,140,83,35,338,20.65656566,22.87878788,15.11695906,7.171717172,9.747474747,3.391812865,43.05555556,69.44444444,-14.16666667,1.0668,6.604,11.0998,22.46031746,9.841269841,86.11111111,7.5946,23.55555556,11.07407407,109.7222222,7.5946
2002,2Z,HAPA02,2Z HAPA02,F,6/15/2002,2002166,5/21/2002,2002141,25,25,24.9,21.4,33,11.8,12.2,71.2,11.6,141.52,198,38.2,55.5,144,84,40,342,20.65656566,22.87878788,15.11695906,7.171717172,9.747474747,3.391812865,43.05555556,69.44444444,-14.16666667,1.0668,6.604,11.0998,22.46031746,9.841269841,86.11111111,7.5946,23.55555556,11.07407407,109.7222222,7.5946
2002,9W,HAPA02,9W HAPA02,M,6/15/2002,2002166,5/21/2002,2002141,24,25,24.5,21,34.5,11.7,11.8,72.1,13.5,159.3,202.6875,37.6,56,136,80,26,318,20.65656566,22.87878788,15.11695906,7.171717172,9.747474747,3.391812865,43.05555556,69.44444444,-14.16666667,1.0668,6.604,11.0998,22.46031746,9.841269841,86.11111111,7.5946,23.55555556,11.07407407,109.7222222,7.5946
2002,0O,JEWL02,0O JEWL02,M,5/16/2002,2002136,4/20/2002,2002110,27,26,26.2,22.5,35.3,12.2,11.5,76.3,12.8,147.2,209.1525,41,59.6,170,109,63,395,11.21212121,17.07070707,16.16959064,7.26617063407279e-16,3.333333333,3.771929825,-48.33333333,2.222222222,-0.555555556,3.4036,1.8542,3.9116,14.64285714,1.666666667,-25.83333333,4.3434,15.11111111,2.148148148,-20.55555556,3.81
2002,1P,JEWL02,1P JEWL02,F,5/16/2002,2002136,4/20/2002,2002110,27,26,25.8,20.5,32.4,11.5,11.6,74.2,11.9,138.04,187.11,41.8,59.3,163,112,48,365,11.21212121,17.07070707,16.16959064,7.26617063407279e-16,3.333333333,3.771929825,-48.33333333,2.222222222,-0.555555556,3.4036,1.8542,3.9116,14.64285714,1.666666667,-25.83333333,4.3434,15.11111111,2.148148148,-20.55555556,3.81
2002,2Q,JEWL02,2Q JEWL02,F,5/16/2002,2002136,4/20/2002,2002110,27,26,26.4,21.4,34,10.6,11.7,74.6,12.6,147.42,189.55,40.6,59.6,166,109,69,345,11.21212121,17.07070707,16.16959064,7.26617063407279e-16,3.333333333,3.771929825,-48.33333333,2.222222222,-0.555555556,3.4036,1.8542,3.9116,14.64285714,1.666666667,-25.83333333,4.3434,15.11111111,2.148148148,-20.55555556,3.81
2002,3R,JEWL02,3R JEWL02,F,5/16/2002,2002136,4/21/2002,2002111,27,25,25.3,20.7,32.8,11.8,10.7,72.5,12.1,129.47,184.5,39.7,58.6,152,99,44,298,9.797979798,17.22222222,16.4619883,-0.95959596,4.090909091,3.947368421,-61.38888889,7.222222222,3.888888889,3.683,1.651,4.1148,14.52380952,2.103174603,-23.61111111,4.8514,15.48148148,2.814814815,-12.77777778,3.8862
2002,4H,LANS02,4H LANS02,M,5/23/2002,2002143,4/27/2002,2002117,27,26,26.3,22.5,35.8,12.9,12.5,79.7,13.3,166.25,227.33,43.9,62.6,171,113,65,432,14.24242424,15.50505051,17.42690058,1.515151515,4.444444444,4.707602339,-23.33333333,-0.277777778,20.27777778,3.0226,10.4394,5.1816,16.11111111,4.404761905,3.611111111,9.1186,16.18518519,4.333333333,3.888888889,10.9474
2002,5I,LANS02,5I LANS02,M,5/23/2002,2002143,4/27/2002,2002117,26,26,26.1,22.3,34.4,12.2,12.4,77.4,12.1,150.04,211.56,43,60.4,168,112,57,426,14.24242424,15.50505051,17.42690058,1.515151515,4.444444444,4.707602339,-23.33333333,-0.277777778,20.27777778,3.0226,10.4394,5.1816,16.11111111,4.404761905,3.611111111,9.1186,16.18518519,4.333333333,3.888888889,10.9474
2002,6J,LANS02,6J LANS02,M,5/23/2002,2002143,4/27/2002,2002117,26,26,26,23.2,36.1,12.9,12.4,79.5,12.9,159.96,228.3325,43.4,60.2,172,112,55,400,14.24242424,15.50505051,17.42690058,1.515151515,4.444444444,4.707602339,-23.33333333,-0.277777778,20.27777778,3.0226,10.4394,5.1816,16.11111111,4.404761905,3.611111111,9.1186,16.18518519,4.333333333,3.888888889,10.9474
2002,7K,LANS02,7K LANS02,F,5/23/2002,2002143,4/28/2002,2002118,25,25,25,20.3,31.1,12.4,12,72.5,10.8,129.6,189.71,41.4,56.1,143,88,42,362,15.55555556,14.04040404,17.25146199,2.424242424,4.04040404,4.356725146,-11.11111111,-10.55555556,15.27777778,3.2512,10.3632,5.7404,16.23015873,4.285714286,3.611111111,8.8392,16.07407407,4.592592593,5,11.0998
2002,7L,MART02,7L MART02,F,5/16/2002,2002136,4/19/2002,2002109,27,27,26.5,21.2,34,12.8,11.9,75.8,12.8,152.32,209.95,41.8,61.1,177,115,68,380,13.43434343,15.80808081,15.40935673,1.464646465,3.434343434,3.625730994,-28.05555556,-4.166666667,-9.166666667,3.302,1.9558,4.191,13.57142857,0.952380952,-38.33333333,4.1148,14.51851852,2.259259259,-24.16666667,4.9022
2002,8M,MART02,8M MART02,M,5/16/2002,2002136,4/19/2002,2002109,27,27,27.4,24.8,38.9,14.3,14.1,83.6,14.1,198.81,276.19,44.7,64.6,193,129,78,478,13.43434343,15.80808081,15.40935673,1.464646465,3.434343434,3.625730994,-28.05555556,-4.166666667,-9.166666667,3.302,1.9558,4.191,13.57142857,0.952380952,-38.33333333,4.1148,14.51851852,2.259259259,-24.16666667,4.9022
2002,9N,MART02,9N MART02,F,5/16/2002,2002136,4/19/2002,2002109,27,27,27.3,23.2,35.1,13.9,13,78,11.9,154.7,236.0475,42.9,60.4,188,127,77,398,13.43434343,15.80808081,15.40935673,1.464646465,3.434343434,3.625730994,-28.05555556,-4.166666667,-9.166666667,3.302,1.9558,4.191,13.57142857,0.952380952,-38.33333333,4.1148,14.51851852,2.259259259,-24.16666667,4.9022
2002,0E,NEEL02,0E NEEL02,M,5/15/2002,2002135,4/19/2002,2002109,27,26,26.2,22.7,35.4,12.4,13.1,77.4,12.7,166.37,225.675,42,58.4,170,110,63,410,13.43434343,15.80808081,15.40935673,1.464646465,3.434343434,3.625730994,-28.05555556,-4.166666667,-9.166666667,3.302,1.9558,4.191,13.57142857,0.952380952,-38.33333333,4.1148,14.51851852,2.259259259,-24.16666667,4.9022
2002,1F,NEEL02,1F NEEL02,F,5/15/2002,2002135,4/19/2002,2002109,27,26,25.6,21.5,32.4,12.3,11.7,72.7,10.9,127.53,194.4,40.3,54.5,151,101,54,370,13.43434343,15.80808081,15.40935673,1.464646465,3.434343434,3.625730994,-28.05555556,-4.166666667,-9.166666667,3.302,1.9558,4.191,13.57142857,0.952380952,-38.33333333,4.1148,14.51851852,2.259259259,-24.16666667,4.9022
2002,2G,NEEL02,2G NEEL02,M,5/15/2002,2002135,4/19/2002,2002109,27,26,26,22,33.5,11.8,12,76.9,11.5,138,199.325,43.4,60,164,109,57,385,13.43434343,15.80808081,15.40935673,1.464646465,3.434343434,3.625730994,-28.05555556,-4.166666667,-9.166666667,3.302,1.9558,4.191,13.57142857,0.952380952,-38.33333333,4.1148,14.51851852,2.259259259,-24.16666667,4.9022
2002,3H,NEEL02,3H NEEL02,F,5/15/2002,2002135,4/20/2002,2002110,27,25,24.6,18.2,29.6,11.9,11.4,68.6,11.4,129.96,172.42,39,51.4,128,76,34,285,11.21212121,17.07070707,16.16959064,7.26617063407279e-16,3.333333333,3.771929825,-48.33333333,2.222222222,-0.555555556,3.4036,1.8542,3.9116,14.64285714,1.666666667,-25.83333333,4.3434,15.11111111,2.148148148,-20.55555556,3.81
2002,1O,ORHA02,1O ORHA02,M,5/28/2002,2002148,4/30/2002,2002120,28,28,28.4,24.6,37.2,14,14.2,82.6,12.6,178.92,262.26,45.4,62.1,204,141,90,467,15.80808081,13.13131313,16.5497076,3.434343434,2.626262626,4.298245614,-4.166666667,-23.33333333,8.055555556,1.9558,9.8044,5.842,16.70634921,4.841269841,10.83333333,10.9474,14.7037037,3.888888889,-10.55555556,11.0998
2002,2P,ORHA02,2P ORHA02,M,5/28/2002,2002148,5/2/2002,2002122,26,26,25.9,21.4,34.4,13.1,12.5,77.1,13,162.5,220.16,42.7,55.8,166,110,53,320,17.22222222,12.82828283,15.90643275,4.090909091,2.222222222,4.005847953,7.222222222,-27.22222222,-0.833333333,1.651,9.7282,6.4008,15.07936508,4.325396825,-4.166666667,11.0998,13.48148148,2.666666667,-28.88888889,10.3632
2002,5H,SIS202,5H SIS202,F,6/29/2002,2002180,6/3/2002,2002154,26,26,25.9,23.6,37.2,11.9,12.2,76.6,13.6,165.92,224.13,39.4,59.6,163,105,58,398,23.08080808,23.78787879,19.18128655,10.85858586,13.18181818,5.994152047,76.66666667,93.33333333,49.16666667,5.6642,7.7724,4.3688,23.41269841,12.3015873,110,7.5184,24.62962963,13.62962963,136.9444444,7.874
2002,6I,SIS202,6I SIS202,M,6/29/2002,2002180,6/4/2002,2002155,26,25,25.4,23.2,36.6,12.4,12.5,77.3,13.4,167.5,227.835,40.7,58.9,155,99,47,385,23.38383838,24.24242424,19.26900585,11.86868687,13.28282828,6.023391813,83.88888889,96.38888889,50.27777778,6.0706,7.8994,4.3688,24.00793651,13.01587302,119.1666667,7.5184,24.62962963,14,139.7222222,8.4074
2002,6T,STAD02,6T STAD02,F,6/8/2002,2002159,5/13/2002,2002133,26,26,25.9,20.9,33.6,11.2,11.9,70.1,12.7,151.13,194.04,36.5,51.9,161,109,53,270,12.82828283,23.58585859,14.76608187,2.222222222,9.646464646,2.426900585,-27.22222222,72.77777778,-26.66666667,9.7282,2.1082,6.477,18.29365079,5.634920635,27.5,2.9718,20.48148148,6.777777778,54.44444444,2.1082
2002,7U,STAD02,7U STAD02,F,6/8/2002,2002159,5/13/2002,2002133,26,26,25.9,21.4,33.8,12,11.6,73.5,12.4,143.84,199.42,39.7,55,161,109,55,290,12.82828283,23.58585859,14.76608187,2.222222222,9.646464646,2.426900585,-27.22222222,72.77777778,-26.66666667,9.7282,2.1082,6.477,18.29365079,5.634920635,27.5,2.9718,20.48148148,6.777777778,54.44444444,2.1082
2002,7M,SWPG02,7M SWPG02,F,5/15/2002,2002135,4/18/2002,2002108,27,27,26.6,22,33.4,11.4,11.8,76.4,11.4,134.52,193.72,43,59.3,175,120,66,387,15,15.75757576,14.70760234,2.676767677,3.080808081,2.719298246,-12.77777778,-6.388888889,-24.44444444,2.0066,3.2004,4.191,12.26190476,-0.079365079,-54.72222222,3.6576,14.59259259,2,-25.55555556,4.8514
2002,8N,SWPG02,8N SWPG02,F,5/15/2002,2002135,4/19/2002,2002109,26,26,25.6,20.9,32,12.7,11.9,74.9,11.1,132.09,196.8,42.9,60.2,163,100,53,430,13.43434343,15.80808081,15.40935673,1.464646465,3.434343434,3.625730994,-28.05555556,-4.166666667,-9.166666667,3.302,1.9558,4.191,13.57142857,0.952380952,-38.33333333,4.1148,14.51851852,2.259259259,-24.16666667,4.9022
2002,9O,SWPG02,9O SWPG02,F,5/15/2002,2002135,4/19/2002,2002109,26,26,26.2,22.1,35.6,13.1,13.1,75.3,13.5,176.85,233.18,39.7,61.7,172,110,63,412,13.43434343,15.80808081,15.40935673,1.464646465,3.434343434,3.625730994,-28.05555556,-4.166666667,-9.166666667,3.302,1.9558,4.191,13.57142857,0.952380952,-38.33333333,4.1148,14.51851852,2.259259259,-24.16666667,4.9022
2002,3Q,VETS02,3Q VETS02,M,5/30/2002,2002150,5/4/2002,2002124,26,26,25.6,19.8,31.6,12.6,11.8,72.8,11.8,139.24,192.76,41.2,56.6,155,103,50,295,16.71717172,14.6969697,15.40935673,4.545454545,2.02020202,3.099415205,6.944444444,-18.05555556,-14.16666667,8.5852,2.5908,3.9624,13.17460317,2.738095238,-28.61111111,10.3632,14.77777778,2.62962963,-19.44444444,9.8806
2002,0N,WARO02,0N WARO02,M,5/28/2002,2002148,5/1/2002,2002121,27,27,27.2,22,34.6,12.4,13,78.2,12.6,163.8,219.71,43.6,58.1,190,128,74,425,17.07070707,12.52525253,16.16959064,3.333333333,2.575757576,4.093567251,2.222222222,-26.94444444,2.5,1.8542,9.8044,6.1214,15.95238095,4.801587302,5.277777778,11.0998,13.85185185,2.925925926,-24.16666667,10.5918
2002,1D,WKA202,1D WKA202,F,6/26/2002,2002177,5/30/2002,2002150,27,27,26.7,24.6,38.6,11.4,13.4,78,14,187.6,239.32,39.4,58.6,178,122,67,365,22.72727273,22.92929293,16.75438596,10.55555556,12.07070707,4.941520468,73.05555556,82.5,16.11111111,7.1374,7.5184,10.7442,22.18253968,11.82539683,98.05555556,13.081,22.81481481,11.59259259,108.0555556,12.6746
2002,2E,WKA202,2E WKA202,M,6/26/2002,2002177,5/31/2002,2002151,26,26,26.1,24.9,38.3,12.4,13.3,80.6,13.4,178.22,246.0775,42.3,61.3,168,109,60,410,22.82828283,23.13131313,17.33918129,9.898989899,12.72727273,5.555555556,70,87.22222222,27.5,6.731,7.5184,10.795,22.46031746,12.02380952,101.3888889,13.081,22.74074074,11.92592593,110,7.8994
2002,3F,WKA202,3F WKA202,F,6/26/2002,2002177,5/31/2002,2002151,27,26,26.4,23.3,37,11.4,12.4,77.9,13.7,169.88,220.15,40.9,58.9,174,116,63,384,22.82828283,23.13131313,17.33918129,9.898989899,12.72727273,5.555555556,70,87.22222222,27.5,6.731,7.5184,10.795,22.46031746,12.02380952,101.3888889,13.081,22.74074074,11.92592593,110,7.8994
2002,4G,WKA202,4G WKA202,F,6/26/2002,2002177,6/1/2002,2002152,25,25,25.3,22.7,35.5,12.2,11.6,74,12.8,148.48,211.225,38.5,55.7,154,99,41,308,22.87878788,23.48484848,17.98245614,9.747474747,12.92929293,5.67251462,69.44444444,90.27777778,34.72222222,6.604,7.5184,10.287,22.61904762,11.70634921,100.2777778,12.6746,23.85185185,12.66666667,123.8888889,7.5184
2003,0W,ALOT03,0W ALOT03,M,5/14/2003,2003134,4/17/2003,2003107,28,27,27.1,22.8,36.4,13,12.1,78.8,13.6,164.56,228.41,42.4,63.1,183,128,72,394,13.88888889,18.48484848,8.333333333,2.626262626,5.151515152,-2.426900585,-19.16666667,20,-133.8888889,1.3462,1.7526,6.858,15.99206349,3.055555556,-6.666666667,1.8796,16.62962963,3.888888889,3.888888889,2.0828
2003,1X,ALOT03,1X ALOT03,F,5/14/2003,2003134,4/17/2003,2003107,28,27,26.6,22.4,35,12,12.3,76.3,12.6,154.98,212.625,41.3,58.9,176,118,68,383,13.88888889,18.48484848,8.333333333,2.626262626,5.151515152,-2.426900585,-19.16666667,20,-133.8888889,1.3462,1.7526,6.858,15.99206349,3.055555556,-6.666666667,1.8796,16.62962963,3.888888889,3.888888889,2.0828
2003,2Y,ALOT03,2Y ALOT03,F,5/14/2003,2003134,4/17/2003,2003107,28,27,26.7,22.7,36.1,12.9,12.8,77,13.4,171.52,231.9425,40.9,58.8,180,122,68,353,13.88888889,18.48484848,8.333333333,2.626262626,5.151515152,-2.426900585,-19.16666667,20,-133.8888889,1.3462,1.7526,6.858,15.99206349,3.055555556,-6.666666667,1.8796,16.62962963,3.888888889,3.888888889,2.0828
2003,3Z,ALOT03,3Z ALOT03,M,5/14/2003,2003134,4/17/2003,2003107,28,27,27.3,23.9,34.7,13.7,12.5,81.6,10.8,135,227.285,46.9,63.7,188,128,78,450,13.88888889,18.48484848,8.333333333,2.626262626,5.151515152,-2.426900585,-19.16666667,20,-133.8888889,1.3462,1.7526,6.858,15.99206349,3.055555556,-6.666666667,1.8796,16.62962963,3.888888889,3.888888889,2.0828
2003,4F,BROT03,4F BROT03,F,5/16/2003,2003136,4/20/2003,2003110,24,26,25.6,21.7,32.7,13.4,12.7,72.8,11,139.7,213.3675,40.1,60.5,155,100,55,447,15.80808081,18.53535354,9.473684211,3.535353535,5.353535354,-0.497076023,-3.611111111,21.38888889,-104.7222222,1.1684,1.778,4.8768,17.65873016,4.246031746,13.33333333,1.9558,18.51851852,5.037037037,26.66666667,1.9812
2003,5G,BROT03,5G BROT03,M,5/16/2003,2003136,4/20/2003,2003110,25,26,26.1,23.6,37,13.3,13.1,78,13.4,175.54,244.2,41,63.2,171,111,60,370,15.80808081,18.53535354,9.473684211,3.535353535,5.353535354,-0.497076023,-3.611111111,21.38888889,-104.7222222,1.1684,1.778,4.8768,17.65873016,4.246031746,13.33333333,1.9558,18.51851852,5.037037037,26.66666667,1.9812
2003,6H,BROT03,6H BROT03,F,5/16/2003,2003136,4/20/2003,2003110,25,26,26.1,23.8,35.4,12.4,12.4,77.4,11.6,143.84,219.48,42,61.1,168,108,61,370,15.80808081,18.53535354,9.473684211,3.535353535,5.353535354,-0.497076023,-3.611111111,21.38888889,-104.7222222,1.1684,1.778,4.8768,17.65873016,4.246031746,13.33333333,1.9558,18.51851852,5.037037037,26.66666667,1.9812
2003,7I,BROT03,7I BROT03,F,5/16/2003,2003136,4/20/2003,2003110,25,26,26.1,23.7,36.6,13.6,13,77.4,12.9,167.7,243.39,40.8,60.4,166,108,63,368,15.80808081,18.53535354,9.473684211,3.535353535,5.353535354,-0.497076023,-3.611111111,21.38888889,-104.7222222,1.1684,1.778,4.8768,17.65873016,4.246031746,13.33333333,1.9558,18.51851852,5.037037037,26.66666667,1.9812
2003,8J,BROT03,8J BROT03,M,5/16/2003,2003136,4/20/2003,2003110,25,26,25.9,22.1,34,12.3,12.5,77.4,11.9,148.75,210.8,43.4,62.4,165,106,57,387,15.80808081,18.53535354,9.473684211,3.535353535,5.353535354,-0.497076023,-3.611111111,21.38888889,-104.7222222,1.1684,1.778,4.8768,17.65873016,4.246031746,13.33333333,1.9558,18.51851852,5.037037037,26.66666667,1.9812
2003,4P,BRTN03,4P BRTN03,U,5/17/2003,2003137,4/21/2003,2003111,24,26,25.6,22,33.6,12.1,13.1,76,11.6,151.96,211.68,42.4,60.4,156,100,55,417,15.75757576,18.88888889,10.43859649,3.434343434,5.707070707,0.263157895,-4.444444444,25.27777778,-88.33333333,1.1684,3.937,4.318,18.0952381,4.523809524,18.33333333,1.9812,19.07407407,5.444444444,33.88888889,3.937
2003,5Q,BRTN03,5Q BRTN03,F,5/17/2003,2003137,4/21/2003,2003111,24,26,25.5,21.4,33.5,13.6,14.2,72.6,12.1,171.82,232.825,39.1,59.5,152,97,53,387,15.75757576,18.88888889,10.43859649,3.434343434,5.707070707,0.263157895,-4.444444444,25.27777778,-88.33333333,1.1684,3.937,4.318,18.0952381,4.523809524,18.33333333,1.9812,19.07407407,5.444444444,33.88888889,3.937
2003,6R,BRTN03,6R BRTN03,F,5/17/2003,2003137,4/22/2003,2003112,24,25,25.4,21.6,34.5,12.7,13.7,71.8,12.9,176.73,227.7,37.3,55.9,154,95,51,354,16.31313131,17.52525253,10.64327485,3.535353535,5.252525253,0.614035088,-0.833333333,15.27777778,-83.05555556,1.7018,3.7084,4.5974,18.13492063,4.761904762,20.27777778,1.9812,18.74074074,5.703703704,33.33333333,4.2418
2003,7S,BRTN03,7S BRTN03,M,5/17/2003,2003137,4/22/2003,2003112,24,25,25.4,21.7,34.4,12.9,12.7,76.2,12.7,161.29,220.16,41.8,60.4,153,95,52,407,16.31313131,17.52525253,10.64327485,3.535353535,5.252525253,0.614035088,-0.833333333,15.27777778,-83.05555556,1.7018,3.7084,4.5974,18.13492063,4.761904762,20.27777778,1.9812,18.74074074,5.703703704,33.33333333,4.2418
2003,11,BURP03,11 BURP03,M,5/27/2003,2003147,5/1/2003,2003121,26,26,26.1,22.9,35.6,13.2,12.8,78.7,12.7,162.56,231.4,43.1,58.6,169,115,55,312,18.53535354,17.42424242,15.90643275,5.353535354,6.111111111,2.69005848,21.38888889,19.44444444,-13.33333333,1.778,3.9624,1.3462,17.5,6.349206349,26.94444444,3.9878,18.03703704,6.185185185,31.66666667,4.0894
2003,45,CALD03,45 CALD03,F,6/5/2003,2003156,5/10/2003,2003130,25,26,25.9,21.5,34.3,12.3,12.8,74.4,12.8,163.84,215.2325,40.1,59.5,165,110,55,375,18.03030303,18.48484848,16.52046784,6.515151515,8.282828283,3.830409357,25,37.22222222,3.333333333,2.921,2.8702,2.9464,18.21428571,7.222222222,38.05555556,2.9464,19.03703704,7.962962963,52.5,2.8702
2003,56,CALD03,56 CALD03,F,6/5/2003,2003156,5/11/2003,2003131,25,25,25.4,21,33.3,12.3,12.6,73.4,12.3,154.98,207.2925,40.1,59.4,156,97,47,353,18.53535354,17.72727273,17.01754386,6.767676768,8.181818182,3.888888889,29.16666667,32.5,8.611111111,3.8862,6.7564,2.667,18.76984127,7.658730159,45,2.8956,19,7.962962963,52.22222222,7.7216
2003,2,COMP03,02 COMP03,M,5/23/2003,2003143,4/26/2003,2003116,26,27,26.6,23.1,36.6,13.1,13.2,81.6,13.5,178.2,240.645,45,62.7,187,122,64,422,17.72727273,17.32323232,12.42690058,4.04040404,6.262626263,1.198830409,9.722222222,19.72222222,-60.55555556,1.1684,3.7338,1.9558,17.57936508,5.714285714,23.05555556,4.6228,16.55555556,5.259259259,13.61111111,4.1656
2003,3,COMP03,03 COMP03,M,5/23/2003,2003143,4/27/2003,2003117,26,26,26.3,23.1,37.7,13.2,12.8,79.1,14.6,186.88,245.05,41.4,62.1,180,120,56,382,18.08080808,17.02020202,13.1871345,4.545454545,6.464646465,1.49122807,14.44444444,19.16666667,-50.55555556,1.8542,3.048,1.3716,17.1031746,5.476190476,18.05555556,4.6736,17,5.703703704,20.27777778,4.0132
2003,24,COPA03,24 COPA03,F,6/15/2003,2003166,5/21/2003,2003141,26,25,25.4,23,35.8,12,12.1,76.4,12.8,154.88,215.695,40.6,58.3,153,101,45,300,18.48484848,19.39393939,17.80701754,8.282828283,10.4040404,5.701754386,37.22222222,53.88888889,33.33333333,2.8702,6.5786,5.1308,18.53174603,9.206349206,54.16666667,6.731,19.7037037,9.962962963,72.5,6.5786
2003,6G,ECRI03,6G ECRI03,M,5/20/2003,2003140,4/23/2003,2003113,26,27,26.6,21.9,35,12.2,11.9,75.2,13.1,155.89,210.875,40.2,58.4,178,120,65,327,16.06060606,17.17171717,11.28654971,3.080808081,5.555555556,0.643274854,-4.722222222,15,-76.66666667,1.5748,3.937,4.699,18.80952381,5.198412698,28.05555556,1.778,17.48148148,5.37037037,21.38888889,4.6228
2003,7H,ECRI03,7H ECRI03,F,5/20/2003,2003140,4/23/2003,2003113,26,27,26.5,22,34,11.4,12.8,75.5,12,153.6,205.7,41.5,57.2,171,114,69,344,16.06060606,17.17171717,11.28654971,3.080808081,5.555555556,0.643274854,-4.722222222,15,-76.66666667,1.5748,3.937,4.699,18.80952381,5.198412698,28.05555556,1.778,17.48148148,5.37037037,21.38888889,4.6228
2003,8I,ECRI03,8I ECRI03,F,5/20/2003,2003140,4/25/2003,2003115,26,25,24.8,20,30.1,11.6,10.8,70.1,10.1,109.08,168.56,40,55.8,140,84,36,250,17.57575758,17.07070707,11.52046784,3.333333333,6.212121212,0.81871345,5,18.05555556,-72.77777778,0.9144,3.9878,1.9558,18.17460317,5.317460317,24.44444444,4.2418,17.25925926,5.555555556,21.11111111,4.699
2003,0U,EWIL03,0U EWIL03,F,5/20/2003,2003140,4/22/2003,2003112,29,28,27.9,24.5,36.8,15,14,79.1,12.3,172.2,266.8,42.3,62.4,195,133,87,415,16.31313131,17.52525253,10.64327485,3.535353535,5.252525253,0.614035088,-0.833333333,15.27777778,-83.05555556,1.7018,3.7084,4.5974,18.13492063,4.761904762,20.27777778,1.9812,18.74074074,5.703703704,33.33333333,4.2418
2003,1V,EWIL03,1V EWIL03,F,5/20/2003,2003140,4/22/2003,2003112,29,28,28.1,24.6,36.8,13.4,13,78.7,12.2,158.6,242.88,41.9,61.4,191,133,91,400,16.31313131,17.52525253,10.64327485,3.535353535,5.252525253,0.614035088,-0.833333333,15.27777778,-83.05555556,1.7018,3.7084,4.5974,18.13492063,4.761904762,20.27777778,1.9812,18.74074074,5.703703704,33.33333333,4.2418
2003,7R,EWIL03,7R EWIL03,M,5/20/2003,2003140,4/22/2003,2003112,29,28,27.5,25.3,38.4,14.6,14.8,82.6,13.1,193.88,282.24,44.2,63.2,190,129,80,485,16.31313131,17.52525253,10.64327485,3.535353535,5.252525253,0.614035088,-0.833333333,15.27777778,-83.05555556,1.7018,3.7084,4.5974,18.13492063,4.761904762,20.27777778,1.9812,18.74074074,5.703703704,33.33333333,4.2418
2003,8S,EWIL03,8S EWIL03,M,5/20/2003,2003140,4/23/2003,2003113,29,27,27.3,22.2,38.7,14.1,14.1,81.4,16.5,232.65,272.835,42.7,62.3,187,127,78,430,16.06060606,17.17171717,11.28654971,3.080808081,5.555555556,0.643274854,-4.722222222,15,-76.66666667,1.5748,3.937,4.699,18.80952381,5.198412698,28.05555556,1.778,17.48148148,5.37037037,21.38888889,4.6228
2003,9T,EWIL03,9T EWIL03,F,5/20/2003,2003140,4/23/2003,2003113,29,27,26.9,23,35.4,13.1,13.3,77.1,12.4,164.92,233.64,41.7,60.2,179,123,70,430,16.06060606,17.17171717,11.28654971,3.080808081,5.555555556,0.643274854,-4.722222222,15,-76.66666667,1.5748,3.937,4.699,18.80952381,5.198412698,28.05555556,1.778,17.48148148,5.37037037,21.38888889,4.6228
2003,2D,FOHA03,2D FOHA03,M,5/15/2003,2003135,4/17/2003,2003107,30,28,28.3,23.9,36.6,13.1,13.3,80.1,12.7,168.91,241.56,43.5,61.3,198,140,90,395,13.88888889,18.48484848,8.333333333,2.626262626,5.151515152,-2.426900585,-19.16666667,20,-133.8888889,1.3462,1.7526,6.858,15.99206349,3.055555556,-6.666666667,1.8796,16.62962963,3.888888889,3.888888889,2.0828
2003,3E,FOHA03,3E FOHA03,F,5/15/2003,2003135,4/17/2003,2003107,30,28,28.2,22.7,35,12.1,11.8,76.8,12.3,145.14,209.125,41.8,58.5,191,135,92,310,13.88888889,18.48484848,8.333333333,2.626262626,5.151515152,-2.426900585,-19.16666667,20,-133.8888889,1.3462,1.7526,6.858,15.99206349,3.055555556,-6.666666667,1.8796,16.62962963,3.888888889,3.888888889,2.0828
2003,44,HATR03,44 HATR03,F,5/29/2003,2003149,5/3/2003,2003123,27,26,26.3,22.4,34.3,13.8,12.8,77.5,11.9,152.32,228.095,43.2,56.4,180,120,55,333,17.52525253,17.62626263,16.8128655,5.252525253,6.363636364,3.684210526,15.27777778,21.94444444,4.722222222,3.7084,1.9558,2.032,18.49206349,6.507936508,35,4.0132,18.03703704,6.592592593,34.72222222,4.4196
2003,4Q,HAWA03,4Q HAWA03,M,5/12/2003,2003132,4/16/2003,2003106,25,26,26.1,23.2,35.4,12.7,14,78.3,12.2,170.8,236.295,42.9,64.2,169,110,59,430,15.15151515,18.08080808,8.157894737,3.232323232,4.545454545,-1.900584795,-8.888888889,14.44444444,-130.5555556,1.143,1.8542,6.9088,16.03174603,3.571428571,-2.777777778,1.8796,16.2962963,3.222222222,-3.611111111,2.54
2003,5R,HAWA03,5R HAWA03,M,5/12/2003,2003132,4/16/2003,2003106,25,26,26.1,22,31,13.6,13,76.6,9,117,206.15,45.6,62.8,170,112,59,430,15.15151515,18.08080808,8.157894737,3.232323232,4.545454545,-1.900584795,-8.888888889,14.44444444,-130.5555556,1.143,1.8542,6.9088,16.03174603,3.571428571,-2.777777778,1.8796,16.2962963,3.222222222,-3.611111111,2.54
2003,6S,HAWA03,6S HAWA03,M,5/12/2003,2003132,4/17/2003,2003107,25,25,25.4,21.3,32.6,13.9,12,76.1,11.3,135.6,211.085,43.5,59.9,158,97,50,392,13.88888889,18.48484848,8.333333333,2.626262626,5.151515152,-2.426900585,-19.16666667,20,-133.8888889,1.3462,1.7526,6.858,15.99206349,3.055555556,-6.666666667,1.8796,16.62962963,3.888888889,3.888888889,2.0828
2003,7T,HAWA03,7T HAWA03,F,5/12/2003,2003132,4/16/2003,2003106,25,26,26.2,21.9,34.9,11.7,12.5,76.3,13,162.5,211.145,41.4,60.2,169,110,62,409,15.15151515,18.08080808,8.157894737,3.232323232,4.545454545,-1.900584795,-8.888888889,14.44444444,-130.5555556,1.143,1.8542,6.9088,16.03174603,3.571428571,-2.777777778,1.8796,16.2962963,3.222222222,-3.611111111,2.54
2003,8U,HAWA03,8U HAWA03,M,5/12/2003,2003132,4/16/2003,2003106,25,26,25.6,22.4,34.2,13.2,12.8,78.9,11.8,151.04,222.3,44.7,61.2,166,102,52,442,15.15151515,18.08080808,8.157894737,3.232323232,4.545454545,-1.900584795,-8.888888889,14.44444444,-130.5555556,1.143,1.8542,6.9088,16.03174603,3.571428571,-2.777777778,1.8796,16.2962963,3.222222222,-3.611111111,2.54
2003,0B,HOMS03,0B HOMS03,F,5/15/2003,2003135,4/17/2003,2003107,29,28,27.5,22.6,35.2,12.6,12.2,76.6,12.6,153.72,218.24,41.4,60.2,189,131,80,325,13.88888889,18.48484848,8.333333333,2.626262626,5.151515152,-2.426900585,-19.16666667,20,-133.8888889,1.3462,1.7526,6.858,15.99206349,3.055555556,-6.666666667,1.8796,16.62962963,3.888888889,3.888888889,2.0828
2003,1C,HOMS03,1C HOMS03,M,5/15/2003,2003135,4/17/2003,2003107,29,28,28,23.6,37.3,14.2,12.4,80,13.7,169.88,248.045,42.7,61.9,199,136,86,367,13.88888889,18.48484848,8.333333333,2.626262626,5.151515152,-2.426900585,-19.16666667,20,-133.8888889,1.3462,1.7526,6.858,15.99206349,3.055555556,-6.666666667,1.8796,16.62962963,3.888888889,3.888888889,2.0828
2003,9A,HOMS03,9A HOMS03,M,5/15/2003,2003135,4/18/2003,2003108,29,27,27.3,22,33.8,12.6,12,75.7,11.8,141.6,207.87,41.9,59.6,189,129,76,325,13.43434343,18.58585859,7.83625731,2.878787879,5.151515152,-2.280701754,-20.27777778,20.55555556,-137.2222222,1.3462,1.778,5.6896,15.91269841,2.936507937,-8.055555556,1.8542,17.66666667,4.111111111,13.33333333,1.9812
2003,1N,JUDD03,1N JUDD03,F,5/12/2003,2003132,4/16/2003,2003106,25,26,25.9,21.8,32.7,12.7,12.3,76.4,10.9,134.07,204.375,43.7,58.1,164,111,52,398,15.15151515,18.08080808,8.157894737,3.232323232,4.545454545,-1.900584795,-8.888888889,14.44444444,-130.5555556,1.143,1.8542,6.9088,16.03174603,3.571428571,-2.777777778,1.8796,16.2962963,3.222222222,-3.611111111,2.54
2003,2O,JUDD03,2O JUDD03,F,5/12/2003,2003132,4/16/2003,2003106,25,26,25.8,21.5,33.6,12.8,12.9,74.4,12.1,156.09,215.88,40.8,59.4,160,104,56,405,15.15151515,18.08080808,8.157894737,3.232323232,4.545454545,-1.900584795,-8.888888889,14.44444444,-130.5555556,1.143,1.8542,6.9088,16.03174603,3.571428571,-2.777777778,1.8796,16.2962963,3.222222222,-3.611111111,2.54
2003,3P,JUDD03,3P JUDD03,F,5/12/2003,2003132,4/15/2003,2003105,25,27,27.1,22.1,33.1,11.6,11.8,74.4,11,129.8,193.635,41.3,60.7,178,121,77,380,15.50505051,17.72727273,7.339181287,2.97979798,4.04040404,-2.368421053,-8.333333333,9.722222222,-142.7777778,1.143,1.1684,6.9088,16.50793651,4.126984127,4.444444444,1.8542,15.81481481,3.259259259,-6.944444444,2.1336
2003,12,LENO03,12 LENO03,F,6/4/2003,2003155,5/7/2003,2003127,30,28,28.2,22.8,34.7,11.6,12.5,77.1,11.9,148.75,209.0675,42.4,59.8,200,140,87,376,17.32323232,18.83838384,16.25730994,6.262626263,7.828282828,3.976608187,19.72222222,36.66666667,2.222222222,3.7338,2.8702,2.9972,17.38095238,6.746031746,28.88888889,5.6134,17.51851852,7.148148148,35,3.3274
2003,23,LENO03,23 LENO03,F,6/4/2003,2003155,5/7/2003,2003127,30,28,28.4,24.3,38.5,12.3,13,79.1,14.2,184.6,243.5125,40.6,61.9,200,139,92,398,17.32323232,18.83838384,16.25730994,6.262626263,7.828282828,3.976608187,19.72222222,36.66666667,2.222222222,3.7338,2.8702,2.9972,17.38095238,6.746031746,28.88888889,5.6134,17.51851852,7.148148148,35,3.3274
2003,88,LENO03,88 LENO03,F,6/4/2003,2003155,5/8/2003,2003128,30,27,27.4,23.6,36,13.5,12.9,77.3,12.4,159.96,237.6,41.3,61.1,187,131,77,380,17.02020202,18.98989899,16.7251462,6.464646465,7.676767677,4.298245614,19.16666667,36.66666667,9.722222222,3.048,2.8702,2.921,17.22222222,6.904761905,28.88888889,3.6068,18.33333333,7.259259259,41.94444444,2.9464
2003,99,LENO03,99 LENO03,F,6/4/2003,2003155,5/6/2003,2003126,30,29,28.5,23.3,36,11.7,13.1,78.8,12.7,166.37,223.2,42.8,59.8,202,145,90,388,17.07070707,18.48484848,15.46783626,6.212121212,7.676767677,3.65497076,18.05555556,33.88888889,-8.333333333,3.9878,2.8702,2.3114,18.01587302,6.706349206,33.05555556,4.4196,16.96296296,7,29.72222222,3.6322
2003,0L,LRIS03,0L LRIS03,F,5/16/2003,2003136,4/20/2003,2003110,25,26,25.5,21.5,34.3,13.4,12.9,76,12.8,165.12,225.5225,41.7,59.8,160,102,49,355,15.80808081,18.53535354,9.473684211,3.535353535,5.353535354,-0.497076023,-3.611111111,21.38888889,-104.7222222,1.1684,1.778,4.8768,17.65873016,4.246031746,13.33333333,1.9558,18.51851852,5.037037037,26.66666667,1.9812
2003,1M,LRIS03,1M LRIS03,M,5/16/2003,2003136,4/20/2003,2003110,25,26,25.7,22.4,34.2,14.1,13,75.3,11.8,153.4,231.705,41.1,63.6,164,105,50,375,15.80808081,18.53535354,9.473684211,3.535353535,5.353535354,-0.497076023,-3.611111111,21.38888889,-104.7222222,1.1684,1.778,4.8768,17.65873016,4.246031746,13.33333333,1.9558,18.51851852,5.037037037,26.66666667,1.9812
2003,2N,LRIS03,2N LRIS03,F,5/16/2003,2003136,4/20/2003,2003110,25,26,25.8,21.2,32.7,13.6,12.5,74.2,11.5,143.75,213.3675,41.5,60.7,163,107,55,370,15.80808081,18.53535354,9.473684211,3.535353535,5.353535354,-0.497076023,-3.611111111,21.38888889,-104.7222222,1.1684,1.778,4.8768,17.65873016,4.246031746,13.33333333,1.9558,18.51851852,5.037037037,26.66666667,1.9812
2003,3O,LRIS03,3O LRIS03,M,5/16/2003,2003136,4/20/2003,2003110,25,26,25.8,22,34.1,13.1,13.1,77.2,12.1,158.51,223.355,43.1,62.3,170,110,51,440,15.80808081,18.53535354,9.473684211,3.535353535,5.353535354,-0.497076023,-3.611111111,21.38888889,-104.7222222,1.1684,1.778,4.8768,17.65873016,4.246031746,13.33333333,1.9558,18.51851852,5.037037037,26.66666667,1.9812
2003,9K,LRIS03,9K LRIS03,F,5/16/2003,2003136,4/20/2003,2003110,25,26,25.8,19.8,32,11.8,11.7,73.3,12.2,142.74,188,41.3,57.4,168,110,50,342,15.80808081,18.53535354,9.473684211,3.535353535,5.353535354,-0.497076023,-3.611111111,21.38888889,-104.7222222,1.1684,1.778,4.8768,17.65873016,4.246031746,13.33333333,1.9558,18.51851852,5.037037037,26.66666667,1.9812
2003,2C,MIPI03,2C MIPI03,M,5/19/2003,2003139,4/21/2003,2003111,28,28,27.6,23,35.6,12.6,12.2,79.5,12.6,153.72,220.72,43.9,61.4,190,130,83,448,15.75757576,18.88888889,10.43859649,3.434343434,5.707070707,0.263157895,-4.444444444,25.27777778,-88.33333333,1.1684,3.937,4.318,18.0952381,4.523809524,18.33333333,1.9812,19.07407407,5.444444444,33.88888889,3.937
2003,3D,MIPI03,3D MIPI03,M,5/19/2003,2003139,4/21/2003,2003111,28,28,27.5,23.6,36.2,13.4,13.2,80.5,12.6,166.32,240.73,44.3,61.5,187,128,81,450,15.75757576,18.88888889,10.43859649,3.434343434,5.707070707,0.263157895,-4.444444444,25.27777778,-88.33333333,1.1684,3.937,4.318,18.0952381,4.523809524,18.33333333,1.9812,19.07407407,5.444444444,33.88888889,3.937
2003,4E,MIPI03,4E MIPI03,M,5/19/2003,2003139,4/22/2003,2003112,28,27,26.5,21.6,34,12.9,13.6,77.4,12.4,168.64,225.25,43.4,60.3,172,114,69,421,16.31313131,17.52525253,10.64327485,3.535353535,5.252525253,0.614035088,-0.833333333,15.27777778,-83.05555556,1.7018,3.7084,4.5974,18.13492063,4.761904762,20.27777778,1.9812,18.74074074,5.703703704,33.33333333,4.2418
2003,5F,MIPI03,5F MIPI03,M,5/19/2003,2003139,4/22/2003,2003112,28,27,27.1,23,35.6,12.8,13.7,79.3,12.6,172.62,235.85,43.7,60.1,184,125,75,426,16.31313131,17.52525253,10.64327485,3.535353535,5.252525253,0.614035088,-0.833333333,15.27777778,-83.05555556,1.7018,3.7084,4.5974,18.13492063,4.761904762,20.27777778,1.9812,18.74074074,5.703703704,33.33333333,4.2418
2003,55,MMUR03,55 MMUR03,M,5/29/2003,2003149,5/2/2003,2003122,27,27,27,22.2,35,12.8,12.4,76.1,12.8,158.72,220.5,41.1,57.8,182,125,72,342,18.88888889,17.07070707,16.66666667,5.707070707,5.909090909,3.333333333,25.27777778,16.38888889,1.11022302462516e-14,3.937,1.8034,1.8796,18.33333333,6.468253968,33.61111111,3.7338,18.03703704,6,30.27777778,3.9878
2003,66,MMUR03,66 MMUR03,U,5/29/2003,2003149,5/2/2003,2003122,27,27,27,23.2,37.3,13.7,12.8,78.7,14.1,180.48,247.1125,41.4,61.4,185,129,68,366,18.88888889,17.07070707,16.66666667,5.707070707,5.909090909,3.333333333,25.27777778,16.38888889,1.11022302462516e-14,3.937,1.8034,1.8796,18.33333333,6.468253968,33.61111111,3.7338,18.03703704,6,30.27777778,3.9878
2003,0V,MNDY03,0V MNDY03,F,5/17/2003,2003137,4/20/2003,2003110,29,27,26.9,21.1,33.7,12.1,12,73.8,12.6,151.2,203.0425,40.1,57.7,175,120,74,356,15.80808081,18.53535354,9.473684211,3.535353535,5.353535354,-0.497076023,-3.611111111,21.38888889,-104.7222222,1.1684,1.778,4.8768,17.65873016,4.246031746,13.33333333,1.9558,18.51851852,5.037037037,26.66666667,1.9812
2003,1W,MNDY03,1W MNDY03,F,5/17/2003,2003137,4/22/2003,2003112,29,25,25.2,21.1,33.2,12.7,11.7,73.1,12.1,141.57,202.52,39.9,55.1,149,94,46,327,16.31313131,17.52525253,10.64327485,3.535353535,5.252525253,0.614035088,-0.833333333,15.27777778,-83.05555556,1.7018,3.7084,4.5974,18.13492063,4.761904762,20.27777778,1.9812,18.74074074,5.703703704,33.33333333,4.2418
2003,8T,MNDY03,8T MNDY03,F,5/17/2003,2003137,4/19/2003,2003109,29,28,27.9,23.6,35.5,14,13,77.6,11.9,154.7,239.625,42.1,60.3,191,134,86,390,15.25252525,17.82828283,8.450292398,3.787878788,4.595959596,-1.403508772,-5.277777778,13.33333333,-123.0555556,1.3462,1.778,4.9784,16.46825397,3.492063492,-0.277777778,1.9812,18.11111111,4.555555556,20,1.9812
2003,9U,MNDY03,9U MNDY03,M,5/17/2003,2003137,4/19/2003,2003109,29,28,28,23.1,36.1,13.6,13.5,80.1,13,175.5,244.5775,44,63.8,197,135,87,450,15.25252525,17.82828283,8.450292398,3.787878788,4.595959596,-1.403508772,-5.277777778,13.33333333,-123.0555556,1.3462,1.778,4.9784,16.46825397,3.492063492,-0.277777778,1.9812,18.11111111,4.555555556,20,1.9812
2003,0K,NEWC03,0K NEWC03,F,5/20/2003,2003140,4/24/2003,2003114,28,26,25.8,21.5,33.6,11.8,11.6,71.4,12.1,140.36,196.56,37.8,52.3,156,112,49,252,15.95959596,17.12121212,11.25730994,2.97979798,5.858585859,0.614035088,-5.833333333,16.38888889,-77.22222222,1.0414,3.9624,1.9558,19.24603175,5.674603175,34.44444444,3.937,17.22222222,5.444444444,20,4.6736
2003,1L,NEWC03,1L NEWC03,F,5/20/2003,2003140,4/23/2003,2003113,28,27,27,23.2,35.9,12.8,12.3,77,12.7,156.21,225.2725,41.1,57.2,187,129,67,342,16.06060606,17.17171717,11.28654971,3.080808081,5.555555556,0.643274854,-4.722222222,15,-76.66666667,1.5748,3.937,4.699,18.80952381,5.198412698,28.05555556,1.778,17.48148148,5.37037037,21.38888889,4.6228
2003,2M,NEWC03,2M NEWC03,F,5/20/2003,2003140,4/23/2003,2003113,28,27,27.1,21,33.9,12.3,11.7,NA,12.9,150.93,203.4,NA,52.5,179,136,64,318,16.06060606,17.17171717,11.28654971,3.080808081,5.555555556,0.643274854,-4.722222222,15,-76.66666667,1.5748,3.937,4.699,18.80952381,5.198412698,28.05555556,1.778,17.48148148,5.37037037,21.38888889,4.6228
2003,9J,NEWC03,9J NEWC03,F,5/20/2003,2003140,4/22/2003,2003112,28,28,27.6,23,35.8,12.1,12.3,77.2,12.8,157.44,218.38,41.4,55.9,189,134,79,375,16.31313131,17.52525253,10.64327485,3.535353535,5.252525253,0.614035088,-0.833333333,15.27777778,-83.05555556,1.7018,3.7084,4.5974,18.13492063,4.761904762,20.27777778,1.9812,18.74074074,5.703703704,33.33333333,4.2418
2003,34,STAD03,34 STAD03,M,6/4/2003,2003155,5/9/2003,2003129,23,26,25.5,21.9,33.1,12.7,11.8,76,11.2,132.16,202.7375,42.9,59.5,159,98,50,362,17.37373737,18.88888889,16.6374269,6.01010101,8.131313131,4.093567251,18.61111111,38.61111111,6.944444444,2.9464,2.8702,2.9464,17.34126984,7.063492063,30.83333333,3.3274,18.96296296,7.777777778,50.55555556,2.8956
2003,0A,SWEG03,0A SWEG03,F,5/19/2003,2003139,4/23/2003,2003113,25,26,25.5,20.1,32.6,11.7,11.6,71.2,12.5,145,189.895,38.6,53.3,158,102,47,289,16.06060606,17.17171717,11.28654971,3.080808081,5.555555556,0.643274854,-4.722222222,15,-76.66666667,1.5748,3.937,4.699,18.80952381,5.198412698,28.05555556,1.778,17.48148148,5.37037037,21.38888889,4.6228
2003,1B,SWEG03,1B SWEG03,F,5/19/2003,2003139,4/23/2003,2003113,25,26,25.8,20.2,31.8,13.4,11.8,71.3,11.6,136.88,200.34,39.5,56.2,164,113,48,310,16.06060606,17.17171717,11.28654971,3.080808081,5.555555556,0.643274854,-4.722222222,15,-76.66666667,1.5748,3.937,4.699,18.80952381,5.198412698,28.05555556,1.778,17.48148148,5.37037037,21.38888889,4.6228
2003,2X,SWEG03,2X SWEG03,F,5/19/2003,2003139,4/23/2003,2003113,25,26,26.4,22.5,34.4,14,12.8,76.3,11.9,152.32,230.48,41.9,55.9,170,115,65,358,16.06060606,17.17171717,11.28654971,3.080808081,5.555555556,0.643274854,-4.722222222,15,-76.66666667,1.5748,3.937,4.699,18.80952381,5.198412698,28.05555556,1.778,17.48148148,5.37037037,21.38888889,4.6228
2003,3Y,SWEG03,3Y SWEG03,M,5/19/2003,2003139,4/23/2003,2003113,25,26,25.8,20.9,33.4,13,12.6,74.8,12.5,157.5,213.76,41.4,56.2,168,110,50,335,16.06060606,17.17171717,11.28654971,3.080808081,5.555555556,0.643274854,-4.722222222,15,-76.66666667,1.5748,3.937,4.699,18.80952381,5.198412698,28.05555556,1.778,17.48148148,5.37037037,21.38888889,4.6228
2003,4Z,SWEG03,4Z SWEG03,M,5/19/2003,2003139,4/23/2003,2003113,25,26,25.8,21.51,33.5,13.4,12.8,75.7,11.99,153.472,219.425,42.2,53.9,161,105,55,356,16.06060606,17.17171717,11.28654971,3.080808081,5.555555556,0.643274854,-4.722222222,15,-76.66666667,1.5748,3.937,4.699,18.80952381,5.198412698,28.05555556,1.778,17.48148148,5.37037037,21.38888889,4.6228
2003,0,TRUP03,00 TRUP03,F,5/23/2003,2003143,4/27/2003,2003117,27,26,26.4,21.1,32.9,11.5,12,74.6,11.8,141.6,193.2875,41.7,56.2,177,123,58,297,18.08080808,17.02020202,13.1871345,4.545454545,6.464646465,1.49122807,14.44444444,19.16666667,-50.55555556,1.8542,3.048,1.3716,17.1031746,5.476190476,18.05555556,4.6736,17,5.703703704,20.27777778,4.0132
2003,1,TRUP03,01 TRUP03,M,5/23/2003,2003143,4/27/2003,2003117,27,26,26.1,21.6,32.9,12.5,12.2,76.4,11.3,137.86,203.1575,43.5,56.9,172,114,55,297,18.08080808,17.02020202,13.1871345,4.545454545,6.464646465,1.49122807,14.44444444,19.16666667,-50.55555556,1.8542,3.048,1.3716,17.1031746,5.476190476,18.05555556,4.6736,17,5.703703704,20.27777778,4.0132
2003,5Z,TRUP03,5Z TRUP03,M,5/23/2003,2003143,4/26/2003,2003116,27,27,27.2,22.7,35.7,13,12.8,79.2,13,166.4,230.265,43.5,59.4,192,131,72,342,17.72727273,17.32323232,12.42690058,4.04040404,6.262626263,1.198830409,9.722222222,19.72222222,-60.55555556,1.1684,3.7338,1.9558,17.57936508,5.714285714,23.05555556,4.6228,16.55555556,5.259259259,13.61111111,4.1656
2004,43,BRBI04,43 BRBI04,F,5/21/2004,2004142,4/25/2004,2004116,26,26,26.1,23.6,36.4,13.5,13.4,76.5,12.8,171.52,244.79,40.1,58.3,168,108,62,390,17.12121212,22.97979798,13.39181287,5.454545455,10.15151515,1.695906433,14.16666667,72.22222222,-46.66666667,3.8608,3.7084,8.001,21.34920635,8.293650794,67.5,4.7752,21.74074074,9.148148148,81.66666667,6.7056
2004,54,BRBI04,54 BRBI04,M,5/21/2004,2004142,4/25/2004,2004116,26,26,26,23.6,37.2,11.7,13,77.2,13.6,176.8,229.71,40,61.8,172,110,56,408,17.12121212,22.97979798,13.39181287,5.454545455,10.15151515,1.695906433,14.16666667,72.22222222,-46.66666667,3.8608,3.7084,8.001,21.34920635,8.293650794,67.5,4.7752,21.74074074,9.148148148,81.66666667,6.7056
2004,65,BRBI04,65 BRBI04,F,5/21/2004,2004142,4/25/2004,2004116,26,26,26.1,22.7,34.4,12.8,13,76.1,11.7,152.1,221.88,41.7,59.1,171,111,60,400,17.12121212,22.97979798,13.39181287,5.454545455,10.15151515,1.695906433,14.16666667,72.22222222,-46.66666667,3.8608,3.7084,8.001,21.34920635,8.293650794,67.5,4.7752,21.74074074,9.148148148,81.66666667,6.7056
2004,9,CAFO04,09 CAFO04,M,5/20/2004,2004141,4/25/2004,2004116,24,25,25.3,23.7,36.4,13.2,12.4,78.7,12.7,157.48,232.96,42.3,59.4,152,94,50,407,17.12121212,22.97979798,13.39181287,5.454545455,10.15151515,1.695906433,14.16666667,72.22222222,-46.66666667,3.8608,3.7084,8.001,21.34920635,8.293650794,67.5,4.7752,21.74074074,9.148148148,81.66666667,6.7056
2004,32,CAFO04,32 CAFO04,M,5/20/2004,2004141,4/25/2004,2004116,24,25,24.9,22,35.4,12.7,12.2,75.5,13.4,163.48,220.365,40.1,55.8,144,85,42,333,17.12121212,22.97979798,13.39181287,5.454545455,10.15151515,1.695906433,14.16666667,72.22222222,-46.66666667,3.8608,3.7084,8.001,21.34920635,8.293650794,67.5,4.7752,21.74074074,9.148148148,81.66666667,6.7056
2004,50,CCLI04,50 CCLI04,M,5/8/2004,2004129,4/13/2004,2004104,24,25,25.3,20.3,33.3,12.9,12.6,75.6,13,163.8,212.2875,42.3,60.9,155,95,48,452,16.16161616,17.17171717,9.912280702,3.282828283,5.707070707,0.81871345,-3.055555556,15.83333333,-88.05555556,7.7216,3.9116,4.445,18.01587302,5.793650794,26.66666667,3.683,17.81481481,5.925925926,28.05555556,5.9436
2004,61,CCLI04,61 CCLI04,M,5/8/2004,2004129,4/12/2004,2004103,24,26,25.5,21.9,34.2,13.5,13.4,76.4,12.3,164.82,229.995,42.2,59.6,158,101,48,453,15.25252525,17.92929293,10,2.525252525,6.111111111,0.906432749,-12.22222222,22.22222222,-86.38888889,7.0104,4.699,3.7338,17.38095238,4.801587302,15.27777778,3.683,18.59259259,6.444444444,37.77777778,6.5786
2004,72,CCLI04,72 CCLI04,F,5/8/2004,2004129,4/13/2004,2004104,24,25,25,19.6,32.3,12.6,12.6,70.1,12.7,160.02,203.49,37.8,58.6,143,89,40,373,16.16161616,17.17171717,9.912280702,3.282828283,5.707070707,0.81871345,-3.055555556,15.83333333,-88.05555556,7.7216,3.9116,4.445,18.01587302,5.793650794,26.66666667,3.683,17.81481481,5.925925926,28.05555556,5.9436
2004,FT,CLAR04,FT CLAR04,M,6/6/2004,2004158,5/9/2004,2004130,28,28,27.5,25.7,37.6,12.8,13.5,81.1,11.9,160.65,247.22,43.5,60.2,188,134,77,435,24.24242424,22.27272727,17.01754386,11.91919192,11.11111111,5.233918129,88.88888889,73.61111111,21.38888889,3.8862,7.874,6.604,24.20634921,12.38095238,116.1111111,8.89,22.55555556,10.48148148,97.77777778,10.2616
2004,IP,CLAR04,IP CLAR04,F,6/6/2004,2004158,5/9/2004,2004130,28,28,27.9,23.2,34.9,12.6,13.2,78.2,11.7,154.44,225.105,43.3,60.1,189,136,84,372,24.24242424,22.27272727,17.01754386,11.91919192,11.11111111,5.233918129,88.88888889,73.61111111,21.38888889,3.8862,7.874,6.604,24.20634921,12.38095238,116.1111111,8.89,22.55555556,10.48148148,97.77777778,10.2616
2004,CV,ECR204,CV ECR204,F,6/14/2004,2004166,5/19/2004,2004140,26,26,26,22.9,35.7,12.7,13,77.4,12.8,166.4,229.3725,41.7,58.2,169,110,58,383,23.23232323,20.85858586,22.22222222,11.96969697,9.898989899,9.239766082,83.61111111,59.16666667,108.8888889,8.7122,2.3876,7.5946,20.91269841,9.642857143,73.88888889,8.8138,21,9.962962963,82.22222222,4.953
2004,76,EPIN04,76 EPIN04,F,5/23/2004,2004144,4/26/2004,2004117,27,27,27.4,22.9,33.8,11.6,12.6,77,10.9,137.34,204.49,43.2,59.5,182,129,79,425,17.47474747,23.13131313,13.50877193,5.404040404,10.55555556,2.076023392,15.83333333,75.27777778,-41.94444444,4.2164,3.3528,8.7884,21.46825397,8.73015873,71.38888889,4.9022,21.22222222,8.37037037,71.94444444,6.7056
2004,87,EPIN04,87 EPIN04,F,5/23/2004,2004144,4/27/2004,2004118,27,26,26.1,21.5,33.4,10.2,11.8,74.6,11.9,140.42,183.7,41.2,57.2,171,112,57,412,18.73737374,23.38383838,14.03508772,5.353535354,11.01010101,2.192982456,22.5,79.16666667,-35.83333333,3.7084,3.048,8.7884,21.58730159,9.126984127,75,5.207,21.25925926,8.666666667,74.44444444,3.8354
2004,98,EPIN04,98 EPIN04,M,5/23/2004,2004144,4/27/2004,2004118,27,26,26.1,23.1,34.4,13.2,12.8,77.8,11.3,144.64,223.6,43.4,59.3,166,118,51,417,18.73737374,23.38383838,14.03508772,5.353535354,11.01010101,2.192982456,22.5,79.16666667,-35.83333333,3.7084,3.048,8.7884,21.58730159,9.126984127,75,5.207,21.25925926,8.666666667,74.44444444,3.8354
2004,39,FOWA04,39 FOWA04,F,5/12/2004,2004133,4/16/2004,2004107,24,26,25.6,22.9,33.7,12,11.9,75.8,10.8,128.52,201.3575,42.1,60.5,165,104,50,385,16.91919192,18.73737374,8.830409357,4.343434343,5.353535354,-0.438596491,6.944444444,22.5,-110.2777778,3.683,3.7084,7.3152,17.22222222,5.952380952,22.22222222,5.5118,17.25925926,5.074074074,17.5,5.4864
2004,40,FOWA04,40 FOWA04,M,5/12/2004,2004133,4/17/2004,2004108,24,25,25,21.8,33.6,12.7,12.6,76,11.8,148.68,212.52,42.4,56.7,142,88,43,354,17.37373737,18.88888889,8.947368421,4.949494949,5.202020202,-0.730994152,12.77777778,22.5,-111.9444444,3.683,3.7084,7.3152,17.22222222,5.912698413,21.94444444,5.588,17.07407407,4.777777778,13.88888889,4.699
2004,51,FOWA04,51 FOWA04,M,5/12/2004,2004133,4/17/2004,2004108,24,25,25,23.6,35.6,12.7,12.6,78.2,12,151.2,225.17,42.6,59.8,151,89,42,367,17.37373737,18.88888889,8.947368421,4.949494949,5.202020202,-0.730994152,12.77777778,22.5,-111.9444444,3.683,3.7084,7.3152,17.22222222,5.912698413,21.94444444,5.588,17.07407407,4.777777778,13.88888889,4.699
2004,8,HAWA04,08 HAWA04,M,5/19/2004,2004140,4/24/2004,2004115,23,25,25.1,22.1,33.5,13.8,13.3,76.3,11.4,151.62,226.9625,42.8,60.8,152,92,41,385,17.17171717,21.86868687,12.74853801,5.707070707,9.545454545,1.257309942,15.83333333,62.77777778,-56.94444444,3.9116,2.286,8.001,20.23809524,7.261904762,52.5,4.6228,21.92592593,9.37037037,84.72222222,5.207
2004,19,HAWA04,19 HAWA04,F,5/19/2004,2004140,4/24/2004,2004115,23,25,25.1,20.6,30.2,12.8,12.9,73,9.6,123.84,194.035,42.8,59.2,150,91,45,380,17.17171717,21.86868687,12.74853801,5.707070707,9.545454545,1.257309942,15.83333333,62.77777778,-56.94444444,3.9116,2.286,8.001,20.23809524,7.261904762,52.5,4.6228,21.92592593,9.37037037,84.72222222,5.207
2004,KO,LRI204,KO LRI204,M,6/27/2004,2004179,6/1/2004,2004153,26,26,26.2,23.4,36,12,13.9,78,12.6,175.14,233.1,42,57,176,125,46,380,22.02020202,23.98989899,22.71929825,10.90909091,11.81818182,11.14035088,71.11111111,86.94444444,131.6666667,4.0132,1.524,11.7348,24.36507937,12.97619048,121.3888889,2.9464,24.59259259,12.14814815,125.5555556,3.1496
2004,LN,LRI204,LN LRI204,F,6/27/2004,2004179,6/1/2004,2004153,26,26,25.6,19.8,30.9,11.7,12.5,70.2,11.1,138.75,186.945,39.3,54.1,167,111,42,267,22.02020202,23.98989899,22.71929825,10.90909091,11.81818182,11.14035088,71.11111111,86.94444444,131.6666667,4.0132,1.524,11.7348,24.36507937,12.97619048,121.3888889,2.9464,24.59259259,12.14814815,125.5555556,3.1496
2004,63,MINE04,63 MINE04,F,5/19/2004,2004140,4/22/2004,2004113,27,27,26.5,23,35.1,13,12.3,78.7,12.1,148.83,222.0075,43.6,59.2,172,115,67,385,17.57575758,19.8989899,11.52046784,6.717171717,6.767676768,0.292397661,23.61111111,36.66666667,-77.77777778,2.5908,4.7752,7.6962,18.29365079,5.595238095,27.22222222,4.1148,20.77777778,7.814814815,64.44444444,4.7752
2004,74,MINE04,74 MINE04,M,5/19/2004,2004140,4/23/2004,2004114,27,26,25.9,24.6,36.2,14.1,14.4,79.9,11.6,167.04,257.925,43.7,60.7,169,109,56,417,17.92929293,20.25252525,12.19298246,6.111111111,8.03030303,0.584795322,22.22222222,45.55555556,-68.61111111,4.699,1.9812,8.2804,19.28571429,6.388888889,39.72222222,4.6228,21.88888889,8.962962963,81.38888889,4.9022
2004,85,MINE04,85 MINE04,F,5/19/2004,2004140,4/22/2004,2004113,27,27,26.8,23.4,34.3,14.8,12.8,77.1,10.9,139.52,236.67,42.8,57.9,175,122,70,390,17.57575758,19.8989899,11.52046784,6.717171717,6.767676768,0.292397661,23.61111111,36.66666667,-77.77777778,2.5908,4.7752,7.6962,18.29365079,5.595238095,27.22222222,4.1148,20.77777778,7.814814815,64.44444444,4.7752
2004,96,MINE04,96 MINE04,F,5/19/2004,2004140,4/22/2004,2004113,27,27,26.6,22.7,35.9,13.7,13.3,75.5,13.2,175.56,242.325,39.6,56.5,175,113,73,363,17.57575758,19.8989899,11.52046784,6.717171717,6.767676768,0.292397661,23.61111111,36.66666667,-77.77777778,2.5908,4.7752,7.6962,18.29365079,5.595238095,27.22222222,4.1148,20.77777778,7.814814815,64.44444444,4.7752
2004,16,MNDY04,16 MNDY04,M,5/8/2004,2004129,4/11/2004,2004102,28,27,27.1,25.5,39.8,13.5,13.4,82,14.3,191.62,267.655,42.2,62.1,185,127,72,460,14.24242424,17.57575758,9.766081871,1.161616162,6.717171717,0.789473684,-25.27777778,23.61111111,-89.72222222,6.1976,2.5908,3.6576,16.07142857,3.69047619,-1.666666667,3.683,18.51851852,6.518518519,37.77777778,3.683
2004,27,MNDY04,27 MNDY04,F,5/8/2004,2004129,4/11/2004,2004102,28,27,26.8,24,38,13.3,13.1,77.9,14,183.4,250.8,39.9,59.3,178,118,73,400,14.24242424,17.57575758,9.766081871,1.161616162,6.717171717,0.789473684,-25.27777778,23.61111111,-89.72222222,6.1976,2.5908,3.6576,16.07142857,3.69047619,-1.666666667,3.683,18.51851852,6.518518519,37.77777778,3.683
2004,38,MNDY04,38 MNDY04,F,5/8/2004,2004129,4/11/2004,2004102,28,27,26.5,22.8,35.1,13.7,12.9,75.3,12.3,158.67,233.415,40.2,60,170,114,67,420,14.24242424,17.57575758,9.766081871,1.161616162,6.717171717,0.789473684,-25.27777778,23.61111111,-89.72222222,6.1976,2.5908,3.6576,16.07142857,3.69047619,-1.666666667,3.683,18.51851852,6.518518519,37.77777778,3.683
2004,doa,MNDY04,doa MNDY04,U,5/8/2004,2004129,4/12/2004,2004103,28,26,26.2,22.8,36.9,13,12.9,76.8,14.1,181.89,238.9275,39.9,60.3,171,108,65,405,15.25252525,17.92929293,10,2.525252525,6.111111111,0.906432749,-12.22222222,22.22222222,-86.38888889,7.0104,4.699,3.7338,17.38095238,4.801587302,15.27777778,3.683,18.59259259,6.444444444,37.77777778,6.5786
2004,AZ,NEEL04,AZ NEEL04,F,5/24/2004,2004145,4/27/2004,2004118,27,27,26.9,20.7,32.8,11.7,12.9,72.2,12.1,156.09,201.72,39.4,54.2,180,125,70,366,18.73737374,23.38383838,14.03508772,5.353535354,11.01010101,2.192982456,22.5,79.16666667,-35.83333333,3.7084,3.048,8.7884,21.58730159,9.126984127,75,5.207,21.25925926,8.666666667,74.44444444,3.8354
2004,KP,ORHA04,KP ORHA04,F,5/26/2004,2004147,4/28/2004,2004119,29,28,28,24.6,36.6,13,14.3,80.3,12,171.6,249.795,43.7,61.6,193,133,89,452,18.88888889,24.24242424,14.06432749,5.202020202,11.91919192,2.134502924,22.5,88.88888889,-36.11111111,3.7084,3.8862,8.7884,21.46825397,8.611111111,70.55555556,6.7056,22.25925926,9.333333333,86.94444444,4.6736
2004,42,ROWA04,42 ROWA04,F,5/20/2004,2004141,4/25/2004,2004116,24,25,25.1,23.2,34.1,13.5,12.5,74.2,10.9,136.25,221.65,40.1,58.5,152,92,44,358,17.12121212,22.97979798,13.39181287,5.454545455,10.15151515,1.695906433,14.16666667,72.22222222,-46.66666667,3.8608,3.7084,8.001,21.34920635,8.293650794,67.5,4.7752,21.74074074,9.148148148,81.66666667,6.7056
2004,53,ROWA04,53 ROWA04,F,5/20/2004,2004141,4/24/2004,2004115,24,26,25.6,23.3,34.1,13.4,13.6,74.5,10.8,146.88,230.175,40.4,59.4,159,101,53,357,17.17171717,21.86868687,12.74853801,5.707070707,9.545454545,1.257309942,15.83333333,62.77777778,-56.94444444,3.9116,2.286,8.001,20.23809524,7.261904762,52.5,4.6228,21.92592593,9.37037037,84.72222222,5.207
2004,64,ROWA04,64 ROWA04,F,5/20/2004,2004141,4/24/2004,2004115,24,26,25.5,22.4,32.3,13.3,13,73.5,9.9,128.7,212.3725,41.2,60.1,152,95,53,342,17.17171717,21.86868687,12.74853801,5.707070707,9.545454545,1.257309942,15.83333333,62.77777778,-56.94444444,3.9116,2.286,8.001,20.23809524,7.261904762,52.5,4.6228,21.92592593,9.37037037,84.72222222,5.207
2004,75,ROWA04,75 ROWA04,F,5/20/2004,2004141,4/25/2004,2004116,24,25,24.7,21.2,33,12.6,12.5,72.4,11.8,147.5,207.075,39.4,57.2,137,80,35,317,17.12121212,22.97979798,13.39181287,5.454545455,10.15151515,1.695906433,14.16666667,72.22222222,-46.66666667,3.8608,3.7084,8.001,21.34920635,8.293650794,67.5,4.7752,21.74074074,9.148148148,81.66666667,6.7056
2004,LO,SEPG04,LO SEPG04,F,5/28/2004,2004149,5/3/2004,2004124,24,25,25.4,21.5,33.4,12.5,12.6,73.2,11.9,149.94,209.585,39.8,57.3,154,100,47,360,19.8989899,24.34343434,17.74853801,6.767676768,12.52525253,5,36.66666667,92.77777778,26.11111111,4.7752,7.0866,6.6802,23.29365079,10.95238095,99.72222222,4.4958,24.55555556,12.66666667,129.1666667,7.8486
2004,MN,SEPG04,MN SEPG04,F,5/28/2004,2004149,5/2/2004,2004123,24,26,25.6,21.2,35.2,12.6,12.3,73.6,14,172.2,219.12,38.4,53.9,160,102,50,348,19.64646465,24.5959596,16.78362573,6.868686869,12.42424242,4.85380117,35.83333333,93.61111111,15.55555556,4.6228,4.4196,7.7216,23.33333333,10.23809524,95,4.2418,23.85185185,12.03703704,119.1666667,5.334
2004,CX,SLIM04,CX SLIM04,M,5/25/2004,2004146,4/29/2004,2004120,26,26,26.2,24,36.5,14.5,13.6,77.3,12.5,170,256.4125,40.8,58.8,168,111,61,415,19.19191919,24.74747475,14.21052632,5.909090909,11.86868687,2.368421053,28.05555556,91.38888889,-32.5,4.0132,3.5814,8.7884,20.91269841,8.650793651,66.94444444,3.7846,22.85185185,9.592592593,93.33333333,4.5974
2004,DW,SLIM04,DW SLIM04,F,5/25/2004,2004146,4/29/2004,2004120,26,26,25.6,23.4,34.3,13.2,12.4,74,10.9,135.16,219.52,39.7,54.4,155,99,54,320,19.19191919,24.74747475,14.21052632,5.909090909,11.86868687,2.368421053,28.05555556,91.38888889,-32.5,4.0132,3.5814,8.7884,20.91269841,8.650793651,66.94444444,3.7846,22.85185185,9.592592593,93.33333333,4.5974
2004,FU,SLIM04,FU SLIM04,M,5/25/2004,2004146,4/29/2004,2004120,26,26,26,23.2,36.5,13.7,13.3,74.6,13.3,176.89,246.375,38.1,55.5,164,110,57,387,19.19191919,24.74747475,14.21052632,5.909090909,11.86868687,2.368421053,28.05555556,91.38888889,-32.5,4.0132,3.5814,8.7884,20.91269841,8.650793651,66.94444444,3.7846,22.85185185,9.592592593,93.33333333,4.5974
2004,HS,SLIM04,HS SLIM04,M,5/25/2004,2004146,4/28/2004,2004119,26,27,26.5,23.8,35.8,13.4,13.2,76.9,12,158.4,238.07,41.1,60.8,171,116,66,442,18.88888889,24.24242424,14.06432749,5.202020202,11.91919192,2.134502924,22.5,88.88888889,-36.11111111,3.7084,3.8862,8.7884,21.46825397,8.611111111,70.55555556,6.7056,22.25925926,9.333333333,86.94444444,4.6736
2004,IR,SWEG04,IR SWEG04,M,5/26/2004,2004147,4/29/2004,2004120,27,27,27.1,24.5,38.5,13.9,13.1,80.8,14,183.4,259.875,42.3,57,181,130,70,405,19.19191919,24.74747475,14.21052632,5.909090909,11.86868687,2.368421053,28.05555556,91.38888889,-32.5,4.0132,3.5814,8.7884,20.91269841,8.650793651,66.94444444,3.7846,22.85185185,9.592592593,93.33333333,4.5974
2004,JQ,SWEG04,JQ SWEG04,F,5/26/2004,2004147,4/30/2004,2004121,27,26,26.1,22.8,34.8,12.9,12.1,76.2,12,145.2,217.5,41.4,57.7,170,111,60,452,19.74747475,25.1010101,15.11695906,6.767676768,12.17171717,3.216374269,35.83333333,95,-15.83333333,4.1148,4.0894,8.7884,22.02380952,9.166666667,78.33333333,3.8354,23.2962963,10.48148148,103.3333333,4.8514
2004,17,TRUP04,17 TRUP04,F,5/12/2004,2004133,4/14/2004,2004105,29,28,28,24.6,37.7,11.2,13.4,77.5,13.1,175.54,231.855,39.8,56,195,134,87,386,16.21212121,17.12121212,9.473684211,3.737373737,5.454545455,0.584795322,-0.277777778,14.16666667,-94.44444444,6.858,3.8608,8.3058,18.0952381,6.587301587,32.77777778,3.6576,16.85185185,5.740740741,19.44444444,5.588
2004,28,TRUP04,28 TRUP04,F,5/12/2004,2004133,4/14/2004,2004105,29,28,27.6,23.6,36.9,11.4,13.8,77.6,13.3,183.54,232.47,40.7,56,186,132,81,351,16.21212121,17.12121212,9.473684211,3.737373737,5.454545455,0.584795322,-0.277777778,14.16666667,-94.44444444,6.858,3.8608,8.3058,18.0952381,6.587301587,32.77777778,3.6576,16.85185185,5.740740741,19.44444444,5.588
2004,94,TRUP04,94 TRUP04,M,5/12/2004,2004133,4/14/2004,2004105,29,28,27.9,25.6,37.3,12.5,14.5,94,11.7,169.65,251.775,56.7,59.1,196,131,88,417,16.21212121,17.12121212,9.473684211,3.737373737,5.454545455,0.584795322,-0.277777778,14.16666667,-94.44444444,6.858,3.8608,8.3058,18.0952381,6.587301587,32.77777778,3.6576,16.85185185,5.740740741,19.44444444,5.588
2004,62,WARC04,62 WARC04,F,5/16/2004,2004137,4/20/2004,2004111,26,26,26.2,25.1,36.9,12.8,13.5,78.9,11.8,159.3,242.6175,42,54.9,169,113,62,400,16.26262626,19.7979798,10.55555556,4.848484848,6.96969697,-0.204678363,6.111111111,37.22222222,-91.66666667,3.0226,4.6228,8.3312,17.42063492,4.722222222,15,4.572,18.96296296,6.185185185,38.61111111,4.6228
2004,73,WARC04,73 WARC04,M,5/16/2004,2004137,4/20/2004,2004111,26,26,26.2,23,36,14,15.1,77.6,13,196.3,261.9,41.6,53.1,168,111,62,423,16.26262626,19.7979798,10.55555556,4.848484848,6.96969697,-0.204678363,6.111111111,37.22222222,-91.66666667,3.0226,4.6228,8.3312,17.42063492,4.722222222,15,4.572,18.96296296,6.185185185,38.61111111,4.6228
2004,84,WARC04,84 WARC04,M,5/16/2004,2004137,4/20/2004,2004111,26,26,26.3,25,36.3,12.4,13.3,78.5,11.3,150.29,233.2275,42.2,56.7,176,113,63,440,16.26262626,19.7979798,10.55555556,4.848484848,6.96969697,-0.204678363,6.111111111,37.22222222,-91.66666667,3.0226,4.6228,8.3312,17.42063492,4.722222222,15,4.572,18.96296296,6.185185185,38.61111111,4.6228
2004,95,WARC04,95 WARC04,F,5/16/2004,2004137,4/20/2004,2004111,26,26,25.9,24.2,33.1,13,13.8,76.6,8.9,122.82,221.77,43.5,52.3,159,108,55,350,16.26262626,19.7979798,10.55555556,4.848484848,6.96969697,-0.204678363,6.111111111,37.22222222,-91.66666667,3.0226,4.6228,8.3312,17.42063492,4.722222222,15,4.572,18.96296296,6.185185185,38.61111111,4.6228
2004,NM,WARO04,NM WARO04,F,5/31/2004,2004152,5/3/2004,2004124,29,28,27.7,23.4,35.1,13.1,12.5,76.8,11.7,146.25,224.64,41.7,57.2,186,136,79,330,19.8989899,24.34343434,17.74853801,6.767676768,12.52525253,5,36.66666667,92.77777778,26.11111111,4.7752,7.0866,6.6802,23.29365079,10.95238095,99.72222222,4.4958,24.55555556,12.66666667,129.1666667,7.8486
2004,QJ,WARO04,QJ WARO04,F,5/31/2004,2004152,5/3/2004,2004124,29,28,27.7,25,37.3,13.2,12.9,77.8,12.3,158.67,243.3825,40.5,59.1,190,132,82,329,19.8989899,24.34343434,17.74853801,6.767676768,12.52525253,5,36.66666667,92.77777778,26.11111111,4.7752,7.0866,6.6802,23.29365079,10.95238095,99.72222222,4.4958,24.55555556,12.66666667,129.1666667,7.8486
2004,TG,WARO04,TG WARO04,F,5/31/2004,2004152,5/3/2004,2004124,29,28,28,24.3,34.9,13.5,12.4,78,10.6,131.44,225.9775,43.1,58.4,195,139,83,337,19.8989899,24.34343434,17.74853801,6.767676768,12.52525253,5,36.66666667,92.77777778,26.11111111,4.7752,7.0866,6.6802,23.29365079,10.95238095,99.72222222,4.4958,24.55555556,12.66666667,129.1666667,7.8486
2004,UF,WARO04,UF WARO04,F,5/31/2004,2004152,5/3/2004,2004124,29,28,27.5,23.2,34.7,11.9,13.2,75.2,11.5,151.8,217.7425,40.5,56.8,189,132,79,307,19.8989899,24.34343434,17.74853801,6.767676768,12.52525253,5,36.66666667,92.77777778,26.11111111,4.7752,7.0866,6.6802,23.29365079,10.95238095,99.72222222,4.4958,24.55555556,12.66666667,129.1666667,7.8486
2004,WD,WARO04,WD WARO04,F,5/31/2004,2004152,5/4/2004,2004125,29,27,26.8,23.4,34.1,12.2,13,74.7,10.7,139.1,214.83,40.6,57.3,171,124,68,302,20.25252525,24.19191919,17.95321637,8.03030303,12.07070707,5.233918129,45.55555556,89.44444444,30.27777778,1.9812,8.001,6.604,23.69047619,11.74603175,108.0555556,4.4958,25.14814815,12.85185185,135,8.7884
2004,BX,WKAY04,BX WKAY04,F,6/1/2004,2004153,5/5/2004,2004126,27,27,26.7,21.8,35.1,12.6,11.5,73.2,13.3,152.95,211.4775,38.1,54.4,172,122,68,308,21.86868687,23.38383838,18.07017544,9.545454545,11.61616162,5.555555556,62.77777778,82.5,34.44444444,2.286,8.0518,6.6802,24.48412698,12.38095238,118.0555556,5.0292,24.55555556,12.77777778,130,8.636
2004,CW,WKAY04,CW WKAY04,F,6/1/2004,2004153,5/5/2004,2004126,27,27,26.9,22.4,34.2,12.4,11.6,76.2,11.8,136.88,205.2,42,56.6,174,121,73,311,21.86868687,23.38383838,18.07017544,9.545454545,11.61616162,5.555555556,62.77777778,82.5,34.44444444,2.286,8.0518,6.6802,24.48412698,12.38095238,118.0555556,5.0292,24.55555556,12.77777778,130,8.636
2004,DV,WKAY04,DV WKAY04,F,6/1/2004,2004153,5/6/2004,2004127,27,26,26.4,22.1,34.7,14.8,12.6,74.8,12.6,158.76,237.695,40.1,53.8,168,118,62,306,22.97979798,23.38383838,17.98245614,10.15151515,11.56565657,5.643274854,72.22222222,82.22222222,34.44444444,3.7084,6.9596,7.0358,24.96031746,12.81746032,124.4444444,7.747,24.48148148,12.59259259,128.0555556,9.0424
2005,GP,96IR05,GP 96IR05,F,5/16/2005,2005136,4/20/2005,2005110,24,26,25.6,22.1,34.6,11.9,12.7,74.2,12.5,158.75,212.79,39.6,57.2,158,100,55,385,15.55555556,15.3030303,15.0877193,2.323232323,2.828282828,0.14619883,-11.66666667,-10.27777778,-45.27777778,3.8608,0.635,7.7216,12.73809524,1.865079365,-37.77777778,1.016,15.40740741,3.111111111,-11.11111111,0.8636
2005,NG,BRBI05,NG BRBI05,U,5/22/2005,2005142,4/26/2005,2005116,25,26,25.8,22.8,35.4,12.7,12.4,77.9,12.6,156.24,222.135,42.5,59.6,166,106,56,396,12.47474747,19.39393939,15.61403509,1.919191919,4.090909091,-0.292397661,-30.83333333,19.16666667,-44.44444444,0.889,0.6858,4.0386,15.87301587,2.420634921,-11.94444444,0.8128,17.03703704,2.888888889,-0.555555556,1.0668
2005,BT,CCLI05,BT CCLI05,M,5/18/2005,2005138,4/21/2005,2005111,30,27,27.4,21.2,34.4,11.7,12.8,75.1,13.2,168.96,210.7,40.7,56,192,134,75,360,14.24242424,16.66666667,15.55555556,2.171717172,2.727272727,-0.058479532,-19.72222222,-3.333333333,-42.77777778,4.0894,0.4064,7.9248,13.57142857,1.984126984,-31.11111111,0.889,15.85185185,2.777777778,-10.27777778,0.8128
2005,CS,CCLI05,CS CCLI05,F,5/18/2005,2005138,4/22/2005,2005112,30,26,26.4,22.4,31.5,10.9,12,73.1,9.1,109.2,180.3375,41.6,56.3,178,120,61,330,13.13131313,16.31313131,15.73099415,2.121212121,2.373737374,-0.321637427,-26.11111111,-7.222222222,-43.61111111,3.6322,0.381,2.2352,14.52380952,2.301587302,-22.22222222,0.8636,15.25925926,2.259259259,-18.61111111,0.6858
2005,L-,CCLI05,L- CCLI05,M,5/18/2005,2005138,4/20/2005,2005110,30,28,27.6,24.1,37.2,12.3,13.4,82.1,13.1,175.54,239.01,44.9,60.4,198,133,79,NA,15.55555556,15.3030303,15.0877193,2.323232323,2.828282828,0.14619883,-11.66666667,-10.27777778,-45.27777778,3.8608,0.635,7.7216,12.73809524,1.865079365,-37.77777778,1.016,15.40740741,3.111111111,-11.11111111,0.8636
2005,EQ,DBAR05,EQ DBAR05,M,5/19/2005,2005139,4/24/2005,2005114,23,25,24.8,21.7,34.8,13.3,12.6,74.4,13.1,165.06,225.33,39.6,56.6,144,87,33,327,12.32323232,18.53535354,16.87134503,2.222222222,3.787878788,3.97434278469844e-16,-30,12.77777778,-29.72222222,2.9464,0.7112,3.8862,15.75396825,2.619047619,-11.38888889,0.6858,16.37037037,3.037037037,-4.444444444,1.2954
2005,DP,EDBL05,DP EDBL05,M,5/24/2005,2005144,4/26/2005,2005116,30,28,27.9,28.3,39,13,13.8,82.9,10.7,147.66,261.3,43.9,61.5,206,138,82,456,12.47474747,19.39393939,15.61403509,1.919191919,4.090909091,-0.292397661,-30.83333333,19.16666667,-44.44444444,0.889,0.6858,4.0386,15.87301587,2.420634921,-11.94444444,0.8128,17.03703704,2.888888889,-0.555555556,1.0668
2005,EO,EDBL05,EO EDBL05,M,5/24/2005,2005144,4/26/2005,2005116,30,28,27.7,25.8,39.6,12.5,12.9,83.8,13.8,178.02,251.46,44.2,61.6,200,126,87,460,12.47474747,19.39393939,15.61403509,1.919191919,4.090909091,-0.292397661,-30.83333333,19.16666667,-44.44444444,0.889,0.6858,4.0386,15.87301587,2.420634921,-11.94444444,0.8128,17.03703704,2.888888889,-0.555555556,1.0668
2005,NF,EFER05,NF EFER05,F,5/25/2005,2005145,4/29/2005,2005119,26,26,26.2,23.5,35.2,11.9,12.8,75.6,11.7,149.76,217.36,40.4,60.1,177,110,63,390,13.13131313,19.04040404,15.58479532,1.161616162,4.191919192,0.350877193,-31.38888889,17.77777778,-38.61111111,0.6858,0.6858,3.81,17.57936508,3.214285714,5.555555556,0.8636,18.48148148,3.666666667,16.11111111,0.6858
2005,OE,EFER05,OE EFER05,U,5/25/2005,2005145,4/29/2005,2005119,26,26,26.2,24.4,35.8,13.6,12.6,78.9,11.4,143.64,234.49,43.1,62.4,182,113,59,438,13.13131313,19.04040404,15.58479532,1.161616162,4.191919192,0.350877193,-31.38888889,17.77777778,-38.61111111,0.6858,0.6858,3.81,17.57936508,3.214285714,5.555555556,0.8636,18.48148148,3.666666667,16.11111111,0.6858
2005,RB,EFER05,RB EFER05,M,5/25/2005,2005145,4/30/2005,2005120,26,25,25.1,22.3,33.9,13.5,11.9,77.2,11.6,138.04,215.265,43.3,60.8,152,90,45,378,13.98989899,18.83838384,15.38011696,1.868686869,3.838383838,0.701754386,-22.77777778,14.72222222,-37.22222222,0.6858,0.6858,3.8608,17.93650794,3.293650794,8.611111111,0.7366,18.77777778,3.666666667,18.33333333,0.6858
2005,AT,EHCR05,AT EHCR05,M,5/21/2005,2005141,4/25/2005,2005115,25,26,25.7,22.6,36.4,12.95,12.8,80.3,13.8,176.64,234.325,43.9,64.2,167,107,50,415,11.66666667,19.5959596,16.40350877,1.717171717,4.343434343,-0.029239766,-36.38888889,21.66666667,-34.44444444,1.016,0.6858,4.0132,15.47619048,2.53968254,-13.88888889,0.6858,17,3,-1.67E-15,1.0922
2005,BS,EHCR05,BS EHCR05,M,5/21/2005,2005141,4/25/2005,2005115,25,26,25.5,21.2,35,11.6,12.2,77.7,13.8,168.36,208.25,42.7,62.6,159,99,50,372,11.66666667,19.5959596,16.40350877,1.717171717,4.343434343,-0.029239766,-36.38888889,21.66666667,-34.44444444,1.016,0.6858,4.0132,15.47619048,2.53968254,-13.88888889,0.6858,17,3,-1.67E-15,1.0922
2005,CR,EHCR05,CR EHCR05,F,5/21/2005,2005141,4/26/2005,2005116,25,25,25.4,21.4,33.8,12.4,12.1,74.5,12.4,150.04,207.025,40.7,59.7,156,98,46,343,12.47474747,19.39393939,15.61403509,1.919191919,4.090909091,-0.292397661,-30.83333333,19.16666667,-44.44444444,0.889,0.6858,4.0386,15.87301587,2.420634921,-11.94444444,0.8128,17.03703704,2.888888889,-0.555555556,1.0668
2005,UZ,EQUI05,UZ EQUI05,F,5/23/2005,2005143,4/26/2005,2005116,26,27,26.5,22.3,35.1,13.2,14.2,75.6,12.8,181.76,240.435,40.5,57.7,176,119,64,408,12.47474747,19.39393939,15.61403509,1.919191919,4.090909091,-0.292397661,-30.83333333,19.16666667,-44.44444444,0.889,0.6858,4.0386,15.87301587,2.420634921,-11.94444444,0.8128,17.03703704,2.888888889,-0.555555556,1.0668
2005,VY,EQUI05,VY EQUI05,M,5/23/2005,2005143,4/26/2005,2005116,26,27,26.9,22.4,34.3,13.4,13.2,80.1,11.9,157.08,228.095,45.8,59.6,179,124,69,412,12.47474747,19.39393939,15.61403509,1.919191919,4.090909091,-0.292397661,-30.83333333,19.16666667,-44.44444444,0.889,0.6858,4.0386,15.87301587,2.420634921,-11.94444444,0.8128,17.03703704,2.888888889,-0.555555556,1.0668
2005,DS,FOPA05,DS FOPA05,F,5/16/2005,2005136,4/21/2005,2005111,24,25,25.4,19.8,32.7,11.6,12.1,72.8,12.9,156.09,193.7475,40.1,57.9,153,96,49,351,14.24242424,16.66666667,15.55555556,2.171717172,2.727272727,-0.058479532,-19.72222222,-3.333333333,-42.77777778,4.0894,0.4064,7.9248,13.57142857,1.984126984,-31.11111111,0.889,15.85185185,2.777777778,-10.27777778,0.8128
2005,ER,FOPA05,ER FOPA05,F,5/16/2005,2005136,4/21/2005,2005111,24,25,25.3,20.3,31.8,11.4,11.5,72.1,11.5,132.25,182.055,40.3,58.8,149,92,50,350,14.24242424,16.66666667,15.55555556,2.171717172,2.727272727,-0.058479532,-19.72222222,-3.333333333,-42.77777778,4.0894,0.4064,7.9248,13.57142857,1.984126984,-31.11111111,0.889,15.85185185,2.777777778,-10.27777778,0.8128
2005,FQ,FOPA05,FQ FOPA05,M,5/16/2005,2005136,4/20/2005,2005110,24,26,25.6,20.4,33.5,12.8,12.7,74.8,13.1,166.37,213.5625,41.3,61.3,163,103,51,375,15.55555556,15.3030303,15.0877193,2.323232323,2.828282828,0.14619883,-11.66666667,-10.27777778,-45.27777778,3.8608,0.635,7.7216,12.73809524,1.865079365,-37.77777778,1.016,15.40740741,3.111111111,-11.11111111,0.8636
2005,OI,FOWA05,OI FOWA05,M,5/16/2005,2005136,4/20/2005,2005110,27,26,26.3,24.2,39.8,13.5,12.8,80.2,15.6,199.68,261.685,40.4,61.5,179,118,60,400,15.55555556,15.3030303,15.0877193,2.323232323,2.828282828,0.14619883,-11.66666667,-10.27777778,-45.27777778,3.8608,0.635,7.7216,12.73809524,1.865079365,-37.77777778,1.016,15.40740741,3.111111111,-11.11111111,0.8636
2005,QG,FOWA05,QG FOWA05,F,5/16/2005,2005136,4/19/2005,2005109,27,27,26.6,22.7,35.2,12.1,12,77.5,12.5,150,212.08,42.3,58.8,172,118,68,380,16.21212121,13.98989899,14.41520468,2.222222222,1.868686869,0.116959064,-8.611111111,-22.77777778,-51.94444444,3.81,0.6858,7.7724,12.65873016,1.825396825,-38.61111111,2.9972,14.11111111,2.259259259,-27.22222222,0.889
2005,RF,FOWA05,RF FOWA05,F,5/16/2005,2005136,4/20/2005,2005110,27,26,26,23.2,34.1,12.7,12.1,75.1,10.9,131.89,211.42,41,58.2,164,106,60,347,15.55555556,15.3030303,15.0877193,2.323232323,2.828282828,0.14619883,-11.66666667,-10.27777778,-45.27777778,3.8608,0.635,7.7216,12.73809524,1.865079365,-37.77777778,1.016,15.40740741,3.111111111,-11.11111111,0.8636
2005,SE,FOWA05,SE FOWA05,M,5/16/2005,2005136,4/19/2005,2005109,27,27,27,22.8,36.7,14,14,79.5,13.9,194.6,256.9,42.8,61.6,183,126,72,422,16.21212121,13.98989899,14.41520468,2.222222222,1.868686869,0.116959064,-8.611111111,-22.77777778,-51.94444444,3.81,0.6858,7.7724,12.65873016,1.825396825,-38.61111111,2.9972,14.11111111,2.259259259,-27.22222222,0.889
2005,XZ,FOWA05,XZ FOWA05,M,5/16/2005,2005136,4/21/2005,2005111,27,25,25.1,20.8,33.8,12.5,11.6,74.4,13,150.8,203.645,40.6,60.1,148,92,42,356,14.24242424,16.66666667,15.55555556,2.171717172,2.727272727,-0.058479532,-19.72222222,-3.333333333,-42.77777778,4.0894,0.4064,7.9248,13.57142857,1.984126984,-31.11111111,0.889,15.85185185,2.777777778,-10.27777778,0.8128
2005,AV,HAPA05,AV HAPA05,F,5/16/2005,2005136,4/19/2005,2005109,26,27,26.5,21.8,34.4,12.3,13.4,75.1,12.6,168.84,221.02,40.7,61.5,178,118,65,370,16.21212121,13.98989899,14.41520468,2.222222222,1.868686869,0.116959064,-8.611111111,-22.77777778,-51.94444444,3.81,0.6858,7.7724,12.65873016,1.825396825,-38.61111111,2.9972,14.11111111,2.259259259,-27.22222222,0.889
2005,ZX,HAPA05,ZX HAPA05,M,5/16/2005,2005136,4/19/2005,2005109,26,27,26.6,23.3,36.7,12.8,13.3,79.1,13.4,178.22,239.4675,42.4,58.9,176,117,68,480,16.21212121,13.98989899,14.41520468,2.222222222,1.868686869,0.116959064,-8.611111111,-22.77777778,-51.94444444,3.81,0.6858,7.7724,12.65873016,1.825396825,-38.61111111,2.9972,14.11111111,2.259259259,-27.22222222,0.889
2005,ES,HAWA05,ES HAWA05,F,5/13/2005,2005133,4/18/2005,2005108,24,25,25.2,21.2,31.8,11.3,12,72.6,10.6,127.2,185.235,40.8,58.1,159,94,43,296,17.02020202,13.13131313,14.06432749,2.575757576,1.161616162,0.058479532,-2.222222222,-31.38888889,-55.83333333,3.81,0.6858,7.7724,12.61904762,1.785714286,-39.16666667,4.0132,13.07407407,1.851851852,-38.05555556,1.016
2005,FR,HAWA05,FR HAWA05,M,5/13/2005,2005133,4/17/2005,2005107,24,26,25.7,22.1,34,13.6,12.63,75,11.9,150.297,222.955,41,59.8,170,103,53,368,17.32323232,13.08080808,13.30409357,2.171717172,1.464646465,-0.233918129,-2.777777778,-30,-65.83333333,3.683,0.8128,7.7724,12.26190476,1.388888889,-44.44444444,4.0132,13,1.962962963,-37.77777778,2.9972
2005,IO,HAWA05,IO HAWA05,M,5/13/2005,2005133,4/18/2005,2005108,24,25,25.1,22.2,31.4,12.2,12.7,75.9,9.2,116.84,195.465,44.5,58.2,152,91,45,300,17.02020202,13.13131313,14.06432749,2.575757576,1.161616162,0.058479532,-2.222222222,-31.38888889,-55.83333333,3.81,0.6858,7.7724,12.61904762,1.785714286,-39.16666667,4.0132,13.07407407,1.851851852,-38.05555556,1.016
2005,JN,HAWA05,JN HAWA05,F,5/13/2005,2005133,4/18/2005,2005108,24,25,24.6,18.9,29.6,12.5,11.8,69.4,10.7,126.26,179.82,39.8,56.2,139,80,33,230,17.02020202,13.13131313,14.06432749,2.575757576,1.161616162,0.058479532,-2.222222222,-31.38888889,-55.83333333,3.81,0.6858,7.7724,12.61904762,1.785714286,-39.16666667,4.0132,13.07407407,1.851851852,-38.05555556,1.016
2005,NE,HNES05,NE HNES05,U,6/15/2005,2005166,5/21/2005,2005141,25,25,25.1,23.5,30.7,12.4,13.5,76.1,7.2,97.2,198.7825,45.4,57.4,153,91,45,365,17.72727273,28.03030303,17.04678363,5.95959596,14.6969697,2.807017544,20.27777778,125,-1.388888889,2.1336,2.3876,1.0668,23.65079365,9.96031746,95.27777778,2.4892,26,12.33333333,137.5,3.683
2005,OD,HNES05,OD HNES05,U,6/15/2005,2005166,5/20/2005,2005140,26,26,25.8,25.4,39.6,13.6,12.7,82,14.2,180.34,260.37,42.4,59,162,108,52,389,17.62626263,27.12121212,16.66666667,6.060606061,13.48484848,2.748538012,20.27777778,113.3333333,-5.555555556,2.0828,1.3208,1.0922,22.46031746,9.523809524,83.88888889,2.6924,25.25925926,11.44444444,125.2777778,2.5654
2005,PC,HNES05,PC HNES05,U,6/15/2005,2005166,5/20/2005,2005140,26,26,25.6,25,32.6,13.2,13.3,79.6,7.6,101.08,215.975,47,61.6,166,101,53,392,17.62626263,27.12121212,16.66666667,6.060606061,13.48484848,2.748538012,20.27777778,113.3333333,-5.555555556,2.0828,1.3208,1.0922,22.46031746,9.523809524,83.88888889,2.6924,25.25925926,11.44444444,125.2777778,2.5654
2005,QB,HNES05,QB HNES05,U,6/15/2005,2005166,5/21/2005,2005141,24,25,24.5,21.5,29.4,13.2,12.5,73.3,7.9,98.75,188.895,43.9,57.5,120,82,20,275,17.72727273,28.03030303,17.04678363,5.95959596,14.6969697,2.807017544,20.27777778,125,-1.388888889,2.1336,2.3876,1.0668,23.65079365,9.96031746,95.27777778,2.4892,26,12.33333333,137.5,3.683
2005,BR,HOMC05,BR HOMC05,F,5/24/2005,2005144,4/29/2005,2005119,30,25,25.1,22.6,35.8,13.4,12.2,75.5,13.2,161.04,229.12,39.7,56.1,155,98,35,320,13.13131313,19.04040404,15.58479532,1.161616162,4.191919192,0.350877193,-31.38888889,17.77777778,-38.61111111,0.6858,0.6858,3.81,17.57936508,3.214285714,5.555555556,0.8636,18.48148148,3.666666667,16.11111111,0.6858
2005,CQ,HOMC05,CQ HOMC05,F,5/24/2005,2005144,4/27/2005,2005117,30,27,26.9,23.8,37.5,13.4,13,80,13.7,178.1,247.5,42.5,59.8,183,124,70,387,13.28282828,19.04040404,15.61403509,1.868686869,4.090909091,1.28734742164595e-16,-26.66666667,17.22222222,-41.66666667,0.8636,0.6858,3.683,16.70634921,2.936507937,-2.5,1.0668,17.2962963,3.074074074,2.777777778,0.8636
2005,HL,HORC05,HL HORC05,F,5/24/2005,2005144,4/28/2005,2005118,28,26,25.5,20.8,32.4,11.8,11,72.6,11.6,127.6,184.68,40.2,56.3,157,102,49,330,13.08080808,18.88888889,15.81871345,1.464646465,3.737373737,0.380116959,-30,14.44444444,-36.11111111,0.8128,0.6858,3.81,17.34126984,3.134920635,3.333333333,1.0668,17.81481481,3.074074074,6.666666667,0.7366
2005,IK,HORC05,IK HORC05,M,5/24/2005,2005144,4/27/2005,2005117,28,27,27.2,22.9,35.8,12.8,13.3,78,12.9,171.57,233.595,42.2,59,188,130,72,393,13.28282828,19.04040404,15.61403509,1.868686869,4.090909091,1.28734742164595e-16,-26.66666667,17.22222222,-41.66666667,0.8636,0.6858,3.683,16.70634921,2.936507937,-2.5,1.0668,17.2962963,3.074074074,2.777777778,0.8636
2005,BU,IEQR05,BU IEQR05,F,5/17/2005,2005137,4/22/2005,2005112,24,25,24.9,21,33.5,12.1,11.5,72.7,12.5,143.75,197.65,39.2,58.5,143,90,35,305,13.13131313,16.31313131,15.73099415,2.121212121,2.373737374,-0.321637427,-26.11111111,-7.222222222,-43.61111111,3.6322,0.381,2.2352,14.52380952,2.301587302,-22.22222222,0.8636,15.25925926,2.259259259,-18.61111111,0.6858
2005,LK,IEQR05,LK IEQR05,F,5/17/2005,2005137,4/21/2005,2005111,24,26,25.6,22.2,34.6,13,11.8,74.9,12.4,146.32,214.52,40.3,59.2,163,100,53,350,14.24242424,16.66666667,15.55555556,2.171717172,2.727272727,-0.058479532,-19.72222222,-3.333333333,-42.77777778,4.0894,0.4064,7.9248,13.57142857,1.984126984,-31.11111111,0.889,15.85185185,2.777777778,-10.27777778,0.8128
2005,NI,IEQR05,NI IEQR05,F,5/17/2005,2005137,4/22/2005,2005112,24,25,25.2,21.6,33.3,12.4,12.4,74.3,11.7,145.08,206.46,41,60,152,94,42,295,13.13131313,16.31313131,15.73099415,2.121212121,2.373737374,-0.321637427,-26.11111111,-7.222222222,-43.61111111,3.6322,0.381,2.2352,14.52380952,2.301587302,-22.22222222,0.8636,15.25925926,2.259259259,-18.61111111,0.6858
2005,QF,IEQR05,QF IEQR05,F,5/17/2005,2005137,4/22/2005,2005112,24,25,25,21.4,34.5,14,12.4,74,13.1,162.44,227.7,39.5,58.8,149,91,38,312,13.13131313,16.31313131,15.73099415,2.121212121,2.373737374,-0.321637427,-26.11111111,-7.222222222,-43.61111111,3.6322,0.381,2.2352,14.52380952,2.301587302,-22.22222222,0.8636,15.25925926,2.259259259,-18.61111111,0.6858
2005,HK,IRIS05,HK IRIS05,F,6/7/2005,2005158,5/10/2005,2005130,28,28,27.8,25.4,33.1,12.6,14.5,82,7.7,111.65,224.2525,48.9,59.3,202,132,86,398,19.04040404,17.72727273,13.74269006,4.191919192,5.95959596,1.812865497,17.77777778,20.27777778,-42.22222222,0.6858,2.1336,4.0132,17.18253968,5.158730159,16.38888889,2.0066,17.11111111,4.851851852,14.72222222,2.1336
2005,IJ,IRIS05,IJ IRIS05,F,6/7/2005,2005158,5/13/2005,2005133,26,25,25.4,23.2,32.4,13.2,12.9,77.4,9.2,118.68,211.41,45,59,163,99,48,390,16.71717172,20.05050505,14.76608187,3.484848485,7.323232323,2.573099415,1.111111111,40.55555556,-25.27777778,0.8636,1.9558,1.016,17.42063492,5.238095238,18.61111111,2.1336,19.37037037,6.888888889,46.94444444,2.1336
2005,KH,IRIS05,KH IRIS05,F,6/7/2005,2005158,5/10/2005,2005130,28,28,27.7,27.4,40.4,13.5,14,83.9,13,182,277.75,43.5,59.9,192,135,80,425,19.04040404,17.72727273,13.74269006,4.191919192,5.95959596,1.812865497,17.77777778,20.27777778,-42.22222222,0.6858,2.1336,4.0132,17.18253968,5.158730159,16.38888889,2.0066,17.11111111,4.851851852,14.72222222,2.1336
2005,LG,IRIS05,LG IRIS05,F,6/7/2005,2005158,5/11/2005,2005131,27,27,26.8,24.8,37.6,13.4,13.2,80.5,12.8,168.96,250.04,42.9,55.5,180,121,71,400,18.83838384,18.08080808,14.67836257,3.838383838,6.464646465,2.748538012,14.72222222,25,-24.44444444,0.6858,2.1336,4.0132,16.94444444,4.722222222,11.66666667,2.0574,17.81481481,5.407407407,24.16666667,2.1336
2005,JL,LRIS05,JL LRIS05,F,5/19/2005,2005139,4/22/2005,2005112,28,27,27.4,22.3,34.2,10.8,11.6,77.2,11.9,138.04,191.52,43,59.9,186,126,81,360,13.13131313,16.31313131,15.73099415,2.121212121,2.373737374,-0.321637427,-26.11111111,-7.222222222,-43.61111111,3.6322,0.381,2.2352,14.52380952,2.301587302,-22.22222222,0.8636,15.25925926,2.259259259,-18.61111111,0.6858
2005,PF,MCUN05,PF MCUN05,M,5/20/2005,2005140,4/22/2005,2005112,30,28,28,21.7,34.9,11.8,13,77.9,13.2,171.6,216.38,43,56,202,140,84,365,13.13131313,16.31313131,15.73099415,2.121212121,2.373737374,-0.321637427,-26.11111111,-7.222222222,-43.61111111,3.6322,0.381,2.2352,14.52380952,2.301587302,-22.22222222,0.8636,15.25925926,2.259259259,-18.61111111,0.6858
2005,SC,MCUN05,SC MCUN05,F,5/20/2005,2005140,4/22/2005,2005112,30,28,28.4,21.6,34.1,11,12.4,75.1,12.5,155,199.485,41,55.3,200,144,88,320,13.13131313,16.31313131,15.73099415,2.121212121,2.373737374,-0.321637427,-26.11111111,-7.222222222,-43.61111111,3.6322,0.381,2.2352,14.52380952,2.301587302,-22.22222222,0.8636,15.25925926,2.259259259,-18.61111111,0.6858
2005,UA,MCUN05,UA MCUN05,M,5/20/2005,2005140,4/24/2005,2005114,29,26,26.2,19.2,32.5,11.1,11.2,71.2,13.3,148.96,181.1875,38.7,50.3,168,118,56,285,12.32323232,18.53535354,16.87134503,2.222222222,3.787878788,3.97434278469844e-16,-30,12.77777778,-29.72222222,2.9464,0.7112,3.8862,15.75396825,2.619047619,-11.38888889,0.6858,16.37037037,3.037037037,-4.444444444,1.2954
2005,VZ,MCUN05,VZ MCUN05,F,5/20/2005,2005140,4/24/2005,2005114,29,26,26.1,18,31.3,10.2,12.3,68.6,13.3,163.59,176.0625,37.3,50.4,168,114,57,285,12.32323232,18.53535354,16.87134503,2.222222222,3.787878788,3.97434278469844e-16,-30,12.77777778,-29.72222222,2.9464,0.7112,3.8862,15.75396825,2.619047619,-11.38888889,0.6858,16.37037037,3.037037037,-4.444444444,1.2954
2005,FR,NBUR05,FR NBUR05,F,5/20/2005,2005140,4/23/2005,2005113,28,27,27,22.4,32.5,10.6,10.7,74.6,10.1,108.07,173.0625,42.1,52.6,175,122,74,328,13.08080808,17.17171717,16.43274854,2.272727273,2.727272727,-0.321637427,-25.55555556,-0.555555556,-36.94444444,3.8354,0.3556,1.905,15.07936508,2.738095238,-15.27777778,0.8128,15.7037037,2.518518519,-13.33333333,0.8636
2005,WY,NBUR05,WY NBUR05,M,5/20/2005,2005140,4/24/2005,2005114,28,26,25.5,19.9,33.7,10.7,9.9,73.3,13.8,136.62,173.555,39.6,49.4,152,103,45,287,12.32323232,18.53535354,16.87134503,2.222222222,3.787878788,3.97434278469844e-16,-30,12.77777778,-29.72222222,2.9464,0.7112,3.8862,15.75396825,2.619047619,-11.38888889,0.6858,16.37037037,3.037037037,-4.444444444,1.2954
2005,XX,NBUR05,XX NBUR05,M,5/20/2005,2005140,4/23/2005,2005113,28,27,26.7,22.6,34,11.4,11.1,77.4,11.4,126.54,191.25,43.4,54.2,181,125,65,351,13.08080808,17.17171717,16.43274854,2.272727273,2.727272727,-0.321637427,-25.55555556,-0.555555556,-36.94444444,3.8354,0.3556,1.905,15.07936508,2.738095238,-15.27777778,0.8128,15.7037037,2.518518519,-13.33333333,0.8636
2005,YW,NBUR05,YW NBUR05,M,5/20/2005,2005140,4/24/2005,2005114,28,26,26.3,22.6,32.8,11.6,11.3,78.2,10.2,115.26,187.78,45.4,55.5,171,119,58,372,12.32323232,18.53535354,16.87134503,2.222222222,3.787878788,3.97434278469844e-16,-30,12.77777778,-29.72222222,2.9464,0.7112,3.8862,15.75396825,2.619047619,-11.38888889,0.6858,16.37037037,3.037037037,-4.444444444,1.2954
2005,ZV,NBUR05,ZV NBUR05,M,5/20/2005,2005140,4/23/2005,2005113,28,27,27.1,22.4,31.9,11.6,11.4,75.8,9.5,108.3,183.425,43.9,55.2,182,129,70,320,13.08080808,17.17171717,16.43274854,2.272727273,2.727272727,-0.321637427,-25.55555556,-0.555555556,-36.94444444,3.8354,0.3556,1.905,15.07936508,2.738095238,-15.27777778,0.8128,15.7037037,2.518518519,-13.33333333,0.8636
2005,IL,NEEL05,IL NEEL05,M,5/22/2005,2005142,4/24/2005,2005114,30,28,27.6,22.3,35.1,12,12.8,77.9,12.8,163.84,217.62,42.8,59.3,190,135,79,372,12.32323232,18.53535354,16.87134503,2.222222222,3.787878788,3.97434278469844e-16,-30,12.77777778,-29.72222222,2.9464,0.7112,3.8862,15.75396825,2.619047619,-11.38888889,0.6858,16.37037037,3.037037037,-4.444444444,1.2954
2005,KJ,NEEL05,KJ NEEL05,M,5/22/2005,2005142,4/25/2005,2005115,30,27,27,24.6,37.1,12.7,13.3,79.6,12.5,166.25,241.15,42.5,55.2,183,130,68,365,11.66666667,19.5959596,16.40350877,1.717171717,4.343434343,-0.029239766,-36.38888889,21.66666667,-34.44444444,1.016,0.6858,4.0132,15.47619048,2.53968254,-13.88888889,0.6858,17,3,-1.67E-15,1.0922
2005,MH,NEEL05,MH NEEL05,F,5/22/2005,2005142,4/24/2005,2005114,30,28,27.8,23.7,35.9,12.6,12.8,77.6,12.2,156.16,227.965,41.7,55.5,193,138,79,347,12.32323232,18.53535354,16.87134503,2.222222222,3.787878788,3.97434278469844e-16,-30,12.77777778,-29.72222222,2.9464,0.7112,3.8862,15.75396825,2.619047619,-11.38888889,0.6858,16.37037037,3.037037037,-4.444444444,1.2954
2005,EP,ORHA05,EP ORHA05,F,5/21/2005,2005141,4/25/2005,2005115,26,26,26.2,22.8,34.2,12.6,12.7,77.7,11.4,144.78,216.315,43.5,58.6,167,110,62,377,11.66666667,19.5959596,16.40350877,1.717171717,4.343434343,-0.029239766,-36.38888889,21.66666667,-34.44444444,1.016,0.6858,4.0132,15.47619048,2.53968254,-13.88888889,0.6858,17,3,-1.67E-15,1.0922
2005,FO,PECI05,FO PECI05,F,5/21/2005,2005141,4/26/2005,2005116,25,25,25.1,22.2,35,12.6,13.8,75.6,12.8,176.64,231,40.6,60.7,148,90,46,397,12.47474747,19.39393939,15.61403509,1.919191919,4.090909091,-0.292397661,-30.83333333,19.16666667,-44.44444444,0.889,0.6858,4.0386,15.87301587,2.420634921,-11.94444444,0.8128,17.03703704,2.888888889,-0.555555556,1.0668
2005,GN,PECI05,GN PECI05,F,5/21/2005,2005141,4/25/2005,2005115,25,26,25.5,21.5,33.5,12.1,13.2,74.2,12,158.4,211.8875,40.7,58.8,148,97,52,429,11.66666667,19.5959596,16.40350877,1.717171717,4.343434343,-0.029239766,-36.38888889,21.66666667,-34.44444444,1.016,0.6858,4.0132,15.47619048,2.53968254,-13.88888889,0.6858,17,3,-1.67E-15,1.0922
2005,HM,PECI05,HM PECI05,F,5/21/2005,2005141,4/25/2005,2005115,25,26,25.7,21,33.8,13,12.7,74.3,12.8,162.56,217.165,40.5,59.2,162,104,53,392,11.66666667,19.5959596,16.40350877,1.717171717,4.343434343,-0.029239766,-36.38888889,21.66666667,-34.44444444,1.016,0.6858,4.0132,15.47619048,2.53968254,-13.88888889,0.6858,17,3,-1.67E-15,1.0922
2005,MG,PGLN05,MG PGLN05,F,5/25/2005,2005145,4/28/2005,2005118,28,27,27.3,22.3,32.4,12.3,12.3,76.3,10.1,124.23,199.26,43.9,56.5,182,129.5,75,350,13.08080808,18.88888889,15.81871345,1.464646465,3.737373737,0.380116959,-30,14.44444444,-36.11111111,0.8128,0.6858,3.81,17.34126984,3.134920635,3.333333333,1.0668,17.81481481,3.074074074,6.666666667,0.7366
2005,DQ,ROGO05,DQ ROGO05,F,5/21/2005,2005141,4/24/2005,2005114,27,27,27,22,34.7,12.6,12.9,75.2,12.7,163.83,221.2125,40.5,55.3,170,119,76,362,12.32323232,18.53535354,16.87134503,2.222222222,3.787878788,3.97434278469844e-16,-30,12.77777778,-29.72222222,2.9464,0.7112,3.8862,15.75396825,2.619047619,-11.38888889,0.6858,16.37037037,3.037037037,-4.444444444,1.2954
2005,OF,SEPG05,OF SEPG05,M,5/22/2005,2005142,4/25/2005,2005115,26,27,26.8,24.8,38.2,12.2,12.3,79.5,13.4,164.82,233.975,41.3,61.2,189,116,74,415,11.66666667,19.5959596,16.40350877,1.717171717,4.343434343,-0.029239766,-36.38888889,21.66666667,-34.44444444,1.016,0.6858,4.0132,15.47619048,2.53968254,-13.88888889,0.6858,17,3,-1.67E-15,1.0922
2005,PE,SEPG05,PE SEPG05,M,5/22/2005,2005142,4/26/2005,2005116,26,26,26.3,21.6,35,12.3,12.4,76,13.4,166.16,216.125,41,58.8,179,121,54,347,12.47474747,19.39393939,15.61403509,1.919191919,4.090909091,-0.292397661,-30.83333333,19.16666667,-44.44444444,0.889,0.6858,4.0386,15.87301587,2.420634921,-11.94444444,0.8128,17.03703704,2.888888889,-0.555555556,1.0668
2005,RC,SMUR05,RC SMUR05,M,5/23/2005,2005143,4/26/2005,2005116,30,27,27.3,25.3,37.1,12.8,13.8,82.3,11.8,162.84,246.715,45.2,59.9,183,129,75,410,12.47474747,19.39393939,15.61403509,1.919191919,4.090909091,-0.292397661,-30.83333333,19.16666667,-44.44444444,0.889,0.6858,4.0386,15.87301587,2.420634921,-11.94444444,0.8128,17.03703704,2.888888889,-0.555555556,1.0668
2005,TA,SMUR05,TA SMUR05,F,5/23/2005,2005143,4/25/2005,2005115,30,28,27.8,24.4,37.4,12.5,13.4,79.8,13,174.2,242.165,42.4,56.8,193,139,80,368,11.66666667,19.5959596,16.40350877,1.717171717,4.343434343,-0.029239766,-36.38888889,21.66666667,-34.44444444,1.016,0.6858,4.0132,15.47619048,2.53968254,-13.88888889,0.6858,17,3,-1.67E-15,1.0922
2005,KM,STAD05,KM STAD05,M,5/16/2005,2005136,4/21/2005,2005111,27,25,25.4,22.3,34.3,12.8,12.6,74.5,12,151.2,217.805,40.2,54.8,158,98,48,355,14.24242424,16.66666667,15.55555556,2.171717172,2.727272727,-0.058479532,-19.72222222,-3.333333333,-42.77777778,4.0894,0.4064,7.9248,13.57142857,1.984126984,-31.11111111,0.889,15.85185185,2.777777778,-10.27777778,0.8128
2005,MK,STAD05,MK STAD05,M,5/16/2005,2005136,4/21/2005,2005111,27,25,25.3,21.3,34.4,11.9,12,71.7,13.1,157.2,205.54,37.3,53.5,160,100,41,287,14.24242424,16.66666667,15.55555556,2.171717172,2.727272727,-0.058479532,-19.72222222,-3.333333333,-42.77777778,4.0894,0.4064,7.9248,13.57142857,1.984126984,-31.11111111,0.889,15.85185185,2.777777778,-10.27777778,0.8128
2005,NJ,STAD05,NJ STAD05,M,5/16/2005,2005136,4/19/2005,2005109,27,27,27,23.8,37.6,12.7,13.6,78.1,13.8,187.68,247.22,40.5,58.5,188,125,72,394,16.21212121,13.98989899,14.41520468,2.222222222,1.868686869,0.116959064,-8.611111111,-22.77777778,-51.94444444,3.81,0.6858,7.7724,12.65873016,1.825396825,-38.61111111,2.9972,14.11111111,2.259259259,-27.22222222,0.889
2005,CT,SWEG05,CT SWEG05,F,5/17/2005,2005137,4/19/2005,2005109,28,28,27.8,23.1,36.7,14.9,13.1,78.9,13.6,178.16,256.9,42.2,59.4,190,134,83,412,16.21212121,13.98989899,14.41520468,2.222222222,1.868686869,0.116959064,-8.611111111,-22.77777778,-51.94444444,3.81,0.6858,7.7724,12.65873016,1.825396825,-38.61111111,2.9972,14.11111111,2.259259259,-27.22222222,0.889
2005,IN,SWEG05,IN SWEG05,F,5/17/2005,2005137,4/20/2005,2005110,28,27,26.8,21.5,33.9,13.3,12.7,75.5,12.4,157.48,220.35,41.6,59.7,182,122,69,362,15.55555556,15.3030303,15.0877193,2.323232323,2.828282828,0.14619883,-11.66666667,-10.27777778,-45.27777778,3.8608,0.635,7.7216,12.73809524,1.865079365,-37.77777778,1.016,15.40740741,3.111111111,-11.11111111,0.8636
2005,KL,SWEG05,KL SWEG05,M,5/17/2005,2005137,4/19/2005,2005109,28,28,27.5,23.5,36.1,13,12.6,77.4,12.6,158.76,231.04,41.3,57.3,187,130,79,365,16.21212121,13.98989899,14.41520468,2.222222222,1.868686869,0.116959064,-8.611111111,-22.77777778,-51.94444444,3.81,0.6858,7.7724,12.65873016,1.825396825,-38.61111111,2.9972,14.11111111,2.259259259,-27.22222222,0.889
2005,UC,SWEG05,UC SWEG05,F,5/17/2005,2005137,4/19/2005,2005109,28,28,27.5,24.2,37.7,13.4,13.8,79.5,13.5,186.3,256.36,41.8,57.3,192,126,83,414,16.21212121,13.98989899,14.41520468,2.222222222,1.868686869,0.116959064,-8.611111111,-22.77777778,-51.94444444,3.81,0.6858,7.7724,12.65873016,1.825396825,-38.61111111,2.9972,14.11111111,2.259259259,-27.22222222,0.889
2005,AW,TRUP05,AW TRUP05,M,5/13/2005,2005133,4/18/2005,2005108,25,25,25,21.5,33,11.6,11,75.1,11.5,126.5,186.45,42.1,58.5,142,91,36,260,17.02020202,13.13131313,14.06432749,2.575757576,1.161616162,0.058479532,-2.222222222,-31.38888889,-55.83333333,3.81,0.6858,7.7724,12.61904762,1.785714286,-39.16666667,4.0132,13.07407407,1.851851852,-38.05555556,1.016
2005,BD,TRUP05,BD TRUP05,M,5/13/2005,2005133,4/16/2005,2005106,25,27,26.6,22.7,30.2,12.3,12.3,76.9,7.5,92.25,185.73,46.7,58.7,178,126,60,350,16.91919192,13.28282828,12.48538012,1.262626263,1.868686869,-0.175438596,-10,-26.66666667,-73.05555556,3.6322,0.8636,8.9916,13.33333333,1.666666667,-35,4.445,12.92592593,1.740740741,-40,4.0132
2005,CU,TRUP05,CU TRUP05,M,5/13/2005,2005133,4/17/2005,2005107,25,26,26.3,23,35,11.5,12.5,75.4,12,150,210,40.4,57.1,170,114,63,337,17.32323232,13.08080808,13.30409357,2.171717172,1.464646465,-0.233918129,-2.777777778,-30,-65.83333333,3.683,0.8128,7.7724,12.26190476,1.388888889,-44.44444444,4.0132,13,1.962962963,-37.77777778,2.9972
2005,AR,VAIR05,AR VAIR05,F,5/30/2005,2005150,5/3/2005,2005123,28,27,27.1,22.3,37,13.4,13,76.2,14.7,191.1,244.2,39.2,59.2,185,131,70,377,16.31313131,17.22222222,15.52631579,2.373737374,4.444444444,1.608187135,-7.222222222,9.166666667,-27.22222222,0.381,1.3208,4.318,18.88888889,3.849206349,19.16666667,0.6858,18.25925926,4.666666667,21.94444444,1.3208
2005,BQ,VAIR05,BQ VAIR05,M,5/30/2005,2005150,5/3/2005,2005123,28,27,27.4,25.7,37.7,13.6,14.1,81.5,12,169.2,261.0725,43.8,61,194,133,76,453,16.31313131,17.22222222,15.52631579,2.373737374,4.444444444,1.608187135,-7.222222222,9.166666667,-27.22222222,0.381,1.3208,4.318,18.88888889,3.849206349,19.16666667,0.6858,18.25925926,4.666666667,21.94444444,1.3208
2005,CP,VAIR05,CP VAIR05,M,5/30/2005,2005150,5/4/2005,2005124,28,26,26.4,24.9,36.4,13.3,13.7,78.5,11.5,157.55,245.7,42.1,59,195,117,63,410,17.17171717,16.66666667,15.29239766,2.727272727,4.949494949,1.754385965,-0.555555556,8.888888889,-28.05555556,0.3556,1.3462,4.445,19.08730159,4.047619048,21.94444444,0.762,17.66666667,4.777777778,18.33333333,1.524
2005,DO,VAIR05,DO VAIR05,F,5/30/2005,2005150,5/3/2005,2005123,28,27,27.1,22.9,34.3,13.7,12.5,76.6,11.4,142.5,224.665,42.3,59.9,183,127,73,358,16.31313131,17.22222222,15.52631579,2.373737374,4.444444444,1.608187135,-7.222222222,9.166666667,-27.22222222,0.381,1.3208,4.318,18.88888889,3.849206349,19.16666667,0.6858,18.25925926,4.666666667,21.94444444,1.3208
2005,ZT,VAIR05,ZT VAIR05,F,5/30/2005,2005150,5/4/2005,2005124,28,26,26.1,22.6,35.5,13.3,12.2,76.1,12.9,157.38,226.3125,40.6,59.4,169,110,61,360,17.17171717,16.66666667,15.29239766,2.727272727,4.949494949,1.754385965,-0.555555556,8.888888889,-28.05555556,0.3556,1.3462,4.445,19.08730159,4.047619048,21.94444444,0.762,17.66666667,4.777777778,18.33333333,1.524
2005,KK,WILG05,KK WILG05,F,5/19/2005,2005139,4/23/2005,2005113,27,26,26,22.5,36.9,13.5,12.7,77.1,14.4,182.88,241.695,40.2,59.3,168,112,56,370,13.08080808,17.17171717,16.43274854,2.272727273,2.727272727,-0.321637427,-25.55555556,-0.555555556,-36.94444444,3.8354,0.3556,1.905,15.07936508,2.738095238,-15.27777778,0.8128,15.7037037,2.518518519,-13.33333333,0.8636
2005,LJ,WILG05,LJ WILG05,F,5/19/2005,2005139,4/23/2005,2005113,27,26,26.4,22.9,36.5,12.8,12.3,77.4,13.6,167.28,229.0375,40.9,61.4,173,115,66,405,13.08080808,17.17171717,16.43274854,2.272727273,2.727272727,-0.321637427,-25.55555556,-0.555555556,-36.94444444,3.8354,0.3556,1.905,15.07936508,2.738095238,-15.27777778,0.8128,15.7037037,2.518518519,-13.33333333,0.8636
2005,MI,WILG05,MI WILG05,F,5/19/2005,2005139,4/23/2005,2005113,27,26,25.7,22.3,33.6,12.6,12.7,74.6,11.3,143.51,212.52,41,59.8,166,105,52,372,13.08080808,17.17171717,16.43274854,2.272727273,2.727272727,-0.321637427,-25.55555556,-0.555555556,-36.94444444,3.8354,0.3556,1.905,15.07936508,2.738095238,-15.27777778,0.8128,15.7037037,2.518518519,-13.33333333,0.8636
2005,NH,WILG05,NH WILG05,F,5/19/2005,2005139,4/23/2005,2005113,27,26,26.4,23.3,35.4,12.8,12.7,76.7,12.1,153.67,225.675,41.3,59.5,174,112,67,397,13.08080808,17.17171717,16.43274854,2.272727273,2.727272727,-0.321637427,-25.55555556,-0.555555556,-36.94444444,3.8354,0.3556,1.905,15.07936508,2.738095238,-15.27777778,0.8128,15.7037037,2.518518519,-13.33333333,0.8636
2005,OG,WILG05,OG WILG05,M,5/19/2005,2005139,4/22/2005,2005112,27,27,26.7,24.7,39,12.7,13.8,82.1,14.3,197.34,258.375,43.1,63.6,183,121,68,445,13.13131313,16.31313131,15.73099415,2.121212121,2.373737374,-0.321637427,-26.11111111,-7.222222222,-43.61111111,3.6322,0.381,2.2352,14.52380952,2.301587302,-22.22222222,0.8636,15.25925926,2.259259259,-18.61111111,0.6858
2005,AS,WWCK05,AS WWCK05,M,5/23/2005,2005143,4/26/2005,2005116,29,27,26.5,23.3,36.7,12.6,13.9,77.8,13.4,186.26,243.1375,41.1,58.3,171,118,66,440,12.47474747,19.39393939,15.61403509,1.919191919,4.090909091,-0.292397661,-30.83333333,19.16666667,-44.44444444,0.889,0.6858,4.0386,15.87301587,2.420634921,-11.94444444,0.8128,17.03703704,2.888888889,-0.555555556,1.0668
2005,WX,WWCK05,WX WWCK05,M,5/23/2005,2005143,4/25/2005,2005115,29,28,27.7,25,39.6,12.4,14.1,83.7,14.6,205.86,262.35,44.1,64.1,199,141,74,431,11.66666667,19.5959596,16.40350877,1.717171717,4.343434343,-0.029239766,-36.38888889,21.66666667,-34.44444444,1.016,0.6858,4.0132,15.47619048,2.53968254,-13.88888889,0.6858,17,3,-1.67E-15,1.0922
2005,XW,WWCK05,XW WWCK05,M,5/23/2005,2005143,4/25/2005,2005115,29,28,27.5,24.2,37.1,13,14,81.6,12.9,180.6,250.425,44.5,60,189,131,79,424,11.66666667,19.5959596,16.40350877,1.717171717,4.343434343,-0.029239766,-36.38888889,21.66666667,-34.44444444,1.016,0.6858,4.0132,15.47619048,2.53968254,-13.88888889,0.6858,17,3,-1.67E-15,1.0922
2005,YV,WWCK05,YV WWCK05,U,5/23/2005,2005143,4/26/2005,2005116,29,27,27.4,25.3,39.4,13.5,14.6,83.2,14.1,205.86,276.785,43.8,62.5,192,135,74,441,12.47474747,19.39393939,15.61403509,1.919191919,4.090909091,-0.292397661,-30.83333333,19.16666667,-44.44444444,0.889,0.6858,4.0386,15.87301587,2.420634921,-11.94444444,0.8128,17.03703704,2.888888889,-0.555555556,1.0668
2005,ZU,WWCK05,ZU WWCK05,F,5/23/2005,2005143,4/26/2005,2005116,29,27,27.3,23.5,35.1,11.7,13.1,77.5,11.6,151.96,217.62,42.4,56.6,188,130,75,405,12.47474747,19.39393939,15.61403509,1.919191919,4.090909091,-0.292397661,-30.83333333,19.16666667,-44.44444444,0.889,0.6858,4.0386,15.87301587,2.420634921,-11.94444444,0.8128,17.03703704,2.888888889,-0.555555556,1.0668
2006,PY,ARRO06,PY ARRO06,F,5/23/2006,2006143,4/27/2006,2006117,27,26,26.2,21.4,32.1,13.2,12.8,73.3,10.7,136.96,208.65,41.2,54.5,158,116,56,318,17.72727273,19.29292929,14.8245614,0.555555556,7.575757576,1.783625731,-9.444444444,37.77777778,-32.22222222,0.0762,3.3528,2.0828,19.92063492,5.198412698,35.83333333,2.8194,19.03703704,6.296296296,40,3.429
2006,QX,ARRO06,QX ARRO06,F,5/23/2006,2006143,4/27/2006,2006117,27,26,26.4,21.6,33,12.6,12,73.1,11.4,136.8,202.95,40.1,54.3,169,115,65,327,17.72727273,19.29292929,14.8245614,0.555555556,7.575757576,1.783625731,-9.444444444,37.77777778,-32.22222222,0.0762,3.3528,2.0828,19.92063492,5.198412698,35.83333333,2.8194,19.03703704,6.296296296,40,3.429
2006,RW,ARRO06,RW ARRO06,M,5/23/2006,2006143,4/28/2006,2006118,26,25,24.8,19.3,30.6,12.5,11.3,70.6,11.3,127.69,182.07,40,53.6,141,86,37,283,17.92929293,19.39393939,15.38011696,0.656565657,7.676767677,1.929824561,-7.777777778,38.88888889,-25.55555556,0.0762,3.556,2.0828,19.32539683,5.793650794,35.83333333,3.429,19,6.222222222,39.16666667,3.6322
2006,SV,ARRO06,SV ARRO06,F,5/23/2006,2006143,4/28/2006,2006118,26,25,25.4,20.6,31,12.3,11.6,72.8,10.4,120.64,185.225,41.8,55.8,154,101,45,317,17.92929293,19.39393939,15.38011696,0.656565657,7.676767677,1.929824561,-7.777777778,38.88888889,-25.55555556,0.0762,3.556,2.0828,19.32539683,5.793650794,35.83333333,3.429,19,6.222222222,39.16666667,3.6322
2006,TU,ARRO06,TU ARRO06,M,5/23/2006,2006143,4/27/2006,2006117,27,26,26.3,21.8,33.8,13.6,12.1,75.6,12,145.2,217.165,41.8,59.1,172,116,62,360,17.72727273,19.29292929,14.8245614,0.555555556,7.575757576,1.783625731,-9.444444444,37.77777778,-32.22222222,0.0762,3.3528,2.0828,19.92063492,5.198412698,35.83333333,2.8194,19.03703704,6.296296296,40,3.429
2006,KF,BIRN06,KF BIRN06,F,5/16/2006,2006136,4/19/2006,2006109,27,27,26.5,22.9,35.2,13,12.8,76.2,12.3,157.44,227.04,41,60.6,175,119,65,423,14.8989899,19.5959596,13.15789474,0.808080808,2.373737374,0.964912281,-23.61111111,10.83333333,-55.83333333,1.4986,0.0762,3.0226,16.74603175,0.753968254,-17.5,0.381,17.96296296,0.925925926,-8.333333333,0.2286
2006,LE,BIRN06,LE BIRN06,F,5/16/2006,2006136,4/18/2006,2006108,28,28,27.5,23.4,35.6,12.4,13.2,76.4,12.2,161.04,227.84,40.8,55.4,184,139,73,395,15,18.68686869,13.33333333,1.111111111,1.616161616,1.023391813,-21.38888889,1.666666667,-53.61111111,1.4986,0.0762,3.0226,16.46825397,1.26984127,-15.83333333,1.1176,17.33333333,0.888888889,-13.33333333,0.2286
2006,MD,BIRN06,MD BIRN06,F,5/16/2006,2006136,4/19/2006,2006109,28,27,27.2,23.1,35.2,12.9,13.1,77.1,12.1,158.51,228.8,41.9,53.9,182,131,72,367,14.8989899,19.5959596,13.15789474,0.808080808,2.373737374,0.964912281,-23.61111111,10.83333333,-55.83333333,1.4986,0.0762,3.0226,16.74603175,0.753968254,-17.5,0.381,17.96296296,0.925925926,-8.333333333,0.2286
2006,doa,CARD06,doa CARD06,F,5/16/2006,2006136,4/18/2006,2006108,29,28,27.7,25.5,38.2,12.7,13.1,80.7,12.7,166.37,246.39,42.5,60.9,195,133,82,375,15,18.68686869,13.33333333,1.111111111,1.616161616,1.023391813,-21.38888889,1.666666667,-53.61111111,1.4986,0.0762,3.0226,16.46825397,1.26984127,-15.83333333,1.1176,17.33333333,0.888888889,-13.33333333,0.2286
2006,OB,CARD06,OB CARD06,F,5/16/2006,2006136,4/19/2006,2006109,29,27,27.4,24.3,38.1,13.3,13.6,79.8,13.8,187.68,256.2225,41.7,61.1,185,126,80,350,14.8989899,19.5959596,13.15789474,0.808080808,2.373737374,0.964912281,-23.61111111,10.83333333,-55.83333333,1.4986,0.0762,3.0226,16.74603175,0.753968254,-17.5,0.381,17.96296296,0.925925926,-8.333333333,0.2286
2006,PA,CARD06,PA CARD06,F,5/16/2006,2006136,4/19/2006,2006109,28,27,26.8,24,36.5,13.2,13.1,78.2,12.5,163.75,239.9875,41.7,60.9,177,118,72,370,14.8989899,19.5959596,13.15789474,0.808080808,2.373737374,0.964912281,-23.61111111,10.83333333,-55.83333333,1.4986,0.0762,3.0226,16.74603175,0.753968254,-17.5,0.381,17.96296296,0.925925926,-8.333333333,0.2286
2006,AN,CCLI06,AN CCLI06,F,5/22/2006,2006142,4/25/2006,2006115,27,27,26.5,21.4,35.4,12.2,13.4,75.7,14,187.6,226.56,40.3,56.1,171,116,67,354,17.37373737,18.88888889,14.23976608,0.202020202,6.464646465,1.783625731,-13.33333333,29.44444444,-37.77777778,0.1524,3.429,2.921,20.03968254,3.968253968,28.05555556,2.7432,19.55555556,5.444444444,37.5,3.429
2006,BM,CCLI06,BM CCLI06,M,5/22/2006,2006142,4/26/2006,2006116,26,26,25.7,20.4,33.2,12.6,13.4,72.8,12.8,171.52,215.8,39.6,55.2,158,104,52,357,17.97979798,18.53535354,14.44444444,0.454545455,6.515151515,1.666666667,-8.611111111,27.77777778,-36.94444444,0.1524,3.429,3.0734,20.35714286,4.841269841,36.38888889,2.8194,19.03703704,5.851851852,36.66666667,3.429
2006,TX,CLAR06,TX CLAR06,M,5/12/2006,2006132,4/16/2006,2006106,26,26,26.3,23.6,35.5,13.05,13.4,75.7,11.9,159.46,234.74375,40.2,62.9,174,110,65,480,15,17.72727273,13.47953216,1.666666667,0.555555556,0.847953216,-18.33333333,-9.444444444,-53.88888889,1.4986,0.0762,3.0226,16.50793651,0.952380952,-17.77777778,1.4986,16.07407407,0.962962963,-22.22222222,1.1938
2006,UW,CLAR06,UW CLAR06,F,5/12/2006,2006132,4/16/2006,2006106,25,26,25.8,21.7,32.4,11.8,13,74.3,10.7,139.1,200.88,41.9,61.6,163,105,55,410,15,17.72727273,13.47953216,1.666666667,0.555555556,0.847953216,-18.33333333,-9.444444444,-53.88888889,1.4986,0.0762,3.0226,16.50793651,0.952380952,-17.77777778,1.4986,16.07407407,0.962962963,-22.22222222,1.1938
2006,VV,CLAR06,VV CLAR06,F,5/12/2006,2006132,4/16/2006,2006106,26,26,26.1,22.4,34.5,12.4,13.6,75.2,12.1,164.56,224.25,40.7,61.8,168,105,64,397,15,17.72727273,13.47953216,1.666666667,0.555555556,0.847953216,-18.33333333,-9.444444444,-53.88888889,1.4986,0.0762,3.0226,16.50793651,0.952380952,-17.77777778,1.4986,16.07407407,0.962962963,-22.22222222,1.1938
2006,QW,CUGO06,QW CUGO06,M,6/6/2006,2006157,5/12/2006,2006132,25,25,24.7,20.9,33,13.9,12.5,71.8,12.1,151.25,217.8,38.8,58.3,138,77,38,373,16.66666667,23.23232323,17.83625731,6.666666667,10.65656566,2.339181287,18.33333333,76.38888889,1.666666667,4.1148,5.7404,3.048,18.29365079,6.865079365,36.11111111,2.794,20.85185185,8.740740741,71.94444444,6.5024
2006,FJ,DBAR06,FJ DBAR06,M,5/19/2006,2006139,4/22/2006,2006112,27,27,27,24.1,37.7,12.7,13.4,80.5,13.6,182.24,245.9925,42.8,62.9,183,123,75,460,15.55555556,19.84848485,13.85964912,0.505050505,4.949494949,0.67251462,-21.66666667,26.38888889,-51.94444444,1.4986,2.7432,2.7178,18.29365079,1.30952381,-2.777777778,0.0762,19.48148148,3.407407407,21.66666667,2.7432
2006,JF,DBAR06,JF DBAR06,F,5/19/2006,2006139,4/23/2006,2006113,27,26,26.3,22.3,35.5,12.6,12.3,75.7,13.2,162.36,220.9875,40.2,57,168,107,68,382,15.25252525,20.1010101,13.30409357,0.303030303,5.656565657,0.847953216,-24.44444444,31.66666667,-55.55555556,1.1176,2.8194,2.921,18.96825397,2.103174603,7.5,0.0762,20.14814815,4.333333333,33.61111111,2.8194
2006,LD,DBAR06,LD DBAR06,M,5/19/2006,2006139,4/23/2006,2006113,26,26,25.7,22.2,33.8,13.6,13.6,75.9,11.6,157.76,229.84,42.1,58.2,166,104,52,404,15.25252525,20.1010101,13.30409357,0.303030303,5.656565657,0.847953216,-24.44444444,31.66666667,-55.55555556,1.1176,2.8194,2.921,18.96825397,2.103174603,7.5,0.0762,20.14814815,4.333333333,33.61111111,2.8194
2006,NB,DBAR06,NB DBAR06,F,5/19/2006,2006139,4/22/2006,2006112,27,27,26.8,22.6,36,14.7,13.5,76.9,13.4,180.9,253.8,40.9,58.5,170,118,74,380,15.55555556,19.84848485,13.85964912,0.505050505,4.949494949,0.67251462,-21.66666667,26.38888889,-51.94444444,1.4986,2.7432,2.7178,18.29365079,1.30952381,-2.777777778,0.0762,19.48148148,3.407407407,21.66666667,2.7432
2006,MA,DOG206,MA DOG206,F,6/5/2006,2006156,5/8/2006,2006128,29,28,28.3,25,31.8,13.4,13.7,79.7,6.8,93.16,215.445,47.9,59.1,199,140,90,377,19.29292929,17.42424242,16.9005848,7.575757576,6.060606061,1.198830409,37.77777778,19.16666667,-18.05555556,3.3528,2.54,1.5748,16.70634921,5.992063492,18.88888889,1.6002,17.07407407,6.592592593,27.5,3.1496
2006,NZ,DOG206,NZ DOG206,U,6/5/2006,2006156,5/8/2006,2006128,29,28,27.7,23.2,34.7,12.3,12.7,77.1,11.5,146.05,216.875,42.4,59.8,195,131,83,373,19.29292929,17.42424242,16.9005848,7.575757576,6.060606061,1.198830409,37.77777778,19.16666667,-18.05555556,3.3528,2.54,1.5748,16.70634921,5.992063492,18.88888889,1.6002,17.07407407,6.592592593,27.5,3.1496
2006,OY,DOG206,OY DOG206,U,6/5/2006,2006156,5/9/2006,2006129,29,27,26.6,22.8,34.2,13.6,13.1,74.5,11.4,149.34,228.285,40.3,57.8,177,118,67,397,19.39393939,18.48484848,17.07602339,7.676767677,7.121212121,1.520467836,38.88888889,30.83333333,-13.33333333,3.556,2.5908,1.5748,16.66666667,6.428571429,21.66666667,3.175,18.03703704,7,37.77777778,3.4036
2006,CQ,ECRI06,CQ ECRI06,F,5/7/2006,2006127,4/12/2006,2006102,23,25,24.9,21.1,31.7,12.8,13.1,73.6,10.6,138.86,205.2575,41.9,57.3,138,85,40,343,17.72727273,15.25252525,10.84795322,3.434343434,0.303030303,-1.374269006,6.388888889,-24.44444444,-100,0.9652,1.1176,2.8448,14.64285714,0.198412698,-36.11111111,1.4986,16.33333333,0.777777778,-21.66666667,1.4986
2006,DP,ECRI06,DP ECRI06,M,5/7/2006,2006127,4/12/2006,2006102,23,25,25,21.4,35.3,13.8,13.3,75.6,13.9,184.87,239.1575,40.3,57.1,144,85,43,396,17.72727273,15.25252525,10.84795322,3.434343434,0.303030303,-1.374269006,6.388888889,-24.44444444,-100,0.9652,1.1176,2.8448,14.64285714,0.198412698,-36.11111111,1.4986,16.33333333,0.777777778,-21.66666667,1.4986
2006,BO,FOWA06,BO FOWA06,M,5/15/2006,2006135,4/19/2006,2006109,25,26,25.7,22.8,35.7,12.5,12.8,77.4,12.9,165.12,225.8025,41.7,61,160,100,58,454,14.8989899,19.5959596,13.15789474,0.808080808,2.373737374,0.964912281,-23.61111111,10.83333333,-55.83333333,1.4986,0.0762,3.0226,16.74603175,0.753968254,-17.5,0.381,17.96296296,0.925925926,-8.333333333,0.2286
2006,AQ,HAPA06,AQ HAPA06,F,5/8/2006,2006128,4/13/2006,2006103,24,25,25,20.8,33.9,12.6,12.4,73.8,13.1,162.44,211.875,39.9,59.4,150,89,42,385,16.36363636,16.41414141,11.69590643,3.535353535,0.303030303,-0.67251462,-0.555555556,-18.05555556,-85.27777778,1.778,0.3048,2.7178,15.43650794,0.595238095,-27.77777778,1.4986,16.62962963,0.925925926,-18.33333333,1.4986
2006,BP,HAPA06,BP HAPA06,M,5/8/2006,2006128,4/13/2006,2006103,24,25,25,20.8,33.8,13.4,13.6,74.6,13,176.8,228.15,40.8,56.6,146,89,39,442,16.36363636,16.41414141,11.69590643,3.535353535,0.303030303,-0.67251462,-0.555555556,-18.05555556,-85.27777778,1.778,0.3048,2.7178,15.43650794,0.595238095,-27.77777778,1.4986,16.62962963,0.925925926,-18.33333333,1.4986
2006,CO,HAPA06,CO HAPA06,F,5/8/2006,2006128,4/13/2006,2006103,24,25,25.3,21.2,34.4,11.8,13.1,73.7,13.2,172.92,214.14,39.3,59,151,94,47,387,16.36363636,16.41414141,11.69590643,3.535353535,0.303030303,-0.67251462,-0.555555556,-18.05555556,-85.27777778,1.778,0.3048,2.7178,15.43650794,0.595238095,-27.77777778,1.4986,16.62962963,0.925925926,-18.33333333,1.4986
2006,GK,HAPA06,GK HAPA06,M,5/8/2006,2006128,4/13/2006,2006103,24,25,25.4,21.8,36,13.4,13.6,75.1,14.2,193.12,243,39.1,61.5,155,98,48,425,16.36363636,16.41414141,11.69590643,3.535353535,0.303030303,-0.67251462,-0.555555556,-18.05555556,-85.27777778,1.778,0.3048,2.7178,15.43650794,0.595238095,-27.77777778,1.4986,16.62962963,0.925925926,-18.33333333,1.4986
2006,IE,HAW206,IE HAW206,M,5/31/2006,2006151,5/4/2006,2006124,28,27,26.5,23.4,36.6,13.5,13.6,78.3,13.2,179.52,247.965,41.7,61.1,180,121,63,350,20.1010101,15.3030303,16.11111111,5.656565657,5.151515152,0.906432749,31.66666667,2.5,-28.33333333,2.8194,1.3716,1.4986,17.97619048,6.825396825,33.61111111,4.1148,17,6.37037037,25.27777778,4.1148
2006,JD,HAW206,JD HAW206,F,5/31/2006,2006151,5/5/2006,2006125,28,26,26.3,22.4,34.5,12.8,12.9,74.4,12.1,156.09,221.6625,39.9,56.2,169,113,65,317,19.7979798,15.85858586,16.4619883,6.060606061,5.303030303,0.877192982,32.22222222,6.388888889,-25.27777778,2.8194,1.524,1.4986,17.1031746,6.547619048,25.55555556,4.1148,16.81481481,6.259259259,23.05555556,4.2672
2006,KC,HAW206,KC HAW206,M,5/31/2006,2006151,5/4/2006,2006124,28,27,26.7,23.1,35.3,13.3,13.4,78.9,12.2,163.48,235.6275,43.6,62,185,124,66,390,20.1010101,15.3030303,16.11111111,5.656565657,5.151515152,0.906432749,31.66666667,2.5,-28.33333333,2.8194,1.3716,1.4986,17.97619048,6.825396825,33.61111111,4.1148,17,6.37037037,25.27777778,4.1148
2006,LB,HAW206,LB HAW206,F,5/31/2006,2006151,5/3/2006,2006123,28,28,27.6,23.6,35.6,14.5,13.7,77.7,12,164.4,250.98,42.1,60.9,195,134,80,389,19.84848485,15.35353535,15.84795322,4.949494949,5.505050505,1.081871345,26.38888889,4.722222222,-29.16666667,2.7432,1.4478,1.9304,18.41269841,6.746031746,36.11111111,3.9624,17.03703704,6.259259259,24.72222222,4.1148
2006,doa,JUDD06,doa JUDD06,F,6/12/2006,2006163,5/17/2006,2006137,25,26,26.2,21.4,35.4,13.8,13,73.6,14,182,237.18,38.2,54.6,164,118,54,315,16.46464646,23.88888889,18.91812865,5.757575758,11.96969697,4.444444444,12.22222222,87.22222222,31.94444444,2.4892,7.2898,3.429,21.58730159,10.23809524,82.77777778,8.7884,22.88888889,10.88888889,103.3333333,9.017
2006,HJ,LOCO06,HJ LOCO06,F,5/10/2006,2006130,4/15/2006,2006105,25,25,25.2,20.2,31.7,12.9,11.8,71.5,11.5,135.7,195.7475,39.8,56.2,144,92,47,327,15.1010101,17.97979798,13.01169591,2.727272727,0.454545455,0.350877193,-11.94444444,-8.611111111,-63.05555556,1.778,0.1524,3.0226,16.42857143,0.714285714,-20,1.4986,16.85185185,1.444444444,-12.77777778,1.4986
2006,II,LOCO06,II LOCO06,F,5/10/2006,2006130,4/13/2006,2006103,27,27,26.8,23,37.5,12.2,12.2,77.6,14.5,176.9,228.75,40.1,60.7,177,119,71,432,16.36363636,16.41414141,11.69590643,3.535353535,0.303030303,-0.67251462,-0.555555556,-18.05555556,-85.27777778,1.778,0.3048,2.7178,15.43650794,0.595238095,-27.77777778,1.4986,16.62962963,0.925925926,-18.33333333,1.4986
2006,JH,LOCO06,JH LOCO06,M,5/10/2006,2006130,4/13/2006,2006103,27,27,26.7,23,38,13.5,13.3,79.5,15,199.5,254.6,41.5,63,178,121,68,425,16.36363636,16.41414141,11.69590643,3.535353535,0.303030303,-0.67251462,-0.555555556,-18.05555556,-85.27777778,1.778,0.3048,2.7178,15.43650794,0.595238095,-27.77777778,1.4986,16.62962963,0.925925926,-18.33333333,1.4986
2006,KG,LOCO06,KG LOCO06,F,5/10/2006,2006130,4/13/2006,2006103,27,27,27.1,23,35.8,12.6,12.5,77.4,12.8,160,224.645,41.6,58.4,179,125,75,380,16.36363636,16.41414141,11.69590643,3.535353535,0.303030303,-0.67251462,-0.555555556,-18.05555556,-85.27777778,1.778,0.3048,2.7178,15.43650794,0.595238095,-27.77777778,1.4986,16.62962963,0.925925926,-18.33333333,1.4986
2006,LF,LOCO06,LF LOCO06,F,5/10/2006,2006130,4/13/2006,2006103,27,27,26.6,22.1,33.8,13,13.1,75.7,11.7,153.27,220.545,41.9,59.6,169,115,71,316,16.36363636,16.41414141,11.69590643,3.535353535,0.303030303,-0.67251462,-0.555555556,-18.05555556,-85.27777778,1.778,0.3048,2.7178,15.43650794,0.595238095,-27.77777778,1.4986,16.62962963,0.925925926,-18.33333333,1.4986
2006,ME,LOCO06,ME LOCO06,F,5/10/2006,2006130,4/14/2006,2006104,27,26,26.1,22.5,34.8,12.2,11.8,73.7,12.3,145.14,208.8,38.9,56.9,162,108,63,335,15.65656566,17.37373737,12.54385965,2.929292929,0.202020202,-0.350877193,-7.777777778,-13.33333333,-74.16666667,1.778,0.1524,2.5908,16.15079365,0.714285714,-21.94444444,1.4986,17.03703704,1.185185185,-13.33333333,1.4986
2006,XQ,LRI206,XQ LRI206,M,5/25/2006,2006145,4/28/2006,2006118,28,27,27.4,22.7,35.8,12.1,13,79.3,13.1,170.3,224.645,43.5,61,195,134,73,402,17.92929293,19.39393939,15.38011696,0.656565657,7.676767677,1.929824561,-7.777777778,38.88888889,-25.55555556,0.0762,3.556,2.0828,19.32539683,5.793650794,35.83333333,3.429,19,6.222222222,39.16666667,3.6322
2006,DM,MAWA06,DM MAWA06,M,5/15/2006,2006135,4/18/2006,2006108,27,27,26.6,24.5,37.5,14.6,13.6,81.1,13,176.8,264.375,43.6,64.5,184,121,66,403,15,18.68686869,13.33333333,1.111111111,1.616161616,1.023391813,-21.38888889,1.666666667,-53.61111111,1.4986,0.0762,3.0226,16.46825397,1.26984127,-15.83333333,1.1176,17.33333333,0.888888889,-13.33333333,0.2286
2006,EL,MAWA06,EL MAWA06,M,5/15/2006,2006135,4/18/2006,2006108,27,27,26.9,23.5,36.5,13.8,13.6,78.2,13,176.8,250.025,41.7,63.8,182,123,70,407,15,18.68686869,13.33333333,1.111111111,1.616161616,1.023391813,-21.38888889,1.666666667,-53.61111111,1.4986,0.0762,3.0226,16.46825397,1.26984127,-15.83333333,1.1176,17.33333333,0.888888889,-13.33333333,0.2286
2006,FK,MAWA06,FK MAWA06,F,5/15/2006,2006135,4/18/2006,2006108,27,27,26.8,24.2,35.7,12.6,12.1,79,11.5,139.15,220.4475,43.3,62.7,177,120,72,387,15,18.68686869,13.33333333,1.111111111,1.616161616,1.023391813,-21.38888889,1.666666667,-53.61111111,1.4986,0.0762,3.0226,16.46825397,1.26984127,-15.83333333,1.1176,17.33333333,0.888888889,-13.33333333,0.2286
2006,HI,MMUR06,HI MMUR06,F,5/16/2006,2006136,4/19/2006,2006109,28,27,27.4,23.7,36.6,13,13.5,78.6,12.9,174.15,242.475,42,61.5,184,129,79,400,14.8989899,19.5959596,13.15789474,0.808080808,2.373737374,0.964912281,-23.61111111,10.83333333,-55.83333333,1.4986,0.0762,3.0226,16.74603175,0.753968254,-17.5,0.381,17.96296296,0.925925926,-8.333333333,0.2286
2006,IH,MMUR06,IH MMUR06,F,5/16/2006,2006136,4/21/2006,2006111,27,25,25.4,21.7,33.2,12.8,12,74.5,11.5,138,205.84,41.3,57.2,159,101,46,310,15.45454545,19.94949495,13.33333333,0.656565657,4.292929293,0.497076023,-21.38888889,23.33333333,-58.61111111,1.4986,2.7432,2.3368,17.6984127,0.714285714,-11.11111111,0.2286,18.92592593,2.62962963,11.66666667,2.7432
2006,UX,MNDY06,UX MNDY06,F,5/7/2006,2006127,4/11/2006,2006101,24,26,25.5,21.7,33.8,13.9,12.5,72.9,12.1,151.25,223.08,39.1,58.4,155,89.8,58,385,16.96969697,15.55555556,9.766081871,2.929292929,0.505050505,-1.871345029,-0.555555556,-21.66666667,-115,0.5842,1.4986,2.8448,14.68253968,0.753968254,-31.94444444,1.4986,15.92592593,0.592592593,-26.11111111,1.4986
2006,XU,MNDY06,XU MNDY06,F,5/7/2006,2006127,4/12/2006,2006102,23,25,24.9,20.8,34.1,12.2,12.2,71.9,13.3,162.26,208.01,37.8,58.2,135,80,46,375,17.72727273,15.25252525,10.84795322,3.434343434,0.303030303,-1.374269006,6.388888889,-24.44444444,-100,0.9652,1.1176,2.8448,14.64285714,0.198412698,-36.11111111,1.4986,16.33333333,0.777777778,-21.66666667,1.4986
2006,ZS,MNDY06,ZS MNDY06,M,5/7/2006,2006127,4/11/2006,2006101,24,26,25.6,22.6,36.4,13.1,12.6,77,13.8,173.88,233.87,40.6,60.3,158,98,55,412,16.96969697,15.55555556,9.766081871,2.929292929,0.505050505,-1.871345029,-0.555555556,-21.66666667,-115,0.5842,1.4986,2.8448,14.68253968,0.753968254,-31.94444444,1.4986,15.92592593,0.592592593,-26.11111111,1.4986
2006,EI,NBU206,EI NBU206,M,5/30/2006,2006150,5/3/2006,2006123,28,27,27.1,23.6,35.8,13.3,13.4,80.5,12.2,163.48,238.965,44.7,60,185,128,71,412,19.84848485,15.35353535,15.84795322,4.949494949,5.505050505,1.081871345,26.38888889,4.722222222,-29.16666667,2.7432,1.4478,1.9304,18.41269841,6.746031746,36.11111111,3.9624,17.03703704,6.259259259,24.72222222,4.1148
2006,FH,NBU206,FH NBU206,M,5/30/2006,2006150,5/3/2006,2006123,28,27,26.5,24.2,35.8,13,12.8,78.9,11.6,148.48,230.91,43.1,60.4,177,117,65,374,19.84848485,15.35353535,15.84795322,4.949494949,5.505050505,1.081871345,26.38888889,4.722222222,-29.16666667,2.7432,1.4478,1.9304,18.41269841,6.746031746,36.11111111,3.9624,17.03703704,6.259259259,24.72222222,4.1148
2006,GG,NBU206,GG NBU206,F,5/30/2006,2006150,5/3/2006,2006123,28,27,27.3,22.8,35.2,12.7,13.6,76.4,12.4,168.64,231.44,41.2,58.8,187,129,77,345,19.84848485,15.35353535,15.84795322,4.949494949,5.505050505,1.081871345,26.38888889,4.722222222,-29.16666667,2.7432,1.4478,1.9304,18.41269841,6.746031746,36.11111111,3.9624,17.03703704,6.259259259,24.72222222,4.1148
2006,HF,NBU206,HF NBU206,F,5/30/2006,2006150,5/4/2006,2006124,27,26,25.5,20.7,31.8,11.6,11.8,71.5,11.1,130.98,186.03,39.7,55.1,156,102,47,293,20.1010101,15.3030303,16.11111111,5.656565657,5.151515152,0.906432749,31.66666667,2.5,-28.33333333,2.8194,1.3716,1.4986,17.97619048,6.825396825,33.61111111,4.1148,17,6.37037037,25.27777778,4.1148
2006,VU,NEEL06,VU NEEL06,F,5/17/2006,2006137,4/22/2006,2006112,25,25,25,20.4,30.4,12.1,12.2,72.4,10,122,184.68,42,57.2,140,83,45,310,15.55555556,19.84848485,13.85964912,0.505050505,4.949494949,0.67251462,-21.66666667,26.38888889,-51.94444444,1.4986,2.7432,2.7178,18.29365079,1.30952381,-2.777777778,0.0762,19.48148148,3.407407407,21.66666667,2.7432
2006,WT,NEEL06,WT NEEL06,M,5/17/2006,2006137,4/21/2006,2006111,26,26,26.1,22.2,35.6,13.7,13.3,74.4,13.4,178.22,240.3,38.8,57.9,167,110,59,415,15.45454545,19.94949495,13.33333333,0.656565657,4.292929293,0.497076023,-21.38888889,23.33333333,-58.61111111,1.4986,2.7432,2.3368,17.6984127,0.714285714,-11.11111111,0.2286,18.92592593,2.62962963,11.66666667,2.7432
2006,XR,NMUR06,XR NMUR06,M,5/20/2006,2006140,4/24/2006,2006114,27,26,26.2,21.7,34.6,13.2,13.1,75.9,12.9,168.99,227.495,41.3,55.6,170,112,60,379,16.41414141,19.7979798,13.74269006,0.303030303,6.060606061,1.461988304,-18.05555556,32.22222222,-45.55555556,0.3048,2.8194,3.0734,19.32539683,3.095238095,16.94444444,2.7432,20.07407407,5.074074074,38.61111111,2.8194
2006,YQ,NMUR06,YQ NMUR06,M,5/20/2006,2006140,4/23/2006,2006113,27,27,26.6,22.6,35.5,14.1,12.9,76,12.9,166.41,239.625,40.5,57.8,176,118,67,357,15.25252525,20.1010101,13.30409357,0.303030303,5.656565657,0.847953216,-24.44444444,31.66666667,-55.55555556,1.1176,2.8194,2.921,18.96825397,2.103174603,7.5,0.0762,20.14814815,4.333333333,33.61111111,2.8194
2006,JE,ORHA06,JE ORHA06,M,5/23/2006,2006143,4/25/2006,2006115,29,28,27.6,24.9,37.9,14.6,14.4,82.8,13,187.2,274.775,44.9,63.5,192,133,81,478,17.37373737,18.88888889,14.23976608,0.202020202,6.464646465,1.783625731,-13.33333333,29.44444444,-37.77777778,0.1524,3.429,2.921,20.03968254,3.968253968,28.05555556,2.7432,19.55555556,5.444444444,37.5,3.429
2006,MB,ORHA06,MB ORHA06,M,5/23/2006,2006143,4/25/2006,2006115,29,28,27.9,25.2,39,14,14.9,83.7,13.8,205.62,281.775,44.7,63.6,197,137,84,477,17.37373737,18.88888889,14.23976608,0.202020202,6.464646465,1.783625731,-13.33333333,29.44444444,-37.77777778,0.1524,3.429,2.921,20.03968254,3.968253968,28.05555556,2.7432,19.55555556,5.444444444,37.5,3.429
2006,NA,ORHA06,NA ORHA06,F,5/23/2006,2006143,4/26/2006,2006116,28,27,27,23.1,34.4,14.1,13.6,78.7,11.3,153.68,238.22,44.3,60.7,185,124,72,425,17.97979798,18.53535354,14.44444444,0.454545455,6.515151515,1.666666667,-8.611111111,27.77777778,-36.94444444,0.1524,3.429,3.0734,20.35714286,4.841269841,36.38888889,2.8194,19.03703704,5.851851852,36.66666667,3.429
2006,OZ,ORHA06,OZ ORHA06,M,5/23/2006,2006143,4/26/2006,2006116,28,27,27.1,24.8,39.4,14.2,14.1,82.2,14.6,205.86,278.755,42.8,61.5,188,128,71,435,17.97979798,18.53535354,14.44444444,0.454545455,6.515151515,1.666666667,-8.611111111,27.77777778,-36.94444444,0.1524,3.429,3.0734,20.35714286,4.841269841,36.38888889,2.8194,19.03703704,5.851851852,36.66666667,3.429
2006,RY,PIHI06,RY PIHI06,F,5/17/2006,2006137,4/20/2006,2006110,28,27,26.8,21.8,33.9,12.4,11.5,76.9,12.1,139.15,202.5525,43,57.9,177,122,70,352,15.1010101,20.3030303,12.83625731,0.404040404,3.686868687,0.438596491,-24.72222222,21.94444444,-63.88888889,1.4986,0.0762,2.3622,17.02380952,0.476190476,-17.5,0.2286,18.74074074,2,5.555555556,0.0762
2006,SX,PIHI06,SX PIHI06,F,5/17/2006,2006137,4/20/2006,2006110,28,27,27.1,21.2,32.9,12,13.1,74.2,11.7,153.27,206.4475,41.3,56.4,184,134,65,380,15.1010101,20.3030303,12.83625731,0.404040404,3.686868687,0.438596491,-24.72222222,21.94444444,-63.88888889,1.4986,0.0762,2.3622,17.02380952,0.476190476,-17.5,0.2286,18.74074074,2,5.555555556,0.0762
2006,TW,PIHI06,TW PIHI06,F,5/17/2006,2006137,4/20/2006,2006110,28,27,27.4,23,34.3,12.3,12.9,77.6,11.3,145.77,216.09,43.3,58.2,189,132,77,401,15.1010101,20.3030303,12.83625731,0.404040404,3.686868687,0.438596491,-24.72222222,21.94444444,-63.88888889,1.4986,0.0762,2.3622,17.02380952,0.476190476,-17.5,0.2286,18.74074074,2,5.555555556,0.0762
2006,UV,PIHI06,UV PIHI06,F,5/17/2006,2006137,4/21/2006,2006111,27,26,26.3,20.6,32,13.2,12.7,72.9,11.4,144.78,207.2,40.9,56.5,178,118,60,345,15.45454545,19.94949495,13.33333333,0.656565657,4.292929293,0.497076023,-21.38888889,23.33333333,-58.61111111,1.4986,2.7432,2.3368,17.6984127,0.714285714,-11.11111111,0.2286,18.92592593,2.62962963,11.66666667,2.7432
2006,UU,ROWA06,UU ROWA06,F,5/20/2006,2006140,4/23/2006,2006113,27,27,26.7,23,35.9,11.5,13,75.4,12.9,167.7,219.8875,39.5,59.8,174,117,72,379,15.25252525,20.1010101,13.30409357,0.303030303,5.656565657,0.847953216,-24.44444444,31.66666667,-55.55555556,1.1176,2.8194,2.921,18.96825397,2.103174603,7.5,0.0762,20.14814815,4.333333333,33.61111111,2.8194
2006,VT,ROWA06,VT ROWA06,F,5/20/2006,2006140,4/23/2006,2006113,27,27,26.6,22.5,35.4,13.3,13.8,76.5,12.9,178.02,239.835,41.1,61.8,177,118,68,415,15.25252525,20.1010101,13.30409357,0.303030303,5.656565657,0.847953216,-24.44444444,31.66666667,-55.55555556,1.1176,2.8194,2.921,18.96825397,2.103174603,7.5,0.0762,20.14814815,4.333333333,33.61111111,2.8194
2006,WS,ROWA06,WS ROWA06,M,5/20/2006,2006140,4/24/2006,2006114,27,26,26.3,23.2,36.7,13.5,13.9,79.2,13.5,187.65,251.395,42.5,64,173,111,66,450,16.41414141,19.7979798,13.74269006,0.303030303,6.060606061,1.461988304,-18.05555556,32.22222222,-45.55555556,0.3048,2.8194,3.0734,19.32539683,3.095238095,16.94444444,2.7432,20.07407407,5.074074074,38.61111111,2.8194
2006,CM,SEPG06,CM SEPG06,F,5/18/2006,2006138,4/20/2006,2006110,29,28,27.9,23.7,36.1,12.3,11.8,78.7,12.4,146.32,217.5025,42.6,60.2,195,138,83,365,15.1010101,20.3030303,12.83625731,0.404040404,3.686868687,0.438596491,-24.72222222,21.94444444,-63.88888889,1.4986,0.0762,2.3622,17.02380952,0.476190476,-17.5,0.2286,18.74074074,2,5.555555556,0.0762
2006,ZQ,SEPG06,ZQ SEPG06,M,5/18/2006,2006138,4/20/2006,2006110,29,28,27.8,24.2,38.3,12.3,12.4,80.2,14.1,174.84,236.5025,41.9,60.8,194,134,84,405,15.1010101,20.3030303,12.83625731,0.404040404,3.686868687,0.438596491,-24.72222222,21.94444444,-63.88888889,1.4986,0.0762,2.3622,17.02380952,0.476190476,-17.5,0.2286,18.74074074,2,5.555555556,0.0762
2006,DJ,SLIM06,DJ SLIM06,F,5/26/2006,2006146,4/30/2006,2006120,26,26,25.8,21.7,32.6,13.8,12,74,10.9,130.8,210.27,41.4,58.4,158,101,58,420,19.5959596,17.87878788,15.73099415,2.373737374,7.474747475,1.871345029,10.83333333,29.44444444,-22.77777778,0.0762,3.9624,2.0828,19.00793651,6.468253968,38.33333333,3.429,17.88888889,6.074074074,29.72222222,4.0386
2006,CJ,SLO206,CJ SLO206,F,6/17/2006,2006168,5/22/2006,2006142,27,26,26.3,21.3,32.4,10.7,12.4,72.6,11.1,137.64,187.11,40.2,57.6,173,114,63,342,21.91919192,18.98989899,18.04093567,9.595959596,10.15151515,5.701754386,63.33333333,50.27777778,35.55555556,3.5052,7.4168,4.191,22.93650794,12.22222222,106.1111111,9.398,22.03703704,11.44444444,101.1111111,8.9916
2006,BL,SPRU06,BL SPRU06,F,5/25/2006,2006145,4/27/2006,2006117,30,28,27.9,22.3,33.9,12.4,12.6,75.4,11.6,146.16,211.875,41.5,54.3,193,135,85,362,17.72727273,19.29292929,14.8245614,0.555555556,7.575757576,1.783625731,-9.444444444,37.77777778,-32.22222222,0.0762,3.3528,2.0828,19.92063492,5.198412698,35.83333333,2.8194,19.03703704,6.296296296,40,3.429
2006,CK,SPRU06,CK SPRU06,M,5/25/2006,2006145,4/27/2006,2006117,30,28,27.5,22.9,37.4,11.5,12.7,79.3,14.5,184.15,226.27,41.9,56.4,190,133,77,385,17.72727273,19.29292929,14.8245614,0.555555556,7.575757576,1.783625731,-9.444444444,37.77777778,-32.22222222,0.0762,3.3528,2.0828,19.92063492,5.198412698,35.83333333,2.8194,19.03703704,6.296296296,40,3.429
2006,ND,STAD06,ND STAD06,M,5/10/2006,2006130,4/13/2006,2006103,26,27,26.5,23.9,37.7,13.7,13.6,77.2,13.8,187.68,257.3025,39.5,63,174,116,67,435,16.36363636,16.41414141,11.69590643,3.535353535,0.303030303,-0.67251462,-0.555555556,-18.05555556,-85.27777778,1.778,0.3048,2.7178,15.43650794,0.595238095,-27.77777778,1.4986,16.62962963,0.925925926,-18.33333333,1.4986
2006,OC,STAD06,OC STAD06,M,5/10/2006,2006130,4/14/2006,2006104,26,26,26,23.2,35.2,13.4,13.3,76.1,12,159.6,234.96,40.9,59.7,167,110,58,412,15.65656566,17.37373737,12.54385965,2.929292929,0.202020202,-0.350877193,-7.777777778,-13.33333333,-74.16666667,1.778,0.1524,2.5908,16.15079365,0.714285714,-21.94444444,1.4986,17.03703704,1.185185185,-13.33333333,1.4986
2006,PB,STAD06,PB STAD06,M,5/10/2006,2006130,4/14/2006,2006104,26,26,26.1,21.1,32.8,12.4,12.6,72.7,11.7,147.42,205,39.9,59,169,111,59,390,15.65656566,17.37373737,12.54385965,2.929292929,0.202020202,-0.350877193,-7.777777778,-13.33333333,-74.16666667,1.778,0.1524,2.5908,16.15079365,0.714285714,-21.94444444,1.4986,17.03703704,1.185185185,-13.33333333,1.4986
2006,SY,STAD06,SY STAD06,F,5/10/2006,2006130,4/15/2006,2006105,25,25,24.8,19.6,30.2,12.5,12.6,70.5,10.6,133.56,189.505,40.3,55.4,139,80,40,355,15.1010101,17.97979798,13.01169591,2.727272727,0.454545455,0.350877193,-11.94444444,-8.611111111,-63.05555556,1.778,0.1524,3.0226,16.42857143,0.714285714,-20,1.4986,16.85185185,1.444444444,-12.77777778,1.4986
2006,PZ,WILG06,PZ WILG06,F,5/19/2006,2006139,4/23/2006,2006113,26,26,26.4,22.8,35.2,12.7,13.1,76.4,12.4,162.44,227.04,41.2,57.7,172,111,68,393,15.25252525,20.1010101,13.30409357,0.303030303,5.656565657,0.847953216,-24.44444444,31.66666667,-55.55555556,1.1176,2.8194,2.921,18.96825397,2.103174603,7.5,0.0762,20.14814815,4.333333333,33.61111111,2.8194
2006,QY,WILG06,QY WILG06,M,5/19/2006,2006139,4/23/2006,2006113,26,26,26,22.5,35.6,13.8,13.4,77.8,13.1,175.54,242.08,42.2,64.9,173,108,58,437,15.25252525,20.1010101,13.30409357,0.303030303,5.656565657,0.847953216,-24.44444444,31.66666667,-55.55555556,1.1176,2.8194,2.921,18.96825397,2.103174603,7.5,0.0762,20.14814815,4.333333333,33.61111111,2.8194
2006,RX,WILG06,RX WILG06,F,5/19/2006,2006139,4/23/2006,2006113,26,26,25.7,21.8,35.6,12,12.9,74.6,13.8,178.02,221.61,39,60,161,103,55,402,15.25252525,20.1010101,13.30409357,0.303030303,5.656565657,0.847953216,-24.44444444,31.66666667,-55.55555556,1.1176,2.8194,2.921,18.96825397,2.103174603,7.5,0.0762,20.14814815,4.333333333,33.61111111,2.8194
2006,SW,WILG06,SW WILG06,F,5/19/2006,2006139,4/23/2006,2006113,26,26,26.1,24.1,36.1,12.5,13.4,78.6,12,160.8,233.7475,42.5,61.4,173,112,58,410,15.25252525,20.1010101,13.30409357,0.303030303,5.656565657,0.847953216,-24.44444444,31.66666667,-55.55555556,1.1176,2.8194,2.921,18.96825397,2.103174603,7.5,0.0762,20.14814815,4.333333333,33.61111111,2.8194
2006,TV,WILG06,TV WILG06,F,5/19/2006,2006139,4/24/2006,2006114,25,25,24.7,19.9,31.1,12.2,12.1,71.8,11.2,135.52,188.9325,40.7,58.9,142,80,35,360,16.41414141,19.7979798,13.74269006,0.303030303,6.060606061,1.461988304,-18.05555556,32.22222222,-45.55555556,0.3048,2.8194,3.0734,19.32539683,3.095238095,16.94444444,2.7432,20.07407407,5.074074074,38.61111111,2.8194
2006,UT,WKAY06,UT WKAY06,M,5/25/2006,2006145,4/29/2006,2006119,26,26,26.4,21.3,34.7,13.3,12.3,75.9,13.4,164.82,222.08,41.2,54.5,173,119,60,345,18.68686869,18.63636364,15.55555556,1.616161616,7.575757576,1.929824561,1.666666667,34.16666667,-23.88888889,0.0762,3.7084,2.0828,19.04761905,6.150793651,36.38888889,3.429,18.25925926,6.296296296,34.16666667,3.7846
2006,VS,WKAY06,VS WKAY06,M,5/25/2006,2006145,4/29/2006,2006119,26,26,25.9,22.3,34.5,13.2,12.5,76.9,12.2,152.5,221.6625,42.4,54.1,161,108,55,340,18.68686869,18.63636364,15.55555556,1.616161616,7.575757576,1.929824561,1.666666667,34.16666667,-23.88888889,0.0762,3.7084,2.0828,19.04761905,6.150793651,36.38888889,3.429,18.25925926,6.296296296,34.16666667,3.7846
2006,WR,WKAY06,WR WKAY06,F,5/25/2006,2006145,4/29/2006,2006119,25,26,25.6,20.6,32.2,12.2,12.7,72.5,11.6,147.32,200.445,40.3,52.8,156,104,50,308,18.68686869,18.63636364,15.55555556,1.616161616,7.575757576,1.929824561,1.666666667,34.16666667,-23.88888889,0.0762,3.7084,2.0828,19.04761905,6.150793651,36.38888889,3.429,18.25925926,6.296296296,34.16666667,3.7846
2006,GH,WWCK06,GH WWCK06,M,5/23/2006,2006143,4/25/2006,2006115,29,28,27.5,22.4,36.1,13.5,13.4,80.2,13.7,183.58,242.7725,44.1,63.4,193,130,80,485,17.37373737,18.88888889,14.23976608,0.202020202,6.464646465,1.783625731,-13.33333333,29.44444444,-37.77777778,0.1524,3.429,2.921,20.03968254,3.968253968,28.05555556,2.7432,19.55555556,5.444444444,37.5,3.429
2006,HG,WWCK06,HG WWCK06,F,5/23/2006,2006143,4/25/2006,2006115,29,28,27.6,22.3,35,13.2,13.5,78.4,12.7,171.45,233.625,43.4,60.8,191,133,81,424,17.37373737,18.88888889,14.23976608,0.202020202,6.464646465,1.783625731,-13.33333333,29.44444444,-37.77777778,0.1524,3.429,2.921,20.03968254,3.968253968,28.05555556,2.7432,19.55555556,5.444444444,37.5,3.429
2006,IF,WWCK06,IF WWCK06,M,5/23/2006,2006143,4/26/2006,2006116,28,27,26.7,22.8,36.7,13.9,13.9,80.3,13.9,193.21,255.065,43.6,62.8,181,120,68,475,17.97979798,18.53535354,14.44444444,0.454545455,6.515151515,1.666666667,-8.611111111,27.77777778,-36.94444444,0.1524,3.429,3.0734,20.35714286,4.841269841,36.38888889,2.8194,19.03703704,5.851851852,36.66666667,3.429
2007,MV,BIRC07,MV BIRC07,F,5/16/2007,2007136,4/19/2007,2007109,28,27,27.2,24.1,35,11.2,12,76.2,10.9,130.8,203,41.2,56.2,180,123,78,376,16.51515152,18.78787879,5.760233918,2.929292929,3.585858586,-1.929824561,-3.055555556,13.05555556,-153.6111111,2.3876,0.3302,6.3754,15.99206349,2.46031746,-10.83333333,2.7178,17.51851852,4.037037037,11.66666667,2.2352
2007,NU,BIRC07,NU BIRC07,F,5/16/2007,2007136,4/19/2007,2007109,28,27,26.5,22.9,35,11.5,11.7,75,12.1,141.57,203,40,56.5,175,118,64,377,16.51515152,18.78787879,5.760233918,2.929292929,3.585858586,-1.929824561,-3.055555556,13.05555556,-153.6111111,2.3876,0.3302,6.3754,15.99206349,2.46031746,-10.83333333,2.7178,17.51851852,4.037037037,11.66666667,2.2352
2007,OT,BIRC07,OT BIRC07,F,5/16/2007,2007136,4/20/2007,2007110,27,26,25.7,21,31.8,18.4,12.2,71.4,10.8,131.76,243.27,39.6,56.3,159,103,53,330,17.52525253,19.14141414,5.877192982,3.636363636,3.939393939,-1.959064327,6.388888889,16.94444444,-152.7777778,2.3876,1.1684,6.3754,15.63492063,2.380952381,-13.88888889,2.2352,18.37037037,4.777777778,23.61111111,1.9304
2007,PS,BIRC07,PS BIRC07,F,5/16/2007,2007136,4/19/2007,2007109,28,27,27,22.8,35.3,11.8,12.5,76.3,12.5,156.25,214.4475,41,57.6,175,125,73,395,16.51515152,18.78787879,5.760233918,2.929292929,3.585858586,-1.929824561,-3.055555556,13.05555556,-153.6111111,2.3876,0.3302,6.3754,15.99206349,2.46031746,-10.83333333,2.7178,17.51851852,4.037037037,11.66666667,2.2352
2007,AF,BROT07,AF BROT07,M,5/21/2007,2007141,4/23/2007,2007113,29,28,27.8,23.4,36.2,11.3,14,80.9,12.8,179.2,228.965,44.7,61.7,200,136,83,419,16.71717172,19.8989899,6.842105263,4.242424242,3.787878788,-1.988304094,5.277777778,20.27777778,-143.8888889,2.7178,0.8382,6.1976,18.53174603,4.801587302,23.33333333,1.8542,18.74074074,3.592592593,17.5,1.1684
2007,BE,BROT07,BE BROT07,M,5/21/2007,2007141,4/26/2007,2007116,27,25,25,21.4,33.2,12.1,12.1,74.6,11.8,142.78,200.86,41.4,57.8,161,92,37,385,15.3030303,21.71717172,9.298245614,2.676767677,6.313131313,-0.701754386,-11.11111111,44.16666667,-108.3333333,2.2352,1.4478,7.5692,18.76984127,3.333333333,14.72222222,1.1684,20.25925926,4.296296296,34.16666667,1.4478
2007,ZH,BROT07,ZH BROT07,M,5/21/2007,2007141,4/24/2007,2007114,29,27,27.1,23.2,34.7,11.5,13.4,77.6,11.5,154.1,216.0075,42.9,62.4,191,131,70,410,15.85858586,20.35353535,7.98245614,3.484848485,4.393939394,-1.432748538,-3.611111111,26.11111111,-127.7777778,2.7178,0.8382,6.4262,18.80952381,4.563492063,23.61111111,1.397,18.92592593,3.407407407,17.5,1.1684
2007,FC,CCLI07,FC CCLI07,F,5/15/2007,2007135,4/19/2007,2007109,25,26,25.6,19.9,31.4,11.9,12,71.8,11.5,138,187.615,40.4,58.4,156,96,57,387,16.51515152,18.78787879,5.760233918,2.929292929,3.585858586,-1.929824561,-3.055555556,13.05555556,-153.6111111,2.3876,0.3302,6.3754,15.99206349,2.46031746,-10.83333333,2.7178,17.51851852,4.037037037,11.66666667,2.2352
2007,QS,CLAR07,QS CLAR07,F,5/14/2007,2007134,4/17/2007,2007107,28,27,26.9,23.4,34.4,10.5,12.2,77,11,134.2,195.22,42.6,59.2,168,123,72,405,13.93939394,16.41414141,6.286549708,1.313131313,2.626262626,-2.397660819,-26.11111111,-5.277777778,-153.0555556,4.0132,1.016,6.223,16.98412698,3.134920635,0.833333333,2.7178,16.40740741,2.703703704,-6.666666667,2.7178
2007,RR,CLAR07,RR CLAR07,M,5/14/2007,2007134,4/17/2007,2007107,28,27,26.8,24.5,37.7,12.7,13.2,81.4,13.2,174.24,244.1075,43.7,63.5,183,119,73,425,13.93939394,16.41414141,6.286549708,1.313131313,2.626262626,-2.397660819,-26.11111111,-5.277777778,-153.0555556,4.0132,1.016,6.223,16.98412698,3.134920635,0.833333333,2.7178,16.40740741,2.703703704,-6.666666667,2.7178
2007,SQ,CLAR07,SQ CLAR07,M,5/14/2007,2007134,4/17/2007,2007107,28,27,27,24.5,36.8,12.1,12.9,80.2,12.3,158.67,230,43.4,60.7,187,125,73,440,13.93939394,16.41414141,6.286549708,1.313131313,2.626262626,-2.397660819,-26.11111111,-5.277777778,-153.0555556,4.0132,1.016,6.223,16.98412698,3.134920635,0.833333333,2.7178,16.40740741,2.703703704,-6.666666667,2.7178
2007,QQ,CRIS07,QQ CRIS07,U,5/19/2007,2007139,4/23/2007,2007113,25,26,25.9,20.9,34.8,11.2,13.2,71.2,13.9,183.48,212.28,36.4,50.8,162,106,59,365,16.71717172,19.8989899,6.842105263,4.242424242,3.787878788,-1.988304094,5.277777778,20.27777778,-143.8888889,2.7178,0.8382,6.1976,18.53174603,4.801587302,23.33333333,1.8542,18.74074074,3.592592593,17.5,1.1684
2007,RP,CRIS07,RP CRIS07,M,5/19/2007,2007139,4/23/2007,2007113,25,26,25.9,21.8,35.1,12.7,12.6,73.9,13.3,167.58,222.0075,38.8,56.9,168,111,54,422,16.71717172,19.8989899,6.842105263,4.242424242,3.787878788,-1.988304094,5.277777778,20.27777778,-143.8888889,2.7178,0.8382,6.1976,18.53174603,4.801587302,23.33333333,1.8542,18.74074074,3.592592593,17.5,1.1684
2007,SO,CRIS07,SO CRIS07,F,5/19/2007,2007139,4/24/2007,2007114,25,25,25.4,20.6,34.8,11.5,12.3,69.7,14.2,174.66,207.06,34.9,55.1,151,97,49,350,15.85858586,20.35353535,7.98245614,3.484848485,4.393939394,-1.432748538,-3.611111111,26.11111111,-127.7777778,2.7178,0.8382,6.4262,18.80952381,4.563492063,23.61111111,1.397,18.92592593,3.407407407,17.5,1.1684
2007,TN,CRIS07,TN CRIS07,M,5/19/2007,2007139,4/23/2007,2007113,25,26,25.9,21.9,35.3,11.7,12.6,74,13.4,168.84,214.4475,38.7,56.6,163,110,54,392,16.71717172,19.8989899,6.842105263,4.242424242,3.787878788,-1.988304094,5.277777778,20.27777778,-143.8888889,2.7178,0.8382,6.1976,18.53174603,4.801587302,23.33333333,1.8542,18.74074074,3.592592593,17.5,1.1684
2007,NT,DBAR07,NT DBAR07,M,5/19/2007,2007139,4/21/2007,2007111,28,28,27.6,23.9,37.3,11.8,13.2,79.8,13.4,176.88,233.125,42.5,61.2,191,129,84,450,17.67676768,19.84848485,6.34502924,3.939393939,4.393939394,-2.192982456,8.888888889,23.33333333,-150.5555556,2.3876,1.1684,6.1976,16.70634921,3.095238095,-1.388888889,2.2352,18.85185185,4.888888889,28.05555556,1.8542
2007,OS,DBAR07,OS DBAR07,F,5/19/2007,2007139,4/22/2007,2007112,28,27,27.3,23.9,35.8,12,13.1,79,11.9,155.89,224.645,43.2,57.2,188,129,75,411,17.27272727,20.05050505,6.49122807,4.393939394,3.838383838,-2.16374269,9.166666667,21.38888889,-148.8888889,2.7178,0.8382,6.1976,18.0952381,4.325396825,16.94444444,1.0922,18.59259259,4.185185185,20.83333333,1.397
2007,PR,DBAR07,PR DBAR07,F,5/19/2007,2007139,4/23/2007,2007113,27,26,25.6,21.3,33.4,13.3,12.3,72.6,12.1,148.83,213.76,39.2,58.1,162,103,51,365,16.71717172,19.8989899,6.842105263,4.242424242,3.787878788,-1.988304094,5.277777778,20.27777778,-143.8888889,2.7178,0.8382,6.1976,18.53174603,4.801587302,23.33333333,1.8542,18.74074074,3.592592593,17.5,1.1684
2007,AI,FOWA07,AI FOWA07,F,5/13/2007,2007133,4/18/2007,2007108,25,25,25,21.3,34.4,12.9,11.9,74.6,13.1,155.89,213.28,40.2,57.5,146,88,42,343,15.65656566,17.17171717,6.023391813,2.272727273,2.676767677,-2.105263158,-11.38888889,-0.833333333,-152.7777778,2.3114,0.5588,6.3754,16.70634921,3.055555556,-1.666666667,2.7178,16.44444444,2.888888889,-5,2.2352
2007,CG,FOWA07,CG FOWA07,M,5/13/2007,2007133,4/17/2007,2007107,25,26,25.8,22.7,36.3,12.4,12.9,79.7,13.6,175.44,229.5975,43.4,61.4,155,105,54,440,13.93939394,16.41414141,6.286549708,1.313131313,2.626262626,-2.397660819,-26.11111111,-5.277777778,-153.0555556,4.0132,1.016,6.223,16.98412698,3.134920635,0.833333333,2.7178,16.40740741,2.703703704,-6.666666667,2.7178
2007,DF,FOWA07,DF FOWA07,M,5/13/2007,2007133,4/17/2007,2007107,25,26,25.5,22.8,37.5,13.7,12.2,75.4,14.7,179.34,242.8125,37.9,58.1,159,97,51,425,13.93939394,16.41414141,6.286549708,1.313131313,2.626262626,-2.397660819,-26.11111111,-5.277777778,-153.0555556,4.0132,1.016,6.223,16.98412698,3.134920635,0.833333333,2.7178,16.40740741,2.703703704,-6.666666667,2.7178
2007,EE,FOWA07,EE FOWA07,F,5/13/2007,2007133,4/17/2007,2007107,25,26,25.9,21.8,35.1,11.5,11.9,74.5,13.3,158.27,205.335,39.4,58.1,163,100,62,363,13.93939394,16.41414141,6.286549708,1.313131313,2.626262626,-2.397660819,-26.11111111,-5.277777778,-153.0555556,4.0132,1.016,6.223,16.98412698,3.134920635,0.833333333,2.7178,16.40740741,2.703703704,-6.666666667,2.7178
2007,FD,HAPA07,FD HAPA07,F,5/13/2007,2007133,4/17/2007,2007107,24,26,25.6,19.7,33.6,9.9,12.1,74.5,13.9,168.19,184.8,40.9,58.8,155,98,55,395,13.93939394,16.41414141,6.286549708,1.313131313,2.626262626,-2.397660819,-26.11111111,-5.277777778,-153.0555556,4.0132,1.016,6.223,16.98412698,3.134920635,0.833333333,2.7178,16.40740741,2.703703704,-6.666666667,2.7178
2007,JZ,HAPA07,JZ HAPA07,F,5/13/2007,2007133,4/18/2007,2007108,24,25,25.1,20.5,32.8,11.8,12.6,72.2,12.3,154.98,200.08,39.4,57.7,148,93,43,390,15.65656566,17.17171717,6.023391813,2.272727273,2.676767677,-2.105263158,-11.38888889,-0.833333333,-152.7777778,2.3114,0.5588,6.3754,16.70634921,3.055555556,-1.666666667,2.7178,16.44444444,2.888888889,-5,2.2352
2007,QR,KAYS07,QR KAYS07,M,5/17/2007,2007137,4/21/2007,2007111,27,26,26.2,22.8,33.5,14.2,12.7,79.7,10.7,135.89,225.2875,46.2,61,174,113,61,397,17.67676768,19.84848485,6.34502924,3.939393939,4.393939394,-2.192982456,8.888888889,23.33333333,-150.5555556,2.3876,1.1684,6.1976,16.70634921,3.095238095,-1.388888889,2.2352,18.85185185,4.888888889,28.05555556,1.8542
2007,RQ,KAYS07,RQ KAYS07,U,5/17/2007,2007137,4/21/2007,2007111,27,26,26.4,24.5,39.1,12,13.3,78.1,14.6,194.18,247.3075,39,61,178,115,65,410,17.67676768,19.84848485,6.34502924,3.939393939,4.393939394,-2.192982456,8.888888889,23.33333333,-150.5555556,2.3876,1.1684,6.1976,16.70634921,3.095238095,-1.388888889,2.2352,18.85185185,4.888888889,28.05555556,1.8542
2007,SP,KAYS07,SP KAYS07,F,5/17/2007,2007137,4/20/2007,2007110,27,27,26.7,22.3,35.9,13,13.3,74,13.6,180.88,236.0425,38.1,58.7,181,119,70,385,17.52525253,19.14141414,5.877192982,3.636363636,3.939393939,-1.959064327,6.388888889,16.94444444,-152.7777778,2.3876,1.1684,6.3754,15.63492063,2.380952381,-13.88888889,2.2352,18.37037037,4.777777778,23.61111111,1.9304
2007,TO,KAYS07,TO KAYS07,F,5/17/2007,2007137,4/21/2007,2007111,27,26,26.3,22.9,35.9,13.4,12.3,77.6,13,159.9,230.6575,41.7,60,171,118,59,365,17.67676768,19.84848485,6.34502924,3.939393939,4.393939394,-2.192982456,8.888888889,23.33333333,-150.5555556,2.3876,1.1684,6.1976,16.70634921,3.095238095,-1.388888889,2.2352,18.85185185,4.888888889,28.05555556,1.8542
2007,AJ,LOCO07,AJ LOCO07,M,5/6/2007,2007126,4/11/2007,2007101,24,25,25.4,22.8,35.2,12.5,12.8,76.3,12.4,158.72,222.64,41.1,60.4,155,98,49,425,7.171717172,17.27272727,8.187134503,-1.212121212,4.393939394,-2.134502924,-77.22222222,9.166666667,-132.5,5.9182,2.7178,2.4892,13.37301587,2.142857143,-31.38888889,6.1468,15.37037037,3.037037037,-11.94444444,2.8702
2007,BI,LOCO07,BI LOCO07,F,5/6/2007,2007126,4/11/2007,2007101,24,25,25.2,21.7,33.6,13,12.7,75.1,11.9,151.13,215.88,41.5,59.2,148,91,48,385,7.171717172,17.27272727,8.187134503,-1.212121212,4.393939394,-2.134502924,-77.22222222,9.166666667,-132.5,5.9182,2.7178,2.4892,13.37301587,2.142857143,-31.38888889,6.1468,15.37037037,3.037037037,-11.94444444,2.8702
2007,CH,LOCO07,CH LOCO07,M,5/6/2007,2007126,4/11/2007,2007101,24,25,25.2,21.6,33.8,13.1,12.8,74.7,12.2,156.16,218.855,40.9,59.1,152,91,46,395,7.171717172,17.27272727,8.187134503,-1.212121212,4.393939394,-2.134502924,-77.22222222,9.166666667,-132.5,5.9182,2.7178,2.4892,13.37301587,2.142857143,-31.38888889,6.1468,15.37037037,3.037037037,-11.94444444,2.8702
2007,EF,LOCO07,EF LOCO07,M,5/6/2007,2007126,4/11/2007,2007101,23,25,24.6,19.2,31.7,12.9,11.8,71.3,12.5,147.5,195.7475,39.6,58,132,77,37,355,7.171717172,17.27272727,8.187134503,-1.212121212,4.393939394,-2.134502924,-77.22222222,9.166666667,-132.5,5.9182,2.7178,2.4892,13.37301587,2.142857143,-31.38888889,6.1468,15.37037037,3.037037037,-11.94444444,2.8702
2007,JY,LRIS07,JY LRIS07,F,5/16/2007,2007136,4/20/2007,2007110,25,26,25.8,22.5,34,12.6,12.8,76.9,11.5,147.2,215.9,42.9,59.8,172,104,55,375,17.52525253,19.14141414,5.877192982,3.636363636,3.939393939,-1.959064327,6.388888889,16.94444444,-152.7777778,2.3876,1.1684,6.3754,15.63492063,2.380952381,-13.88888889,2.2352,18.37037037,4.777777778,23.61111111,1.9304
2007,LX,LRIS07,LX LRIS07,M,5/16/2007,2007136,4/21/2007,2007111,25,25,25.2,21.8,33.4,12,12.2,74.8,11.6,141.52,202.07,41.4,60.2,152,95,45,363,17.67676768,19.84848485,6.34502924,3.939393939,4.393939394,-2.192982456,8.888888889,23.33333333,-150.5555556,2.3876,1.1684,6.1976,16.70634921,3.095238095,-1.388888889,2.2352,18.85185185,4.888888889,28.05555556,1.8542
2007,XM,MICE07,XM MICE07,M,5/13/2007,2007133,4/18/2007,2007108,23,25,25,21.9,34.2,13.4,12,74.4,12.3,147.6,217.17,40.2,58.1,145,86,42,393,15.65656566,17.17171717,6.023391813,2.272727273,2.676767677,-2.105263158,-11.38888889,-0.833333333,-152.7777778,2.3114,0.5588,6.3754,16.70634921,3.055555556,-1.666666667,2.7178,16.44444444,2.888888889,-5,2.2352
2007,ZK,MICE07,ZK MICE07,M,5/13/2007,2007133,4/18/2007,2007108,23,25,24.8,22.5,35.5,13.8,13.2,74.6,13,171.6,239.625,39.1,60.3,138,83,38,382,15.65656566,17.17171717,6.023391813,2.272727273,2.676767677,-2.105263158,-11.38888889,-0.833333333,-152.7777778,2.3114,0.5588,6.3754,16.70634921,3.055555556,-1.666666667,2.7178,16.44444444,2.888888889,-5,2.2352
2007,AH,MNDY07,AH MNDY07,F,5/15/2007,2007135,4/18/2007,2007108,28,27,27,22.6,34.9,11.7,12.1,77.7,12.3,148.83,207.655,42.8,56.2,177,123,75,390,15.65656566,17.17171717,6.023391813,2.272727273,2.676767677,-2.105263158,-11.38888889,-0.833333333,-152.7777778,2.3114,0.5588,6.3754,16.70634921,3.055555556,-1.666666667,2.7178,16.44444444,2.888888889,-5,2.2352
2007,BG,MNDY07,BG MNDY07,F,5/15/2007,2007135,4/19/2007,2007109,28,26,25.8,20.7,34,13.2,12.6,73.1,13.3,167.58,219.3,39.1,57.5,157,104,55,360,16.51515152,18.78787879,5.760233918,2.929292929,3.585858586,-1.929824561,-3.055555556,13.05555556,-153.6111111,2.3876,0.3302,6.3754,15.99206349,2.46031746,-10.83333333,2.7178,17.51851852,4.037037037,11.66666667,2.2352
2007,CF,MNDY07,CF MNDY07,F,5/15/2007,2007135,4/18/2007,2007108,28,27,26.5,21.6,35.8,12.1,12.8,74.1,14.2,181.76,222.855,38.3,57.5,176,112,69,420,15.65656566,17.17171717,6.023391813,2.272727273,2.676767677,-2.105263158,-11.38888889,-0.833333333,-152.7777778,2.3114,0.5588,6.3754,16.70634921,3.055555556,-1.666666667,2.7178,16.44444444,2.888888889,-5,2.2352
2007,DE,MNDY07,DE MNDY07,M,5/15/2007,2007135,4/18/2007,2007108,28,27,26.7,23.6,38.5,11,12.1,78.8,14.9,180.29,222.3375,40.3,57.1,175,117,71,445,15.65656566,17.17171717,6.023391813,2.272727273,2.676767677,-2.105263158,-11.38888889,-0.833333333,-152.7777778,2.3114,0.5588,6.3754,16.70634921,3.055555556,-1.666666667,2.7178,16.44444444,2.888888889,-5,2.2352
2007,ED,MNDY07,ED MNDY07,M,5/15/2007,2007135,4/20/2007,2007110,27,25,25,23.1,35,13.5,12.4,73.4,11.9,147.56,226.625,38.4,57.2,149,88,40,405,17.52525253,19.14141414,5.877192982,3.636363636,3.939393939,-1.959064327,6.388888889,16.94444444,-152.7777778,2.3876,1.1684,6.3754,15.63492063,2.380952381,-13.88888889,2.2352,18.37037037,4.777777778,23.61111111,1.9304
2007,PU,NBUR07,PU NBUR07,M,5/12/2007,2007132,4/16/2007,2007106,26,26,26.2,21.9,34.6,12.1,12.2,78,12.7,154.94,210.195,43.4,59.2,165,110,62,420,12.77777778,15.85858586,6.637426901,0.808080808,2.474747475,-2.631578947,-35.27777778,-9.166666667,-151.9444444,5.3848,1.0922,4.064,17.06349206,3.214285714,1.944444444,2.7178,16.62962963,2.703703704,-5,2.7178
2007,SR,NBUR07,SR NBUR07,F,5/12/2007,2007132,4/16/2007,2007106,26,26,25.6,21.6,31.8,11.7,12,72.6,10.2,122.4,188.415,40.8,58.3,160,102,53,360,12.77777778,15.85858586,6.637426901,0.808080808,2.474747475,-2.631578947,-35.27777778,-9.166666667,-151.9444444,5.3848,1.0922,4.064,17.06349206,3.214285714,1.944444444,2.7178,16.62962963,2.703703704,-5,2.7178
2007,TQ,NBUR07,TQ NBUR07,M,5/12/2007,2007132,4/16/2007,2007106,26,26,25.7,22.9,34.7,12.9,12.8,78.4,11.8,151.04,222.9475,43.7,60.4,167,107,50,402,12.77777778,15.85858586,6.637426901,0.808080808,2.474747475,-2.631578947,-35.27777778,-9.166666667,-151.9444444,5.3848,1.0922,4.064,17.06349206,3.214285714,1.944444444,2.7178,16.62962963,2.703703704,-5,2.7178
2007,UP,NBUR07,UP NBUR07,M,5/12/2007,2007132,4/17/2007,2007107,25,25,25.4,20.1,31.1,12.3,12.2,73,11,134.2,190.4875,41.9,59,159,97,48,391,13.93939394,16.41414141,6.286549708,1.313131313,2.626262626,-2.397660819,-26.11111111,-5.277777778,-153.0555556,4.0132,1.016,6.223,16.98412698,3.134920635,0.833333333,2.7178,16.40740741,2.703703704,-6.666666667,2.7178
2007,VO,NBUR07,VO NBUR07,F,5/12/2007,2007132,4/16/2007,2007106,26,26,26.2,20.6,32.5,11.3,11.7,74.5,11.9,139.23,186.875,42,58.1,172,113,60,357,12.77777778,15.85858586,6.637426901,0.808080808,2.474747475,-2.631578947,-35.27777778,-9.166666667,-151.9444444,5.3848,1.0922,4.064,17.06349206,3.214285714,1.944444444,2.7178,16.62962963,2.703703704,-5,2.7178
2007,WN,NBUR07,WN NBUR07,M,5/12/2007,2007132,4/17/2007,2007107,25,25,25.4,22.4,29.8,11.7,11.4,77.1,7.4,84.36,172.095,47.3,59.8,158,99,45,358,13.93939394,16.41414141,6.286549708,1.313131313,2.626262626,-2.397660819,-26.11111111,-5.277777778,-153.0555556,4.0132,1.016,6.223,16.98412698,3.134920635,0.833333333,2.7178,16.40740741,2.703703704,-6.666666667,2.7178
2007,TP,NEEL07,TP NEEL07,F,5/15/2007,2007135,4/19/2007,2007109,25,26,25.9,22.4,35.5,10.6,12.4,76.4,13.1,162.44,204.125,40.9,59.3,148,110,54,360,16.51515152,18.78787879,5.760233918,2.929292929,3.585858586,-1.929824561,-3.055555556,13.05555556,-153.6111111,2.3876,0.3302,6.3754,15.99206349,2.46031746,-10.83333333,2.7178,17.51851852,4.037037037,11.66666667,2.2352
2007,UO,NEEL07,UO NEEL07,F,5/15/2007,2007135,4/20/2007,2007110,25,25,25.4,21.3,33.6,12.9,11.6,73.3,12.3,142.68,205.8,39.7,54.5,153,100,47,340,17.52525253,19.14141414,5.877192982,3.636363636,3.939393939,-1.959064327,6.388888889,16.94444444,-152.7777778,2.3876,1.1684,6.3754,15.63492063,2.380952381,-13.88888889,2.2352,18.37037037,4.777777778,23.61111111,1.9304
2007,VN,NEEL07,VN NEEL07,F,5/15/2007,2007135,4/19/2007,2007109,25,26,25.5,20.6,33.1,12.4,12.8,71.4,12.5,160,208.53,38.3,54.8,162,99,52,340,16.51515152,18.78787879,5.760233918,2.929292929,3.585858586,-1.929824561,-3.055555556,13.05555556,-153.6111111,2.3876,0.3302,6.3754,15.99206349,2.46031746,-10.83333333,2.7178,17.51851852,4.037037037,11.66666667,2.2352
2007,YK,NEEL07,YK NEEL07,F,5/15/2007,2007135,4/19/2007,2007109,25,26,25.7,19.9,31.5,11.6,11.6,72.6,11.6,134.56,182.7,41.1,57.2,161,106,52,345,16.51515152,18.78787879,5.760233918,2.929292929,3.585858586,-1.929824561,-3.055555556,13.05555556,-153.6111111,2.3876,0.3302,6.3754,15.99206349,2.46031746,-10.83333333,2.7178,17.51851852,4.037037037,11.66666667,2.2352
2007,ZJ,NEEL07,ZJ NEEL07,F,5/15/2007,2007135,4/19/2007,2007109,25,26,25.6,21.7,32.7,13,12.5,71.8,11,137.5,208.4625,39.1,57.2,155,102,50,350,16.51515152,18.78787879,5.760233918,2.929292929,3.585858586,-1.929824561,-3.055555556,13.05555556,-153.6111111,2.3876,0.3302,6.3754,15.99206349,2.46031746,-10.83333333,2.7178,17.51851852,4.037037037,11.66666667,2.2352
2007,KY,NROC07,KY NROC07,M,5/14/2007,2007134,4/19/2007,2007109,24,25,25,20.8,32.6,12.9,13.6,74.2,11.8,160.48,215.975,41.6,59,151,87,42,428,16.51515152,18.78787879,5.760233918,2.929292929,3.585858586,-1.929824561,-3.055555556,13.05555556,-153.6111111,2.3876,0.3302,6.3754,15.99206349,2.46031746,-10.83333333,2.7178,17.51851852,4.037037037,11.66666667,2.2352
2007,LX,NROC07,LX NROC07,M,5/14/2007,2007134,4/19/2007,2007109,24,25,25.3,21,31.6,13,13.2,73,10.6,139.92,206.98,41.4,58.4,157,100,39,400,16.51515152,18.78787879,5.760233918,2.929292929,3.585858586,-1.929824561,-3.055555556,13.05555556,-153.6111111,2.3876,0.3302,6.3754,15.99206349,2.46031746,-10.83333333,2.7178,17.51851852,4.037037037,11.66666667,2.2352
2007,SN,ROTA07,SN ROTA07,U,6/7/2007,2007158,5/12/2007,2007132,28,26,26.2,21.3,33.9,10.6,12.1,73.1,12.6,152.46,192.3825,39.2,55,166,117,58,310,18.08080808,26.66666667,18.33333333,3.131313131,11.11111111,4.473684211,6.666666667,97.77777778,26.66666667,0.6096,0.9906,3.556,21.58730159,6.587301587,57.22222222,0.9398,23.81481481,8.62962963,93.33333333,0.9906
2007,TM,ROTA07,TM ROTA07,U,6/7/2007,2007158,5/11/2007,2007131,28,27,26.6,22.5,36.4,11.7,12.9,79,13.9,179.31,223.86,42.6,59.9,177,122,65,410,18.58585859,25.60606061,18.4502924,4.242424242,9.545454545,4.473684211,15.55555556,83.33333333,27.77777778,1.4478,0.9906,3.556,22.1031746,7.182539683,65,1.1938,22.77777778,7.555555556,77.5,0.9906
2007,UL,ROTA07,UL ROTA07,U,6/7/2007,2007158,5/9/2007,2007129,30,29,28.6,24.5,43,13.6,14.6,80.9,18.5,270.1,303.15,37.9,59.6,201,143,94,425,20.55555556,23.43434343,17.80701754,5.909090909,7.929292929,3.011695906,35.55555556,62.5,7.777777778,1.4478,0.5842,2.7178,21.07142857,6.031746032,49.72222222,0.635,22.11111111,7.074074074,68.88888889,1.1938
2007,GB,SEPG07,GB SEPG07,M,5/15/2007,2007135,4/20/2007,2007110,23,25,24.8,21.3,34.7,12.7,12.8,76.1,13.4,171.52,221.2125,41.4,59.5,140,85,35,400,17.52525253,19.14141414,5.877192982,3.636363636,3.939393939,-1.959064327,6.388888889,16.94444444,-152.7777778,2.3876,1.1684,6.3754,15.63492063,2.380952381,-13.88888889,2.2352,18.37037037,4.777777778,23.61111111,1.9304
2007,VM,SLOP07,VM SLOP07,M,5/17/2007,2007137,4/21/2007,2007111,24,26,25.5,22.3,33.7,11.7,12.8,74.4,11.4,145.92,206.4125,40.7,59.1,155,101,48,396,17.67676768,19.84848485,6.34502924,3.939393939,4.393939394,-2.192982456,8.888888889,23.33333333,-150.5555556,2.3876,1.1684,6.1976,16.70634921,3.095238095,-1.388888889,2.2352,18.85185185,4.888888889,28.05555556,1.8542
2007,WL,SLOP07,WL SLOP07,F,5/17/2007,2007137,4/21/2007,2007111,24,26,25.5,22,31.6,10.6,12.4,73.7,9.6,119.04,181.7,42.1,56.1,153,100,50,328,17.67676768,19.84848485,6.34502924,3.939393939,4.393939394,-2.192982456,8.888888889,23.33333333,-150.5555556,2.3876,1.1684,6.1976,16.70634921,3.095238095,-1.388888889,2.2352,18.85185185,4.888888889,28.05555556,1.8542
2007,XK,SLOP07,XK SLOP07,U,5/17/2007,2007137,4/22/2007,2007112,24,25,24.9,21,33.1,11.9,12.5,75,12.1,151.25,201.91,41.9,57.5,146,90,35,372,17.27272727,20.05050505,6.49122807,4.393939394,3.838383838,-2.16374269,9.166666667,21.38888889,-148.8888889,2.7178,0.8382,6.1976,18.0952381,4.325396825,16.94444444,1.0922,18.59259259,4.185185185,20.83333333,1.397
2007,YJ,SLOP07,YJ SLOP07,M,5/17/2007,2007137,4/22/2007,2007112,24,25,24.8,21.6,33.7,11.8,13.2,71.9,12.1,159.72,210.625,38.2,58.3,148,90,25,348,17.27272727,20.05050505,6.49122807,4.393939394,3.838383838,-2.16374269,9.166666667,21.38888889,-148.8888889,2.7178,0.8382,6.1976,18.0952381,4.325396825,16.94444444,1.0922,18.59259259,4.185185185,20.83333333,1.397
2007,UM,SMUR07,UM SMUR07,M,5/19/2007,2007139,4/24/2007,2007114,24,25,25.3,22.2,34.3,14,12.1,76.4,12.1,146.41,223.8075,42.1,59.6,154,93,51,413,15.85858586,20.35353535,7.98245614,3.484848485,4.393939394,-1.432748538,-3.611111111,26.11111111,-127.7777778,2.7178,0.8382,6.4262,18.80952381,4.563492063,23.61111111,1.397,18.92592593,3.407407407,17.5,1.1684
2007,JA,SPRU07,JA SPRU07,M,5/12/2007,2007132,4/17/2007,2007107,26,25,25.4,22.9,35.5,13,13.3,76.9,12.6,167.58,233.4125,41.4,59.1,157,95,51,403,13.93939394,16.41414141,6.286549708,1.313131313,2.626262626,-2.397660819,-26.11111111,-5.277777778,-153.0555556,4.0132,1.016,6.223,16.98412698,3.134920635,0.833333333,2.7178,16.40740741,2.703703704,-6.666666667,2.7178
2007,KZ,SPRU07,KZ SPRU07,F,5/12/2007,2007132,4/16/2007,2007106,27,26,26.4,23.2,34.5,11.7,12.7,76.1,11.3,143.51,210.45,41.6,57.4,174,112,67,393,12.77777778,15.85858586,6.637426901,0.808080808,2.474747475,-2.631578947,-35.27777778,-9.166666667,-151.9444444,5.3848,1.0922,4.064,17.06349206,3.214285714,1.944444444,2.7178,16.62962963,2.703703704,-5,2.7178
2007,LY,SPRU07,LY SPRU07,F,5/12/2007,2007132,4/16/2007,2007106,26,26,26.1,22.5,35,11.4,11.6,76.3,12.5,145,201.25,41.3,57.6,167,108,61,365,12.77777778,15.85858586,6.637426901,0.808080808,2.474747475,-2.631578947,-35.27777778,-9.166666667,-151.9444444,5.3848,1.0922,4.064,17.06349206,3.214285714,1.944444444,2.7178,16.62962963,2.703703704,-5,2.7178
2007,MX,SPRU07,MX SPRU07,M,5/12/2007,2007132,4/15/2007,2007105,27,27,26.9,25.1,38.2,13.1,13.9,82.5,13.1,182.09,257.85,44.3,61.1,183,120,75,472,12.62626263,15.3030303,7.30994152,0.858585859,2.676767677,-2.426900585,-35.83333333,-11.11111111,-143.6111111,4.6482,2.2352,2.6162,16.9047619,3.214285714,0.833333333,2.7178,17,2.888888889,-0.833333333,2.7178
2007,OV,SPRU07,OV SPRU07,F,5/12/2007,2007132,4/16/2007,2007106,27,26,26.4,23.2,35.4,13,12.8,76.9,12.2,156.16,228.33,41.5,60.5,171,112,68,390,12.77777778,15.85858586,6.637426901,0.808080808,2.474747475,-2.631578947,-35.27777778,-9.166666667,-151.9444444,5.3848,1.0922,4.064,17.06349206,3.214285714,1.944444444,2.7178,16.62962963,2.703703704,-5,2.7178
2007,FE,STAD07,FE STAD07,F,5/12/2007,2007132,4/16/2007,2007106,26,26,26.4,21.9,34.9,12.7,12.4,74.8,13,161.2,218.9975,39.9,57.6,172,118,62,364,12.77777778,15.85858586,6.637426901,0.808080808,2.474747475,-2.631578947,-35.27777778,-9.166666667,-151.9444444,5.3848,1.0922,4.064,17.06349206,3.214285714,1.944444444,2.7178,16.62962963,2.703703704,-5,2.7178
2007,GD,STAD07,GD STAD07,F,5/12/2007,2007132,4/16/2007,2007106,25,26,26.3,22.1,33.4,11.8,12.4,72.7,11.3,140.12,202.07,39.3,59.2,171,113,65,375,12.77777778,15.85858586,6.637426901,0.808080808,2.474747475,-2.631578947,-35.27777778,-9.166666667,-151.9444444,5.3848,1.0922,4.064,17.06349206,3.214285714,1.944444444,2.7178,16.62962963,2.703703704,-5,2.7178
2007,HC,STAD07,HC STAD07,F,5/12/2007,2007132,4/16/2007,2007106,26,26,26.4,22.1,33.4,12.4,12.3,74,11.3,138.99,206.245,40.6,57.7,172,115,66,355,12.77777778,15.85858586,6.637426901,0.808080808,2.474747475,-2.631578947,-35.27777778,-9.166666667,-151.9444444,5.3848,1.0922,4.064,17.06349206,3.214285714,1.944444444,2.7178,16.62962963,2.703703704,-5,2.7178
2007,IB,STAD07,IB STAD07,M,5/12/2007,2007132,4/15/2007,2007105,26,27,26.5,23.5,36.3,13.2,12.7,76.4,12.8,162.56,235.0425,40.1,61.1,176,119,64,400,12.62626263,15.3030303,7.30994152,0.858585859,2.676767677,-2.426900585,-35.83333333,-11.11111111,-143.6111111,4.6482,2.2352,2.6162,16.9047619,3.214285714,0.833333333,2.7178,17,2.888888889,-0.833333333,2.7178
2007,CD,SWEG07,CD SWEG07,F,5/21/2007,2007141,4/26/2007,2007116,24,25,25.3,21.5,33.8,13.4,13.3,73.8,12.3,163.59,225.615,40,56.5,152,94,50,380,15.3030303,21.71717172,9.298245614,2.676767677,6.313131313,-0.701754386,-11.11111111,44.16666667,-108.3333333,2.2352,1.4478,7.5692,18.76984127,3.333333333,14.72222222,1.1684,20.25925926,4.296296296,34.16666667,1.4478
2007,FA,SWEG07,FA SWEG07,F,5/21/2007,2007141,4/26/2007,2007116,24,25,25.3,21.3,32.2,12.6,11.8,73.2,10.9,128.62,196.42,41,55.7,150,94,49,333,15.3030303,21.71717172,9.298245614,2.676767677,6.313131313,-0.701754386,-11.11111111,44.16666667,-108.3333333,2.2352,1.4478,7.5692,18.76984127,3.333333333,14.72222222,1.1684,20.25925926,4.296296296,34.16666667,1.4478
2007,WK,TURF07,WK TURF07,M,5/20/2007,2007140,4/25/2007,2007115,25,25,25.3,22.4,34,13.2,13.9,77,11.6,161.24,230.35,43,61.6,154,91,51,435,14.8989899,21.51515152,8.742690058,2.727272727,5.757575758,-1.111111111,-13.05555556,40,-117.5,2.2352,1.0922,6.4262,19.12698413,3.968253968,21.66666667,1.1684,19.85185185,4.259259259,30.83333333,1.4224
2007,XJ,TURF07,XJ TURF07,M,5/20/2007,2007140,4/24/2007,2007114,25,26,25.7,23.5,34,13.2,12.6,77.4,10.5,132.3,219.3,43.4,60.9,160,106,49,394,15.85858586,20.35353535,7.98245614,3.484848485,4.393939394,-1.432748538,-3.611111111,26.11111111,-127.7777778,2.7178,0.8382,6.4262,18.80952381,4.563492063,23.61111111,1.397,18.92592593,3.407407407,17.5,1.1684
2007,GA,WWCK07,GA WWCK07,F,5/18/2007,2007138,4/23/2007,2007113,25,25,25.4,19.8,33.1,10,12.2,72.2,13.3,162.26,183.705,39.1,56.2,153,93,52,340,16.71717172,19.8989899,6.842105263,4.242424242,3.787878788,-1.988304094,5.277777778,20.27777778,-143.8888889,2.7178,0.8382,6.1976,18.53174603,4.801587302,23.33333333,1.8542,18.74074074,3.592592593,17.5,1.1684
2007,HZ,WWCK07,HZ WWCK07,F,5/18/2007,2007138,4/23/2007,2007113,25,25,24.8,18.6,31.1,10.8,12.9,68.5,12.5,161.25,184.2675,37.4,55.5,134,86,34,338,16.71717172,19.8989899,6.842105263,4.242424242,3.787878788,-1.988304094,5.277777778,20.27777778,-143.8888889,2.7178,0.8382,6.1976,18.53174603,4.801587302,23.33333333,1.8542,18.74074074,3.592592593,17.5,1.1684
2007,IY,WWCK07,IY WWCK07,F,5/18/2007,2007138,4/22/2007,2007112,26,26,26.3,22,33.9,11,13,77.1,11.9,154.7,203.4,43.2,57.4,166,110,66,382,17.27272727,20.05050505,6.49122807,4.393939394,3.838383838,-2.16374269,9.166666667,21.38888889,-148.8888889,2.7178,0.8382,6.1976,18.0952381,4.325396825,16.94444444,1.0922,18.59259259,4.185185185,20.83333333,1.397
2007,JX,WWCK07,JX WWCK07,F,5/18/2007,2007138,4/22/2007,2007112,26,26,26.1,21.2,32.5,12.3,12.9,75.9,11.3,145.77,204.75,43.4,56.9,160,110,60,360,17.27272727,20.05050505,6.49122807,4.393939394,3.838383838,-2.16374269,9.166666667,21.38888889,-148.8888889,2.7178,0.8382,6.1976,18.0952381,4.325396825,16.94444444,1.0922,18.59259259,4.185185185,20.83333333,1.397
2007,KW,WWCK07,KW WWCK07,F,5/18/2007,2007138,4/22/2007,2007112,26,26,26.2,21.4,33.6,12,13.5,76.5,12.2,164.7,214.2,42.9,58.2,166,110,63,400,17.27272727,20.05050505,6.49122807,4.393939394,3.838383838,-2.16374269,9.166666667,21.38888889,-148.8888889,2.7178,0.8382,6.1976,18.0952381,4.325396825,16.94444444,1.0922,18.59259259,4.185185185,20.83333333,1.397
2007,MU,WWCK07,MU WWCK07,F,5/18/2007,2007138,4/21/2007,2007111,26,27,26.6,21.9,36.2,12.4,12.8,76.9,14.3,183.04,228.06,40.7,59.1,174,115,70,423,17.67676768,19.84848485,6.34502924,3.939393939,4.393939394,-2.192982456,8.888888889,23.33333333,-150.5555556,2.3876,1.1684,6.1976,16.70634921,3.095238095,-1.388888889,2.2352,18.85185185,4.888888889,28.05555556,1.8542
2007,GZ,WWIL07,GZ WWIL07,M,5/26/2007,2007146,4/29/2007,2007119,29,27,26.9,25.9,38.1,11.1,14,81.1,12.2,170.8,239.0775,43,63.7,181,123,72,413,17.17171717,19.74747475,11.66666667,2.676767677,5.454545455,1.140350877,-0.833333333,28.61111111,-68.33333333,0.5588,1.4478,8.3058,20.63492063,4.682539683,37.22222222,1.4478,20,4.888888889,36.66666667,1.4478
2007,HY,WWIL07,HY WWIL07,M,5/26/2007,2007146,4/28/2007,2007118,29,28,27.8,26.3,36.8,14.3,13.7,83.4,10.5,143.85,257.6,46.6,63.2,193,133,85,448,16.41414141,20.55555556,11.22807018,2.626262626,5.909090909,0.584795322,-5.277777778,35.55555556,-77.77777778,1.016,1.4478,8.1026,20.31746032,4.206349206,31.66666667,1.0922,19.85185185,4.481481481,32.5,1.4478
2007,JW,WWIL07,JW WWIL07,M,5/26/2007,2007146,4/28/2007,2007118,29,28,27.8,25.9,39.3,12.4,14.2,84.1,13.4,190.28,261.345,44.8,67.3,199,136,82,460,16.41414141,20.55555556,11.22807018,2.626262626,5.909090909,0.584795322,-5.277777778,35.55555556,-77.77777778,1.016,1.4478,8.1026,20.31746032,4.206349206,31.66666667,1.0922,19.85185185,4.481481481,32.5,1.4478
2007,KV,WWIL07,KV WWIL07,M,5/26/2007,2007146,4/29/2007,2007119,29,27,27,25.9,34.5,11.7,13.4,84.1,8.6,115.24,216.4875,49.6,62.8,189,123,73,420,17.17171717,19.74747475,11.66666667,2.676767677,5.454545455,1.140350877,-0.833333333,28.61111111,-68.33333333,0.5588,1.4478,8.3058,20.63492063,4.682539683,37.22222222,1.4478,20,4.888888889,36.66666667,1.4478
2007,OR,YFER07,OR YFER07,M,5/26/2007,2007146,5/1/2007,2007121,23,25,25.1,22.7,36.3,12.3,12.6,76.2,13.6,171.36,225.9675,39.9,59.3,149,91,43,387,19.14141414,18.08080808,12.63157895,3.939393939,3.131313131,2.105263158,16.94444444,6.666666667,-50,1.1684,0.6096,6.9088,20.07936508,4.880952381,34.72222222,1.4478,20,5.259259259,39.44444444,1.4478
2007,PQ,YFER07,PQ YFER07,F,5/26/2007,2007146,5/1/2007,2007121,23,25,25.1,21.8,34.8,11.6,12.9,75.7,13,167.7,213.15,40.9,59.4,148,91,43,374,19.14141414,18.08080808,12.63157895,3.939393939,3.131313131,2.105263158,16.94444444,6.666666667,-50,1.1684,0.6096,6.9088,20.07936508,4.880952381,34.72222222,1.4478,20,5.259259259,39.44444444,1.4478
2007,QP,YFER07,QP YFER07,M,5/26/2007,2007146,5/1/2007,2007121,23,25,25,21.6,34,12.3,13.2,74.2,12.4,163.68,216.75,40.2,58.3,136,82,49,330,19.14141414,18.08080808,12.63157895,3.939393939,3.131313131,2.105263158,16.94444444,6.666666667,-50,1.1684,0.6096,6.9088,20.07936508,4.880952381,34.72222222,1.4478,20,5.259259259,39.44444444,1.4478
2008,AB,BART08,AB BART08,M,5/27/2008,2008148,5/2/2008,2008123,24,25,25.2,20.1,32.9,13,12.4,71,12.8,158.72,208.915,38.1,58,151,95,42,310,17.62626263,15.1010101,18.68421053,4.595959596,3.939393939,3.771929825,12.22222222,-5.277777778,23.33333333,1.2446,1.778,4.5466,16.82539683,3.69047619,3.611111111,1.8542,15.44444444,3.62962963,-6.944444444,1.778
2008,YE,BART08,YE BART08,M,5/27/2008,2008148,5/2/2008,2008123,24,25,25.3,20.3,34.4,12.9,13.2,73.5,14.1,186.12,224.46,39.1,60.4,155,94,47,320,17.62626263,15.1010101,18.68421053,4.595959596,3.939393939,3.771929825,12.22222222,-5.277777778,23.33333333,1.2446,1.778,4.5466,16.82539683,3.69047619,3.611111111,1.8542,15.44444444,3.62962963,-6.944444444,1.778
2008,ZD,BART08,ZD BART08,F,5/27/2008,2008148,5/1/2008,2008122,24,26,25.6,20.3,33.2,12.4,12.4,70.3,12.9,159.96,205.84,37.1,57.2,156,101,53,300,16.76767677,15.70707071,18.83040936,3.636363636,4.090909091,3.684210526,2.222222222,-1.111111111,23.88888889,1.2446,1.6764,4.4704,17.57936508,4.007936508,11.11111111,1.8542,16.2962963,3.814814815,0.833333333,1.9304
2008,VI,BIRN08,VI BIRN08,M,5/21/2008,2008142,4/25/2008,2008116,26,26,26.3,20.4,32.1,13.2,12.1,75.1,11.7,141.57,203.0325,43,56,171,116,60,365,16.81818182,18.53535354,18.24561404,4.393939394,4.141414141,3.567251462,6.666666667,14.72222222,17.22222222,5.3086,0.5842,0.635,16.23015873,3.373015873,-2.777777778,1.3716,17.96296296,4.592592593,19.16666667,1.5748
2008,WH,BIRN08,WH BIRN08,M,5/21/2008,2008142,4/25/2008,2008116,26,26,26.1,20.6,34,13.4,12.5,75.7,13.4,167.5,220.15,41.7,54.4,169,112,57,358,16.81818182,18.53535354,18.24561404,4.393939394,4.141414141,3.567251462,6.666666667,14.72222222,17.22222222,5.3086,0.5842,0.635,16.23015873,3.373015873,-2.777777778,1.3716,17.96296296,4.592592593,19.16666667,1.5748
2008,XG,BIRN08,XG BIRN08,F,5/21/2008,2008142,4/25/2008,2008116,26,26,26.3,22.3,34.4,12.7,12.4,75.4,12.1,150.04,215.86,41,56.1,166,115,62,365,16.81818182,18.53535354,18.24561404,4.393939394,4.141414141,3.567251462,6.666666667,14.72222222,17.22222222,5.3086,0.5842,0.635,16.23015873,3.373015873,-2.777777778,1.3716,17.96296296,4.592592593,19.16666667,1.5748
2008,YF,BIRN08,YF BIRN08,F,5/21/2008,2008142,4/25/2008,2008116,26,26,25.7,19.4,32.8,12.3,12.1,70.5,13.4,162.14,200.08,37.7,49.6,153,105,50,305,16.81818182,18.53535354,18.24561404,4.393939394,4.141414141,3.567251462,6.666666667,14.72222222,17.22222222,5.3086,0.5842,0.635,16.23015873,3.373015873,-2.777777778,1.3716,17.96296296,4.592592593,19.16666667,1.5748
2008,YG,BROT08,YG BROT08,F,5/14/2008,2008135,4/19/2008,2008110,25,25,25,20.5,31,13.1,13.1,72,10.5,137.55,203.05,41,60.7,139,85,43,382,22.92929293,16.06060606,14.12280702,6.717171717,3.585858586,0.67251462,53.05555556,-1.944444444,-49.44444444,4.191,1.3716,2.2352,17.61904762,4.206349206,12.77777778,5.3086,17.2962963,4.444444444,13.05555556,5.5626
2008,ZF,BROT08,ZF BROT08,F,5/14/2008,2008135,4/18/2008,2008109,25,26,25.6,21,32.2,12.2,12.6,73.9,11.2,141.12,199.64,41.7,60,159,102,52,380,24.24242424,15.65656566,13.21637427,6.767676768,3.686868687,-0.087719298,60.55555556,-3.611111111,-65.27777778,3.5306,2.032,2.286,18.0952381,4.682539683,19.44444444,5.3086,17.51851852,4.444444444,14.72222222,5.5626
2008,NO,CISH08,NO CISH08,M,6/2/2008,2008154,5/5/2008,2008126,28,28,27.6,23.8,37.8,12.9,13.4,79.8,14,187.6,248.535,42,60,190,132,80,402,18.43434343,14.8989899,20.02923977,3.484848485,4.191919192,5.175438596,10.55555556,-5,49.44444444,0.5588,1.4986,5.3086,15.47619048,3.73015873,-5.555555556,1.778,16.11111111,4.296296296,3.055555556,1.8034
2008,ON,CISH08,ON CISH08,M,6/2/2008,2008154,5/6/2008,2008127,27,27,26.7,23.6,36.3,13.5,12.9,77.9,12.7,163.83,239.58,41.6,61.5,179,121,67,387,18.53535354,15.95959596,20.05847953,4.141414141,5,5.350877193,14.72222222,5.277777778,51.38888889,0.5842,1.4732,5.3086,15.51587302,3.849206349,-4.444444444,1.8034,16.74074074,4.888888889,12.22222222,1.8034
2008,HW,DBAR08,HW DBAR08,M,5/16/2008,2008137,4/21/2008,2008112,25,25,25.3,22.9,34.6,14.9,13.3,77.8,11.7,155.61,243.93,43.2,63.3,155,94,50,442,19.54545455,17.62626263,15.14619883,4.747474747,4.595959596,1.871345029,23.61111111,12.22222222,-28.33333333,4.318,1.2446,1.397,17.42063492,4.642857143,14.44444444,5.5626,16.18518519,3.888888889,0.555555556,2.1336
2008,IV,DBAR08,IV DBAR08,F,5/16/2008,2008137,4/21/2008,2008112,24,25,24.6,19.4,30.5,13.4,11.2,71.4,11.1,124.32,187.575,40.9,56,138,77,37,352,19.54545455,17.62626263,15.14619883,4.747474747,4.595959596,1.871345029,23.61111111,12.22222222,-28.33333333,4.318,1.2446,1.397,17.42063492,4.642857143,14.44444444,5.5626,16.18518519,3.888888889,0.555555556,2.1336
2008,TK,FOPA08,TK FOPA08,M,5/19/2008,2008140,4/21/2008,2008112,29,28,28.1,22.1,34.8,13.5,12.6,78.7,12.7,160.02,227.07,43.9,61.7,200,139,87,399,19.54545455,17.62626263,15.14619883,4.747474747,4.595959596,1.871345029,23.61111111,12.22222222,-28.33333333,4.318,1.2446,1.397,17.42063492,4.642857143,14.44444444,5.5626,16.18518519,3.888888889,0.555555556,2.1336
2008,UJ,FOPA08,UJ FOPA08,M,5/19/2008,2008140,4/22/2008,2008113,29,27,27.4,22.1,34.7,13.8,13.3,77.1,12.6,167.58,235.0925,42.4,58.5,188,131,77,375,18.73737374,17.72727273,16.22807018,4.090909091,4.393939394,2.514619883,15.55555556,11.66666667,-11.94444444,4.445,1.1176,1.397,16.74603175,4.206349206,6.666666667,5.5626,15.88888889,3.333333333,-5.833333333,2.032
2008,IW,GYMN08,IW GYMN08,M,5/6/2008,2008127,4/11/2008,2008102,24,25,24.7,19.4,31.1,13,13.1,70.2,11.7,153.27,202.9275,39.1,55.5,134,80,35,333,17.57575758,18.73737374,9.152046784,3.383838384,4.090909091,-2.923976608,5.277777778,15.55555556,-130.8333333,0.635,4.445,3.8354,22.06349206,5.476190476,52.77777778,4.191,20.66666667,5.074074074,43.05555556,4.445
2008,JV,GYMN08,JV GYMN08,F,5/6/2008,2008127,4/10/2008,2008101,25,26,25.9,20.5,30.1,13,13.5,72.5,9.6,129.6,199.4125,42.4,59,160,105,58,430,17.12121212,19.54545455,8.596491228,2.727272727,4.747474747,-3.567251462,-0.833333333,23.61111111,-142.2222222,0.635,4.318,3.5306,21.86507937,4.96031746,47.77777778,3.5306,21,5,45,4.318
2008,LT,HAPA08,LT HAPA08,F,5/10/2008,2008131,4/15/2008,2008106,23,25,24.9,21,32.6,12.8,12.7,73.7,11.6,147.32,207.825,41.1,58.7,144,85,42,420,21.31313131,16.91919192,10.52631579,4.090909091,4.696969697,-1.228070175,29.72222222,8.888888889,-101.6666667,0,5.3086,4.1148,19.72222222,5.595238095,37.22222222,4.4958,18.48148148,4.703703704,23.88888889,5.3086
2008,VJ,MAWA08,VJ MAWA08,M,5/12/2008,2008133,4/17/2008,2008108,23,25,25,20.6,33.2,12.9,13.3,75.2,12.6,167.58,217.46,42,60.2,144,86,45,432,24.19191919,16.11111111,11.8128655,6.111111111,4.292929293,-0.877192982,56.66666667,2.222222222,-86.11111111,3.429,2.1336,2.286,18.37301587,4.682539683,21.38888889,5.3086,18.07407407,4.481481481,19.16666667,5.5626
2008,CA,MCUN08,CA MCUN08,F,5/23/2008,2008144,4/27/2008,2008118,26,26,26,18.4,31.4,13,12.2,70.7,13,158.6,197.82,39.3,50.1,162,109,57,318,16.31313131,17.67676768,19.56140351,4.242424242,3.98989899,4.239766082,3.055555556,9.166666667,36.11111111,5.3086,1.6256,4.064,18.0952381,4.404761905,17.5,1.5494,17.77777778,4.111111111,14.16666667,2.4384
2008,DZ,MCUN08,DZ MCUN08,F,5/23/2008,2008144,4/27/2008,2008118,26,26,25.9,18.8,31.9,11.7,11.6,70.1,13.1,151.96,185.8175,38.2,48.6,157,106,59,305,16.31313131,17.67676768,19.56140351,4.242424242,3.98989899,4.239766082,3.055555556,9.166666667,36.11111111,5.3086,1.6256,4.064,18.0952381,4.404761905,17.5,1.5494,17.77777778,4.111111111,14.16666667,2.4384
2008,EY,MCUN08,EY MCUN08,M,5/23/2008,2008144,4/27/2008,2008118,26,26,25.9,19.4,31.4,12.7,11.2,72,12,134.4,187.615,40.6,45.9,162,107,56,320,16.31313131,17.67676768,19.56140351,4.242424242,3.98989899,4.239766082,3.055555556,9.166666667,36.11111111,5.3086,1.6256,4.064,18.0952381,4.404761905,17.5,1.5494,17.77777778,4.111111111,14.16666667,2.4384
2008,doa,MIMT08,doa MIMT08,U,5/27/2008,2008148,5/2/2008,2008123,26,25,25.3,21.6,35.3,13.4,13.6,75.4,13.7,186.32,238.275,40.1,57.6,155,100,43,358,17.62626263,15.1010101,18.68421053,4.595959596,3.939393939,3.771929825,12.22222222,-5.277777778,23.33333333,1.2446,1.778,4.5466,16.82539683,3.69047619,3.611111111,1.8542,15.44444444,3.62962963,-6.944444444,1.778
2008,VH,MIMT08,VH MIMT08,F,5/27/2008,2008148,4/30/2008,2008121,27,27,26.8,21.9,34.8,13.5,12.4,75.6,12.9,159.96,225.33,40.8,58.8,180,118,72,380,16.06060606,16.11111111,19.18128655,3.585858586,3.636363636,4.122807018,-1.944444444,-1.388888889,31.38888889,1.3716,1.6002,4.6482,17.6984127,3.69047619,9.722222222,1.6256,16.7037037,3.666666667,2.777777778,1.8542
2008,WG,MIMT08,WG MIMT08,M,5/27/2008,2008148,4/30/2008,2008121,27,27,26.8,23.2,37.8,13,12.8,80.5,14.6,186.88,243.81,42.7,62.3,185,124,68,385,16.06060606,16.11111111,19.18128655,3.585858586,3.636363636,4.122807018,-1.944444444,-1.388888889,31.38888889,1.3716,1.6002,4.6482,17.6984127,3.69047619,9.722222222,1.6256,16.7037037,3.666666667,2.777777778,1.8542
2008,XF,MIMT08,XF MIMT08,F,5/27/2008,2008148,5/1/2008,2008122,27,26,26,21.9,33.4,13,11.5,75.9,11.5,132.25,204.575,42.5,58.5,165,109,57,353,16.76767677,15.70707071,18.83040936,3.636363636,4.090909091,3.684210526,2.222222222,-1.111111111,23.88888889,1.2446,1.6764,4.4704,17.57936508,4.007936508,11.11111111,1.8542,16.2962963,3.814814815,0.833333333,1.9304
2008,QO,MNDY08,QO MNDY08,F,5/11/2008,2008132,4/15/2008,2008106,25,26,26.3,21,33.6,12.6,11.6,73.4,12.6,146.16,203.28,39.8,57.2,168,112,64,350,21.31313131,16.91919192,10.52631579,4.090909091,4.696969697,-1.228070175,29.72222222,8.888888889,-101.6666667,0,5.3086,4.1148,19.72222222,5.595238095,37.22222222,4.4958,18.48148148,4.703703704,23.88888889,5.3086
2008,SM,MNDY08,SM MNDY08,M,5/11/2008,2008132,4/15/2008,2008106,25,26,26.2,23.1,36.4,15.4,13.7,78.6,13.3,182.21,264.81,42.2,60.8,172,110,62,426,21.31313131,16.91919192,10.52631579,4.090909091,4.696969697,-1.228070175,29.72222222,8.888888889,-101.6666667,0,5.3086,4.1148,19.72222222,5.595238095,37.22222222,4.4958,18.48148148,4.703703704,23.88888889,5.3086
2008,TL,MNDY08,TL MNDY08,M,5/11/2008,2008132,4/15/2008,2008106,25,26,25.6,22.6,35.6,14,12.4,76.8,13,161.2,234.96,41.2,60.9,157,100,52,393,21.31313131,16.91919192,10.52631579,4.090909091,4.696969697,-1.228070175,29.72222222,8.888888889,-101.6666667,0,5.3086,4.1148,19.72222222,5.595238095,37.22222222,4.4958,18.48148148,4.703703704,23.88888889,5.3086
2008,WI,MNDY08,WI MNDY08,M,5/11/2008,2008132,4/15/2008,2008106,25,26,25.5,22,34.6,14.2,12.9,76.6,12.6,162.54,234.415,42,59.5,159,98,53,379,21.31313131,16.91919192,10.52631579,4.090909091,4.696969697,-1.228070175,29.72222222,8.888888889,-101.6666667,0,5.3086,4.1148,19.72222222,5.595238095,37.22222222,4.4958,18.48148148,4.703703704,23.88888889,5.3086
2008,JU,NEEL08,JU NEEL08,F,5/17/2008,2008138,4/21/2008,2008112,26,26,26.2,20.8,32.9,12.4,12.6,73.9,12.1,152.46,205.625,41,56.1,164,119,55,378,19.54545455,17.62626263,15.14619883,4.747474747,4.595959596,1.871345029,23.61111111,12.22222222,-28.33333333,4.318,1.2446,1.397,17.42063492,4.642857143,14.44444444,5.5626,16.18518519,3.888888889,0.555555556,2.1336
2008,KT,NEEL08,KT NEEL08,M,5/17/2008,2008138,4/20/2008,2008111,27,27,26.6,23.5,36.9,13.2,13.7,79.2,13.4,183.58,248.1525,42.3,60.2,170,115,70,430,21.41414141,16.76767677,15,6.212121212,3.636363636,1.228070175,41.94444444,2.222222222,-35.83333333,4.318,1.2446,1.524,17.6984127,4.603174603,16.11111111,5.5626,16.74074074,3.925925926,5,5.5626
2008,CZ,NMUR08,CZ NMUR08,F,5/27/2008,2008148,4/30/2008,2008121,28,27,26.5,22.8,34.4,13.3,12.7,77.3,11.6,147.32,223.6,42.9,58.8,173,119,65,370,16.06060606,16.11111111,19.18128655,3.585858586,3.636363636,4.122807018,-1.944444444,-1.388888889,31.38888889,1.3716,1.6002,4.6482,17.6984127,3.69047619,9.722222222,1.6256,16.7037037,3.666666667,2.777777778,1.8542
2008,DY,NMUR08,DY NMUR08,F,5/27/2008,2008148,4/30/2008,2008121,28,27,26.9,22.3,34.4,12.5,12.7,75.4,12.1,153.67,216.72,41,57.3,180,124,71,392,16.06060606,16.11111111,19.18128655,3.585858586,3.636363636,4.122807018,-1.944444444,-1.388888889,31.38888889,1.3716,1.6002,4.6482,17.6984127,3.69047619,9.722222222,1.6256,16.7037037,3.666666667,2.777777778,1.8542
2008,EX,NMUR08,EX NMUR08,M,5/27/2008,2008148,4/30/2008,2008121,28,27,27,24.3,37.1,13.5,13.8,79.3,12.8,176.64,253.2075,42.2,57.2,184,125,71,415,16.06060606,16.11111111,19.18128655,3.585858586,3.636363636,4.122807018,-1.944444444,-1.388888889,31.38888889,1.3716,1.6002,4.6482,17.6984127,3.69047619,9.722222222,1.6256,16.7037037,3.666666667,2.777777778,1.8542
2008,FW,NMUR08,FW NMUR08,F,5/27/2008,2008148,5/2/2008,2008123,28,25,25.4,20,32.8,12.8,11.9,70.9,12.8,152.32,202.54,38.1,54.9,151,94,52,327,17.62626263,15.1010101,18.68421053,4.595959596,3.939393939,3.771929825,12.22222222,-5.277777778,23.33333333,1.2446,1.778,4.5466,16.82539683,3.69047619,3.611111111,1.8542,15.44444444,3.62962963,-6.944444444,1.778
2008,PM,ROTA08,PM ROTA08,F,6/7/2008,2008159,5/12/2008,2008133,25,26,26,21.4,32,10.6,12.2,73.6,10.6,129.32,182.4,41.6,57.8,165,108,59,325,15.70707071,20.25252525,17.71929825,4.090909091,5.656565657,4.122807018,-1.111111111,32.5,17.5,1.6764,0.7874,5.5626,16.74603175,4.126984127,6.111111111,1.4732,18.18518519,5.037037037,24.16666667,1.0922
2008,QL,ROTA08,QL ROTA08,F,6/7/2008,2008159,5/12/2008,2008133,25,26,25.8,22.4,34.5,11.9,12,74.2,12.1,145.2,206.1375,39.7,56.8,164,107,54,312,15.70707071,20.25252525,17.71929825,4.090909091,5.656565657,4.122807018,-1.111111111,32.5,17.5,1.6764,0.7874,5.5626,16.74603175,4.126984127,6.111111111,1.4732,18.18518519,5.037037037,24.16666667,1.0922
2008,RK,ROTA08,RK ROTA08,M,6/7/2008,2008159,5/13/2008,2008134,24,25,25.3,21.4,34.9,11.1,12.3,73.9,13.5,166.05,204.165,39,59.8,152,100,40,330,15.1010101,21.41414141,17.30994152,3.939393939,6.01010101,4.005847953,-5.277777778,40.83333333,12.5,1.778,0.6858,5.5626,17.6984127,4.404761905,14.72222222,1.0922,18.92592593,5.37037037,32.22222222,0.8636
2008,AD,SEPG08,AD SEPG08,M,5/14/2008,2008135,4/19/2008,2008110,24,25,24.7,22.9,35.6,12.2,11.4,78.2,12.7,144.78,210.04,42.6,57.3,136,79,36,400,22.92929293,16.06060606,14.12280702,6.717171717,3.585858586,0.67251462,53.05555556,-1.944444444,-49.44444444,4.191,1.3716,2.2352,17.61904762,4.206349206,12.77777778,5.3086,17.2962963,4.444444444,13.05555556,5.5626
2008,BC,SEPG08,BC SEPG08,M,5/14/2008,2008135,4/19/2008,2008110,24,25,25.2,21.7,35.4,12,11.9,76.9,13.7,163.03,211.515,41.5,59.5,156,94,45,440,22.92929293,16.06060606,14.12280702,6.717171717,3.585858586,0.67251462,53.05555556,-1.944444444,-49.44444444,4.191,1.3716,2.2352,17.61904762,4.206349206,12.77777778,5.3086,17.2962963,4.444444444,13.05555556,5.5626
2008,DA,SEPG08,DA SEPG08,F,5/14/2008,2008135,4/19/2008,2008110,24,25,25,20.1,29.6,11.3,11.4,72.6,9.5,108.3,167.98,43,57.5,139,89,40,300,22.92929293,16.06060606,14.12280702,6.717171717,3.585858586,0.67251462,53.05555556,-1.944444444,-49.44444444,4.191,1.3716,2.2352,17.61904762,4.206349206,12.77777778,5.3086,17.2962963,4.444444444,13.05555556,5.5626
2008,HV,SILI08,HV SILI08,F,5/23/2008,2008144,4/26/2008,2008117,28,27,27.2,22.7,35.2,13.1,13.1,77.6,12.5,163.75,230.56,42.4,58.4,182,125,78,368,16.91919192,17.67676768,18.77192982,4.696969697,3.888888889,4.005847953,8.888888889,8.611111111,26.38888889,5.3086,1.3462,0.635,17.02380952,3.531746032,3.888888889,1.2446,17.7037037,4.555555556,16.94444444,2.2098
2008,IU,SILI08,IU SILI08,F,5/23/2008,2008144,4/26/2008,2008117,28,27,27,23.6,37.2,14,13.3,79.6,13.6,180.88,253.89,42.4,58.4,183,119,77,418,16.91919192,17.67676768,18.77192982,4.696969697,3.888888889,4.005847953,8.888888889,8.611111111,26.38888889,5.3086,1.3462,0.635,17.02380952,3.531746032,3.888888889,1.2446,17.7037037,4.555555556,16.94444444,2.2098
2008,JT,SILI08,JT SILI08,F,5/23/2008,2008144,4/26/2008,2008117,28,27,26.6,22.5,35.3,13.7,12,78,12.8,153.6,226.8025,42.7,60.5,174,118,67,394,16.91919192,17.67676768,18.77192982,4.696969697,3.888888889,4.005847953,8.888888889,8.611111111,26.38888889,5.3086,1.3462,0.635,17.02380952,3.531746032,3.888888889,1.2446,17.7037037,4.555555556,16.94444444,2.2098
2008,KS,SILI08,KS SILI08,F,5/23/2008,2008144,4/27/2008,2008118,27,26,25.6,22.1,34.5,12.3,12,74.9,12.4,148.8,209.5875,40.4,58.2,160,103,52,372,16.31313131,17.67676768,19.56140351,4.242424242,3.98989899,4.239766082,3.055555556,9.166666667,36.11111111,5.3086,1.6256,4.064,18.0952381,4.404761905,17.5,1.5494,17.77777778,4.111111111,14.16666667,2.4384
2008,NP,SLEB08,NP SLEB08,M,5/24/2008,2008145,4/25/2008,2008116,30,29,28.7,25.9,40,13.3,14.1,84.5,14.1,198.81,274,44.5,65.2,207,146,93,483,16.81818182,18.53535354,18.24561404,4.393939394,4.141414141,3.567251462,6.666666667,14.72222222,17.22222222,5.3086,0.5842,0.635,16.23015873,3.373015873,-2.777777778,1.3716,17.96296296,4.592592593,19.16666667,1.5748
2008,OO,SLEB08,OO SLEB08,M,5/24/2008,2008145,4/26/2008,2008117,30,28,28.1,24.6,37.6,13.9,14.2,82.8,13,184.6,264.14,45.2,63.9,205,140,85,455,16.91919192,17.67676768,18.77192982,4.696969697,3.888888889,4.005847953,8.888888889,8.611111111,26.38888889,5.3086,1.3462,0.635,17.02380952,3.531746032,3.888888889,1.2446,17.7037037,4.555555556,16.94444444,2.2098
2008,PN,SLEB08,PN SLEB08,F,5/24/2008,2008145,4/27/2008,2008118,29,27,27.2,22.6,36.7,13.8,12.4,79,14.1,174.84,240.385,42.3,61,185,128,75,400,16.31313131,17.67676768,19.56140351,4.242424242,3.98989899,4.239766082,3.055555556,9.166666667,36.11111111,5.3086,1.6256,4.064,18.0952381,4.404761905,17.5,1.5494,17.77777778,4.111111111,14.16666667,2.4384
2008,BB,SMUR08,BB SMUR08,F,5/23/2008,2008144,4/27/2008,2008118,26,26,26.1,21.7,34.6,14.3,13.1,76.4,12.9,168.99,237.01,41.8,59,163,108,61,375,16.31313131,17.67676768,19.56140351,4.242424242,3.98989899,4.239766082,3.055555556,9.166666667,36.11111111,5.3086,1.6256,4.064,18.0952381,4.404761905,17.5,1.5494,17.77777778,4.111111111,14.16666667,2.4384
2008,ZE,SMUR08,ZE SMUR08,M,5/23/2008,2008144,4/27/2008,2008118,26,26,25.8,21.4,34.3,13.6,13.4,77.4,12.9,172.86,231.525,43.1,60,163,106,56,424,16.31313131,17.67676768,19.56140351,4.242424242,3.98989899,4.239766082,3.055555556,9.166666667,36.11111111,5.3086,1.6256,4.064,18.0952381,4.404761905,17.5,1.5494,17.77777778,4.111111111,14.16666667,2.4384
2008,NR,STAD08,NR STAD08,F,5/11/2008,2008132,4/15/2008,2008106,25,26,26.2,22,34.3,14.4,13,74.6,12.3,159.9,234.955,40.3,59.6,167,117,58,380,21.31313131,16.91919192,10.52631579,4.090909091,4.696969697,-1.228070175,29.72222222,8.888888889,-101.6666667,0,5.3086,4.1148,19.72222222,5.595238095,37.22222222,4.4958,18.48148148,4.703703704,23.88888889,5.3086
2008,OQ,STAD08,OQ STAD08,M,5/11/2008,2008132,4/15/2008,2008106,25,26,26.3,23.6,36.1,15.4,13.6,77.6,12.5,170,261.725,41.5,59.8,168,119,56,432,21.31313131,16.91919192,10.52631579,4.090909091,4.696969697,-1.228070175,29.72222222,8.888888889,-101.6666667,0,5.3086,4.1148,19.72222222,5.595238095,37.22222222,4.4958,18.48148148,4.703703704,23.88888889,5.3086
2008,PP,STAD08,PP STAD08,M,5/11/2008,2008132,4/16/2008,2008107,23,25,25.1,22.4,34,13.6,12.9,73.6,11.6,149.64,225.25,39.6,60.7,149,92,42,373,22.82828283,16.31313131,10.81871345,5.202020202,4.242424242,-1.315789474,44.16666667,3.055555556,-99.72222222,0,5.3086,2.3622,18.96825397,5.396825397,30.55555556,5.3086,18.11111111,4.555555556,20,5.3086
2008,MR,WILG08,MR WILG08,F,5/18/2008,2008139,4/22/2008,2008113,25,26,25.9,23.1,34.7,13.8,13.1,75.6,11.6,151.96,233.3575,40.9,59.1,165,105,59,423,18.73737374,17.72727273,16.22807018,4.090909091,4.393939394,2.514619883,15.55555556,11.66666667,-11.94444444,4.445,1.1176,1.397,16.74603175,4.206349206,6.666666667,5.5626,15.88888889,3.333333333,-5.833333333,2.032
2008,NQ,WILG08,NQ WILG08,M,5/18/2008,2008139,4/22/2008,2008113,25,26,26.2,23.9,37.3,13.6,13.8,80.3,13.4,184.92,255.505,43,64.1,178,112,62,487,18.73737374,17.72727273,16.22807018,4.090909091,4.393939394,2.514619883,15.55555556,11.66666667,-11.94444444,4.445,1.1176,1.397,16.74603175,4.206349206,6.666666667,5.5626,15.88888889,3.333333333,-5.833333333,2.032
2008,OP,WILG08,OP WILG08,M,5/18/2008,2008139,4/21/2008,2008112,25,27,26.7,25.3,38.4,14.7,13.5,81.6,13.1,176.85,270.72,43.2,63.8,180,118,70,472,19.54545455,17.62626263,15.14619883,4.747474747,4.595959596,1.871345029,23.61111111,12.22222222,-28.33333333,4.318,1.2446,1.397,17.42063492,4.642857143,14.44444444,5.5626,16.18518519,3.888888889,0.555555556,2.1336
2008,QM,WWCK08,QM WWCK08,M,5/25/2008,2008146,4/30/2008,2008121,25,25,24.9,20.9,33.8,13,12,73.1,12.9,154.8,211.25,39.3,57.4,147,86,40,390,16.06060606,16.11111111,19.18128655,3.585858586,3.636363636,4.122807018,-1.944444444,-1.388888889,31.38888889,1.3716,1.6002,4.6482,17.6984127,3.69047619,9.722222222,1.6256,16.7037037,3.666666667,2.777777778,1.8542
2008,RL,WWCK08,RL WWCK08,M,5/25/2008,2008146,4/29/2008,2008120,25,26,25.9,23.3,37.1,14.3,14.1,78.4,13.8,194.58,263.41,41.3,61.7,167,109,53,420,15.65656566,16.16161616,19.32748538,3.686868687,3.484848485,4.385964912,-3.611111111,-1.944444444,35.27777778,2.032,1.6002,4.826,17.73809524,4.126984127,13.05555556,2.159,17.03703704,3.777777778,6.111111111,1.8542
2008,SK,WWCK08,SK WWCK08,M,5/25/2008,2008146,4/29/2008,2008120,25,26,25.6,21.8,33.8,12.7,13.1,75.6,12,157.2,218.01,41.8,58.1,168,103,52,415,15.65656566,16.16161616,19.32748538,3.686868687,3.484848485,4.385964912,-3.611111111,-1.944444444,35.27777778,2.032,1.6002,4.826,17.73809524,4.126984127,13.05555556,2.159,17.03703704,3.777777778,6.111111111,1.8542
2008,TJ,WWCK08,TJ WWCK08,M,5/25/2008,2008146,4/29/2008,2008120,25,26,25.8,22.1,36.9,14.4,13.8,78.9,14.8,204.24,260.145,42,61,165,105,56,428,15.65656566,16.16161616,19.32748538,3.686868687,3.484848485,4.385964912,-3.611111111,-1.944444444,35.27777778,2.032,1.6002,4.826,17.73809524,4.126984127,13.05555556,2.159,17.03703704,3.777777778,6.111111111,1.8542
2008,UI,WWCK08,UI WWCK08,F,5/25/2008,2008146,4/29/2008,2008120,25,26,25.5,21.6,34.5,11.8,12.2,72,12.9,157.38,207,37.5,57.9,155,99,49,330,15.65656566,16.16161616,19.32748538,3.686868687,3.484848485,4.385964912,-3.611111111,-1.944444444,35.27777778,2.032,1.6002,4.826,17.73809524,4.126984127,13.05555556,2.159,17.03703704,3.777777778,6.111111111,1.8542
2009,K2,BAR209,K2 BAR209,F,6/15/2009,2009166,5/21/2009,2009141,23,25,25,20.2,31.4,12.1,11.3,69.2,11.2,126.56,183.69,37.8,55,139,83,47,307,23.38383838,21.21212121,18.62573099,8.636363636,7.676767677,4.415204678,66.11111111,48.88888889,28.88888889,4.4196,1.0414,4.064,20.03968254,7.103174603,50,4.0894,21,8.62962963,72.22222222,3.7846
2009,L3,BAR209,L3 BAR209,M,6/15/2009,2009166,5/21/2009,2009141,24,25,24.9,20.3,27.9,11.4,11.8,72,7.6,89.68,161.82,44.1,55.9,146,82,44,337,23.38383838,21.21212121,18.62573099,8.636363636,7.676767677,4.415204678,66.11111111,48.88888889,28.88888889,4.4196,1.0414,4.064,20.03968254,7.103174603,50,4.0894,21,8.62962963,72.22222222,3.7846
2009,W3,BRAN09,W3 BRAN09,F,5/27/2009,2009147,5/1/2009,2009121,25,26,26.2,21.1,32.8,13.5,12,74.2,11.7,140.4,209.1,41.4,57.3,166,114,60,378,18.03030303,20.60606061,17.74853801,6.616161616,3.434343434,2.923976608,25.55555556,22.22222222,6.388888889,2.4892,2.8194,1.5494,17.97619048,4.365079365,16.38888889,4.064,20.11111111,4.555555556,35,3.1496
2009,X4,BRAN09,X4 BRAN09,M,5/27/2009,2009147,5/1/2009,2009121,25,26,25.9,23.2,36.5,14.1,13.2,79.1,13.3,175.56,249.1125,42.6,58.2,163,104,60,425,18.03030303,20.60606061,17.74853801,6.616161616,3.434343434,2.923976608,25.55555556,22.22222222,6.388888889,2.4892,2.8194,1.5494,17.97619048,4.365079365,16.38888889,4.064,20.11111111,4.555555556,35,3.1496
2009,Y5,BRAN09,Y5 BRAN09,M,5/27/2009,2009147,5/2/2009,2009122,24,25,24.9,20.9,32.7,13.5,12.9,74.3,11.8,152.22,215.82,41.6,59.3,145,88,38,370,17.82828283,21.56565657,18.74269006,5.505050505,4.242424242,3.450292398,18.33333333,31.94444444,20.83333333,2.3114,2.8194,2.6162,18.57142857,4.246031746,19.72222222,3.556,20.7037037,4.407407407,38.33333333,3.1242
2009,Z6,BRAN09,Z6 BRAN09,M,5/27/2009,2009147,5/1/2009,2009121,25,26,25.8,23.1,36.1,13.2,12.4,76.5,13,161.2,231.04,40.4,59.9,164,103,58,420,18.03030303,20.60606061,17.74853801,6.616161616,3.434343434,2.923976608,25.55555556,22.22222222,6.388888889,2.4892,2.8194,1.5494,17.97619048,4.365079365,16.38888889,4.064,20.11111111,4.555555556,35,3.1496
2009,M4,BRO209,M4 BRO209,U,6/28/2009,2009179,6/2/2009,2009153,26,26,26.1,23.7,36.2,12.4,12.1,77.6,12.5,151.25,221.725,41.4,59.5,168,118,53,393,21.86868687,22.02020202,21.40350877,9.04040404,11.21212121,6.286549708,60,72.77777778,73.05555556,3.683,5.0292,6.9596,23.0952381,10.99206349,98.61111111,5.8928,22.7037037,11.51851852,106.6666667,8.4836
2009,NY,CISH09,NY CISH09,F,5/17/2009,2009137,4/19/2009,2009109,29,28,28,22.9,32,13,12.3,77.8,9.1,111.93,202.4,45.8,61.1,194,134,89,411,20.75757576,18.63636364,11.34502924,5,6.717171717,-0.350877193,31.66666667,29.44444444,-85.55555556,1.3716,2.4892,3.81,21.15079365,5.634920635,47.5,2.3876,21.7037037,7.407407407,68.33333333,2.6924
2009,OX,CISH09,OX CISH09,M,5/17/2009,2009137,4/19/2009,2009109,29,28,28,24.3,36.6,13.9,13.5,81,12.3,166.05,250.71,44.4,59.5,196,137,85,435,20.75757576,18.63636364,11.34502924,5,6.717171717,-0.350877193,31.66666667,29.44444444,-85.55555556,1.3716,2.4892,3.81,21.15079365,5.634920635,47.5,2.3876,21.7037037,7.407407407,68.33333333,2.6924
2009,PW,CISH09,PW CISH09,M,5/17/2009,2009137,4/20/2009,2009110,29,27,27.4,24.1,36,11.9,13.8,80.1,11.9,164.22,231.3,44.1,59.7,190,137,71,412,20.50505051,18.03030303,11.5497076,4.747474747,6.616161616,-0.029239766,28.88888889,25.55555556,-80.55555556,1.3716,2.4892,3.81,21.62698413,6.468253968,56.66666667,2.3876,20.40740741,6.777777778,53.88888889,2.6924
2009,RU,CISH09,RU CISH09,M,5/17/2009,2009137,4/19/2009,2009109,29,28,28.3,26,39.9,13.9,14.2,84,13.9,197.38,280.2975,44.1,62.6,201,140,90,432,20.75757576,18.63636364,11.34502924,5,6.717171717,-0.350877193,31.66666667,29.44444444,-85.55555556,1.3716,2.4892,3.81,21.15079365,5.634920635,47.5,2.3876,21.7037037,7.407407407,68.33333333,2.6924
2009,TS,CISH09,TS CISH09,M,5/17/2009,2009137,4/21/2009,2009111,28,26,26.4,22.6,35.1,13.5,12.7,76.7,12.5,158.75,229.905,41.6,59.8,172,113,67,375,20.60606061,17.82828283,11.52046784,5.151515152,5.505050505,0.029239766,31.66666667,18.33333333,-80.27777778,1.5494,2.3114,4.191,21.54761905,7.341269841,62.22222222,2.667,19.51851852,6,41.38888889,2.6924
2009,N5,CLA209,N5 CLA209,U,7/11/2009,2009192,6/14/2009,2009165,28,27,27.1,22.4,31.4,12.6,12,76.1,9,108,193.11,44.7,59.1,171,127,74,355,22.22222222,24.39393939,21.28654971,11.31313131,13.43434343,8.830409357,74.44444444,98.05555556,96.11111111,4.953,6.2992,7.7978,23.76984127,13.25396825,119.1666667,8.4836,23.85185185,13.11111111,127.2222222,8.9408
2009,WE,DOGS09,WE DOGS09,F,5/16/2009,2009136,4/19/2009,2009109,25,27,26.5,23.2,33.7,13.8,13.6,80.7,10.5,142.8,230.845,47,64.5,177,116,67,454,20.75757576,18.63636364,11.34502924,5,6.717171717,-0.350877193,31.66666667,29.44444444,-85.55555556,1.3716,2.4892,3.81,21.15079365,5.634920635,47.5,2.3876,21.7037037,7.407407407,68.33333333,2.6924
2009,XD,DOGS09,XD DOGS09,F,5/16/2009,2009136,4/19/2009,2009109,25,27,26.5,23.4,36.1,14.2,13.7,78,12.7,173.99,251.7975,41.9,60,177,116,67,415,20.75757576,18.63636364,11.34502924,5,6.717171717,-0.350877193,31.66666667,29.44444444,-85.55555556,1.3716,2.4892,3.81,21.15079365,5.634920635,47.5,2.3876,21.7037037,7.407407407,68.33333333,2.6924
2009,YC,DOGS09,YC DOGS09,M,5/16/2009,2009136,4/20/2009,2009110,25,26,26.2,22.6,33.6,12.7,12.6,77.1,11,138.6,212.52,43.5,60.4,168,111,61,405,20.50505051,18.03030303,11.5497076,4.747474747,6.616161616,-0.029239766,28.88888889,25.55555556,-80.55555556,1.3716,2.4892,3.81,21.62698413,6.468253968,56.66666667,2.3876,20.40740741,6.777777778,53.88888889,2.6924
2009,B2,ECRI09,B2 ECRI09,F,5/18/2009,2009138,4/20/2009,2009110,28,28,27.8,23.8,36.1,11.7,13.3,80.8,12.3,163.59,225.625,44.7,59.5,190,131,85,412,20.50505051,18.03030303,11.5497076,4.747474747,6.616161616,-0.029239766,28.88888889,25.55555556,-80.55555556,1.3716,2.4892,3.81,21.62698413,6.468253968,56.66666667,2.3876,20.40740741,6.777777778,53.88888889,2.6924
2009,C3,ECRI09,C3 ECRI09,F,5/18/2009,2009138,4/21/2009,2009111,28,27,27.2,22.4,38.5,13,13.7,82.7,16.1,220.57,256.9875,44.2,61.5,191,127,75,425,20.60606061,17.82828283,11.52046784,5.151515152,5.505050505,0.029239766,31.66666667,18.33333333,-80.27777778,1.5494,2.3114,4.191,21.54761905,7.341269841,62.22222222,2.667,19.51851852,6,41.38888889,2.6924
2009,D4,ECRI09,D4 ECRI09,F,5/18/2009,2009138,4/20/2009,2009110,28,28,27.5,22.8,36,12.2,13.7,79.4,13.2,180.84,233.1,43.4,58.1,189,128,82,398,20.50505051,18.03030303,11.5497076,4.747474747,6.616161616,-0.029239766,28.88888889,25.55555556,-80.55555556,1.3716,2.4892,3.81,21.62698413,6.468253968,56.66666667,2.3876,20.40740741,6.777777778,53.88888889,2.6924
2009,AA,FOWA09,AA FOWA09,M,5/9/2009,2009129,4/13/2009,2009103,26,26,26.1,23.3,36.7,13.1,13.4,77.3,13.4,179.56,243.1375,40.6,62.2,170,110,61,400,13.38383838,22.57575758,10.05847953,0.757575758,5.454545455,0.321637427,-32.22222222,44.16666667,-91.38888889,1.143,1.4732,5.969,20.15873016,4.722222222,34.16666667,1.5494,20.07407407,5.037037037,38.33333333,2.6162
2009,BZ,FOWA09,BZ FOWA09,U,5/9/2009,2009129,4/13/2009,2009103,26,26,25.5,22.6,35.3,13.5,12.3,79.4,12.7,156.21,227.685,44.1,64,166,102,48,393,13.38383838,22.57575758,10.05847953,0.757575758,5.454545455,0.321637427,-32.22222222,44.16666667,-91.38888889,1.143,1.4732,5.969,20.15873016,4.722222222,34.16666667,1.5494,20.07407407,5.037037037,38.33333333,2.6162
2009,CY,FOWA09,CY FOWA09,F,5/9/2009,2009129,4/12/2009,2009102,26,27,26.5,22.1,33.7,12.8,13,76.5,11.6,150.8,217.365,42.8,60.5,173,115,68,373,13.03030303,21.86868687,10.11695906,0.303030303,5.101010101,0.087719298,-36.66666667,38.33333333,-93.05555556,0.8128,1.8034,5.969,19.92063492,3.76984127,25.83333333,1.3716,20.22222222,5.037037037,39.44444444,2.6162
2009,DX,FOWA09,DX FOWA09,M,5/9/2009,2009129,4/14/2009,2009104,25,25,25.2,22.6,33.5,13,12.2,76.7,10.9,132.98,211.05,43.2,61.6,152,94,46,350,13.88888889,23.08080808,9.85380117,1.060606061,5.909090909,0.204678363,-27.77777778,49.44444444,-94.44444444,1.1684,1.4478,5.969,20.47619048,5.198412698,39.72222222,2.6162,20.03703704,4.814814815,36.38888889,2.6162
2009,F7,HAMU09,F7 HAMU09,M,5/30/2009,2009150,5/5/2009,2009125,24,25,24.9,19.2,33.5,NA,14,74,14.3,200.2,117.25,40.5,60.5,151,93,31,360,17.72727273,22.87878788,19.47368421,4.898989899,5.555555556,4.152046784,14.44444444,46.38888889,34.44444444,1.778,2.8448,2.6162,20.51587302,3.928571429,31.11111111,2.8448,21.59259259,4.37037037,44.72222222,3.3782
2009,LP,HAPA09,LP HAPA09,M,5/13/2009,2009133,4/17/2009,2009107,25,26,25.8,22.4,33.4,12.3,12.5,76.3,11,137.5,207.08,42.9,58.5,161,106,53,390,18.13131313,19.94949495,10.05847953,3.080808081,6.414141414,-0.438596491,6.666666667,35,-98.61111111,1.1684,2.3876,5.1308,20.87301587,4.880952381,40.27777778,2.2352,20.85185185,5.888888889,50.55555556,2.413
2009,MO,HAPA09,MO HAPA09,F,5/13/2009,2009133,4/17/2009,2009107,25,26,25.6,21.5,33.6,12.1,13.4,73.5,12.1,162.14,214.2,39.9,56.7,156,103,51,362,18.13131313,19.94949495,10.05847953,3.080808081,6.414141414,-0.438596491,6.666666667,35,-98.61111111,1.1684,2.3876,5.1308,20.87301587,4.880952381,40.27777778,2.2352,20.85185185,5.888888889,50.55555556,2.413
2009,OM,HORC09,OM HORC09,U,5/13/2009,2009133,4/17/2009,2009107,25,26,26,21.5,32.4,13.3,12.7,75.5,10.9,138.43,210.6,43.1,60.3,166,110,57,429,18.13131313,19.94949495,10.05847953,3.080808081,6.414141414,-0.438596491,6.666666667,35,-98.61111111,1.1684,2.3876,5.1308,20.87301587,4.880952381,40.27777778,2.2352,20.85185185,5.888888889,50.55555556,2.413
2009,TH,JUDD09,TH JUDD09,F,5/15/2009,2009135,4/20/2009,2009110,23,25,25.3,21.9,33.2,11.8,12.1,75.8,11.3,136.73,198.37,42.6,57.6,152,93,50,405,20.50505051,18.03030303,11.5497076,4.747474747,6.616161616,-0.029239766,28.88888889,25.55555556,-80.55555556,1.3716,2.4892,3.81,21.62698413,6.468253968,56.66666667,2.3876,20.40740741,6.777777778,53.88888889,2.6924
2009,UG,JUDD09,UG JUDD09,M,5/15/2009,2009135,4/20/2009,2009110,23,25,24.9,21.5,32.5,12.6,12.5,76,11,137.5,203.9375,43.5,61.9,146,87,40,447,20.50505051,18.03030303,11.5497076,4.747474747,6.616161616,-0.029239766,28.88888889,25.55555556,-80.55555556,1.3716,2.4892,3.81,21.62698413,6.468253968,56.66666667,2.3876,20.40740741,6.777777778,53.88888889,2.6924
2009,VF,JUDD09,VF JUDD09,F,5/15/2009,2009135,4/20/2009,2009110,23,25,25.2,21.2,31,13.3,12.6,73.8,9.8,123.48,200.725,42.8,59.8,152,92,45,420,20.50505051,18.03030303,11.5497076,4.747474747,6.616161616,-0.029239766,28.88888889,25.55555556,-80.55555556,1.3716,2.4892,3.81,21.62698413,6.468253968,56.66666667,2.3876,20.40740741,6.777777778,53.88888889,2.6924
2009,WP,KAYS09,WP KAYS09,M,5/18/2009,2009138,4/23/2009,2009113,25,25,25.3,21.9,34.6,13.6,11.9,75.9,12.7,151.13,220.575,41.3,59.6,155,97,46,382,21.86868687,17.67676768,11.31578947,5.101010101,5,9.70047096377228e-16,38.33333333,14.72222222,-82.5,1.8034,1.524,3.2512,19.84126984,6.547619048,44.72222222,2.6924,17.96296296,5.037037037,22.5,2.7686
2009,XO,KAYS09,XO KAYS09,M,5/18/2009,2009138,4/23/2009,2009113,24,25,25.2,22.2,32.7,13.7,12.3,78,10.5,129.15,212.55,45.3,61.8,157,95,45,410,21.86868687,17.67676768,11.31578947,5.101010101,5,9.70047096377228e-16,38.33333333,14.72222222,-82.5,1.8034,1.524,3.2512,19.84126984,6.547619048,44.72222222,2.6924,17.96296296,5.037037037,22.5,2.7686
2009,ZM,KAYS09,ZM KAYS09,F,5/18/2009,2009138,4/22/2009,2009112,25,26,25.8,22,33.2,13.9,12,76,11.2,134.4,214.97,42.8,58.9,162,105,57,402,21.96969697,17.27272727,11.49122807,5.202020202,5.050505051,9.70029977395557e-16,39.44444444,12.77777778,-80.83333333,2.2352,1.2446,4.6228,21.07142857,7.142857143,57.5,2.6924,18.48148148,5,26.11111111,2.6924
2009,G8,LOCO09,G8 LOCO09,M,5/30/2009,2009150,5/4/2009,2009124,26,26,26.2,24.8,37.8,13.8,13.8,80.2,13,179.4,260.82,42.4,60.8,165,108,64,425,17.67676768,22.72727273,19.50292398,5,5.95959596,3.830409357,14.72222222,47.77777778,31.66666667,1.524,3.0988,2.6162,20.35714286,4.206349206,31.94444444,3.1242,20.96296296,4.481481481,40.83333333,3.3782
2009,H9,LOCO09,H9 LOCO09,U,5/30/2009,2009150,5/3/2009,2009123,28,27,27.2,24.6,36.4,12.4,14,80.5,11.8,165.2,240.24,44.1,60.3,187,127,75,450,17.27272727,22.52525253,19.18128655,5.050505051,5.404040404,3.684210526,12.77777778,43.61111111,27.22222222,1.2446,3.3782,2.6162,19.36507937,4.047619048,23.88888889,3.1496,21,4.481481481,41.11111111,3.4036
2009,I0,LOCO09,I0 LOCO09,M,5/30/2009,2009150,5/3/2009,2009123,27,27,26.7,23.2,34.4,13.2,13.9,78.9,11.2,155.68,233.06,44.5,59.6,178,117,70,434,17.27272727,22.52525253,19.18128655,5.050505051,5.404040404,3.684210526,12.77777778,43.61111111,27.22222222,1.2446,3.3782,2.6162,19.36507937,4.047619048,23.88888889,3.1496,21,4.481481481,41.11111111,3.4036
2009,J1,LOCO09,J1 LOCO09,F,5/30/2009,2009150,5/4/2009,2009124,26,26,26.2,22.3,35,11.2,13.8,78.7,12.7,175.26,218.75,43.7,61.6,170,106,66,409,17.67676768,22.72727273,19.50292398,5,5.95959596,3.830409357,14.72222222,47.77777778,31.66666667,1.524,3.0988,2.6162,20.35714286,4.206349206,31.94444444,3.1242,20.96296296,4.481481481,40.83333333,3.3782
2009,HT,MNDY09,HT MNDY09,M,5/10/2009,2009130,4/14/2009,2009104,25,26,25.9,23.4,35.6,12,12.4,78.2,12.2,151.28,217.16,42.6,58,164,104,58,397,13.88888889,23.08080808,9.85380117,1.060606061,5.909090909,0.204678363,-27.77777778,49.44444444,-94.44444444,1.1684,1.4478,5.969,20.47619048,5.198412698,39.72222222,2.6162,20.03703704,4.814814815,36.38888889,2.6162
2009,IS,MNDY09,IS MNDY09,F,5/10/2009,2009130,4/14/2009,2009104,25,26,26.1,20.8,34.2,10,11.1,73.6,13.4,148.74,180.405,39.4,54.7,161,111,59,344,13.88888889,23.08080808,9.85380117,1.060606061,5.909090909,0.204678363,-27.77777778,49.44444444,-94.44444444,1.1684,1.4478,5.969,20.47619048,5.198412698,39.72222222,2.6162,20.03703704,4.814814815,36.38888889,2.6162
2009,JR,MNDY09,JR MNDY09,F,5/10/2009,2009130,4/14/2009,2009104,25,26,25.7,21.5,33.1,10.9,12,72.1,11.6,139.2,189.4975,39,56.3,157,98,58,352,13.88888889,23.08080808,9.85380117,1.060606061,5.909090909,0.204678363,-27.77777778,49.44444444,-94.44444444,1.1684,1.4478,5.969,20.47619048,5.198412698,39.72222222,2.6162,20.03703704,4.814814815,36.38888889,2.6162
2009,FG,NMUR09,FG NMUR09,M,5/16/2009,2009136,4/20/2009,2009110,25,26,25.6,24.1,35.3,13.8,12.4,77.6,11.2,138.88,231.215,42.3,59.3,159,102,52,415,20.50505051,18.03030303,11.5497076,4.747474747,6.616161616,-0.029239766,28.88888889,25.55555556,-80.55555556,1.3716,2.4892,3.81,21.62698413,6.468253968,56.66666667,2.3876,20.40740741,6.777777778,53.88888889,2.6924
2009,GF,NMUR09,GF NMUR09,M,5/16/2009,2009136,4/20/2009,2009110,25,26,25.9,21.7,33.2,13.3,12.7,75,11.5,146.05,215.8,41.8,59.4,159,104,59,395,20.50505051,18.03030303,11.5497076,4.747474747,6.616161616,-0.029239766,28.88888889,25.55555556,-80.55555556,1.3716,2.4892,3.81,21.62698413,6.468253968,56.66666667,2.3876,20.40740741,6.777777778,53.88888889,2.6924
2009,HE,NMUR09,HE NMUR09,M,5/16/2009,2009136,4/20/2009,2009110,25,26,25.5,21.5,33.3,13.5,12.7,74.1,11.8,149.86,218.115,40.8,56.8,151,99,52,337,20.50505051,18.03030303,11.5497076,4.747474747,6.616161616,-0.029239766,28.88888889,25.55555556,-80.55555556,1.3716,2.4892,3.81,21.62698413,6.468253968,56.66666667,2.3876,20.40740741,6.777777778,53.88888889,2.6924
2009,ID,NMUR09,ID NMUR09,M,5/16/2009,2009136,4/21/2009,2009111,24,25,25,21.1,31,13.2,11.9,74.4,9.9,117.81,194.525,43.4,55.8,142,85,43,327,20.60606061,17.82828283,11.52046784,5.151515152,5.505050505,0.029239766,31.66666667,18.33333333,-80.27777778,1.5494,2.3114,4.191,21.54761905,7.341269841,62.22222222,2.667,19.51851852,6,41.38888889,2.6924
2009,ZB,NMUR09,ZB NMUR09,M,5/16/2009,2009136,4/20/2009,2009110,25,26,26.3,22.4,35.5,14.1,13.9,78.5,13.1,182.09,248.5,43,59.1,168,112,63,457,20.50505051,18.03030303,11.5497076,4.747474747,6.616161616,-0.029239766,28.88888889,25.55555556,-80.55555556,1.3716,2.4892,3.81,21.62698413,6.468253968,56.66666667,2.3876,20.40740741,6.777777778,53.88888889,2.6924
2009,PL,NROC09,PL NROC09,M,5/15/2009,2009135,4/19/2009,2009109,24,26,25.5,22.1,36,13.8,12.9,76.6,13.9,179.31,240.3,40.6,54.1,153,101,49,425,20.75757576,18.63636364,11.34502924,5,6.717171717,-0.350877193,31.66666667,29.44444444,-85.55555556,1.3716,2.4892,3.81,21.15079365,5.634920635,47.5,2.3876,21.7037037,7.407407407,68.33333333,2.6924
2009,QK,NROC09,QK NROC09,F,5/15/2009,2009135,4/19/2009,2009109,24,26,25.5,22,33.2,12.6,12.1,74,11.2,135.52,205.01,40.8,55.7,154,97,51,377,20.75757576,18.63636364,11.34502924,5,6.717171717,-0.350877193,31.66666667,29.44444444,-85.55555556,1.3716,2.4892,3.81,21.15079365,5.634920635,47.5,2.3876,21.7037037,7.407407407,68.33333333,2.6924
2009,RJ,NROC09,RJ NROC09,F,5/15/2009,2009135,4/20/2009,2009110,24,25,25.4,22,33.1,11.8,11.1,75.2,11.1,123.21,189.4975,42.1,52.2,149,95,51,375,20.50505051,18.03030303,11.5497076,4.747474747,6.616161616,-0.029239766,28.88888889,25.55555556,-80.55555556,1.3716,2.4892,3.81,21.62698413,6.468253968,56.66666667,2.3876,20.40740741,6.777777778,53.88888889,2.6924
2009,SI,NROC09,SI NROC09,F,5/15/2009,2009135,4/20/2009,2009110,24,25,25.1,21,32,13.1,12.1,71.6,11,133.1,201.6,39.6,55.5,144,91,45,360,20.50505051,18.03030303,11.5497076,4.747474747,6.616161616,-0.029239766,28.88888889,25.55555556,-80.55555556,1.3716,2.4892,3.81,21.62698413,6.468253968,56.66666667,2.3876,20.40740741,6.777777778,53.88888889,2.6924
2009,M3,ROWA09,M3 ROWA09,F,5/20/2009,2009140,4/25/2009,2009115,25,25,25.3,22.4,32.5,11.9,12.2,75.2,10.1,123.22,195.8125,42.7,60,148,95,48,395,23.08080808,18.28282828,12.30994152,5.909090909,5.252525253,-0.292397661,49.44444444,19.44444444,-75.83333333,1.4478,1.8034,2.5654,17.73809524,5.238095238,20.83333333,2.4892,18.33333333,4.888888889,24.16666667,2.8702
2009,N4,ROWA09,N4 ROWA09,F,5/20/2009,2009140,4/24/2009,2009114,25,26,25.6,21.2,32.9,11.7,12.8,75.4,11.7,149.76,201.5125,42.5,58.2,159,102,52,380,22.57575758,17.72727273,11.66666667,5.454545455,4.898989899,-0.14619883,44.16666667,14.44444444,-80.55555556,1.4732,1.778,2.7686,18.57142857,5.396825397,27.77777778,2.6924,18.03703704,5.148148148,23.88888889,3.0226
2009,O5,ROWA09,O5 ROWA09,M,5/20/2009,2009140,4/25/2009,2009115,25,25,25.2,22.6,33.8,13.2,12.7,77.5,11.2,142.24,218.855,43.7,60.2,153,92,45,418,23.08080808,18.28282828,12.30994152,5.909090909,5.252525253,-0.292397661,49.44444444,19.44444444,-75.83333333,1.4478,1.8034,2.5654,17.73809524,5.238095238,20.83333333,2.4892,18.33333333,4.888888889,24.16666667,2.8702
2009,P6,ROWA09,P6 ROWA09,M,5/20/2009,2009140,4/25/2009,2009115,24,25,24.7,22.3,32.6,14.4,12.6,74.5,10.3,129.78,220.05,41.9,57.2,136,83,31,380,23.08080808,18.28282828,12.30994152,5.909090909,5.252525253,-0.292397661,49.44444444,19.44444444,-75.83333333,1.4478,1.8034,2.5654,17.73809524,5.238095238,20.83333333,2.4892,18.33333333,4.888888889,24.16666667,2.8702
2009,T0,SLIM09,T0 SLIM09,M,5/23/2009,2009143,4/27/2009,2009117,24,26,25.7,23,34.7,15,12.8,78.1,11.7,149.76,241.165,43.4,62.2,152,101,55,480,21.01010101,18.73737374,14.73684211,6.464646465,4.292929293,1.081871345,41.11111111,16.66666667,-39.72222222,2.3622,3.1496,1.6256,18.0952381,4.761904762,20,2.8448,18.14814815,4.777777778,21.94444444,4.064
2009,A2,SMUR09,A2 SMUR09,M,5/28/2009,2009148,5/1/2009,2009121,28,27,26.7,23.1,36.5,14.9,13.1,79.2,13.4,175.54,255.5,42.7,61.2,180,120,68,420,18.03030303,20.60606061,17.74853801,6.616161616,3.434343434,2.923976608,25.55555556,22.22222222,6.388888889,2.4892,2.8194,1.5494,17.97619048,4.365079365,16.38888889,4.064,20.11111111,4.555555556,35,3.1496
2009,B3,SMUR09,B3 SMUR09,M,5/28/2009,2009148,4/30/2009,2009120,29,28,27.7,24.2,36,12.2,13,80.1,11.8,153.4,226.8,44.1,60.2,200,137,79,453,18.63636364,18.83838384,17.19298246,6.717171717,2.525252525,2.192982456,29.44444444,7.5,-5.833333333,2.4892,2.8194,1.3716,18.13492063,4.722222222,20,4.064,19.22222222,4.444444444,27.5,3.556
2009,C4,SMUR09,C4 SMUR09,M,5/28/2009,2009148,4/30/2009,2009120,29,28,27.8,23.6,38.5,13.2,13.2,81.8,14.9,196.68,254.1,43.3,58.3,200,138,80,448,18.63636364,18.83838384,17.19298246,6.717171717,2.525252525,2.192982456,29.44444444,7.5,-5.833333333,2.4892,2.8194,1.3716,18.13492063,4.722222222,20,4.064,19.22222222,4.444444444,27.5,3.556
2009,D5,SPRU09,D5 SPRU09,M,5/28/2009,2009148,5/1/2009,2009121,28,27,27.2,25.2,38.2,12.8,13.2,82.2,13,171.6,248.3,44,60.9,194,134,70,430,18.03030303,20.60606061,17.74853801,6.616161616,3.434343434,2.923976608,25.55555556,22.22222222,6.388888889,2.4892,2.8194,1.5494,17.97619048,4.365079365,16.38888889,4.064,20.11111111,4.555555556,35,3.1496
2009,ef&d,SPRU09,ef&d SPRU09,U,5/28/2009,2009148,5/2/2009,2009122,27,26,26.2,23,37.5,12.8,12.7,77,14.5,184.15,239.0625,39.5,58,175,114,60,428,17.82828283,21.56565657,18.74269006,5.505050505,4.242424242,3.450292398,18.33333333,31.94444444,20.83333333,2.3114,2.8194,2.6162,18.57142857,4.246031746,19.72222222,3.556,20.7037037,4.407407407,38.33333333,3.1242
2009,EW,STAD09,EW STAD09,F,5/9/2009,2009129,4/13/2009,2009103,24,26,26.3,22.4,34.1,12.9,11.9,75,11.7,139.23,211.42,40.9,59.1,167,117,60,384,13.38383838,22.57575758,10.05847953,0.757575758,5.454545455,0.321637427,-32.22222222,44.16666667,-91.38888889,1.143,1.4732,5.969,20.15873016,4.722222222,34.16666667,1.5494,20.07407407,5.037037037,38.33333333,2.6162
2009,FV,STAD09,FV STAD09,M,5/9/2009,2009129,4/13/2009,2009103,25,26,26.4,24.8,36.5,14.2,13.7,80.7,11.7,160.29,254.5875,44.2,63.5,181,116,64,460,13.38383838,22.57575758,10.05847953,0.757575758,5.454545455,0.321637427,-32.22222222,44.16666667,-91.38888889,1.143,1.4732,5.969,20.15873016,4.722222222,34.16666667,1.5494,20.07407407,5.037037037,38.33333333,2.6162
2009,GU,STAD09,GU STAD09,F,5/9/2009,2009129,4/13/2009,2009103,25,26,26.4,21.9,32.8,13.3,12.1,74.7,10.9,131.89,208.28,41.9,60.6,173,111,67,385,13.38383838,22.57575758,10.05847953,0.757575758,5.454545455,0.321637427,-32.22222222,44.16666667,-91.38888889,1.143,1.4732,5.969,20.15873016,4.722222222,34.16666667,1.5494,20.07407407,5.037037037,38.33333333,2.6162
2009,R8,STEX09,R8 STEX09,F,5/20/2009,2009140,4/25/2009,2009115,24,25,25.3,21.8,32.9,12.4,11.8,74.5,11.1,130.98,199.045,41.6,58.9,149,98,44,342,23.08080808,18.28282828,12.30994152,5.909090909,5.252525253,-0.292397661,49.44444444,19.44444444,-75.83333333,1.4478,1.8034,2.5654,17.73809524,5.238095238,20.83333333,2.4892,18.33333333,4.888888889,24.16666667,2.8702
2009,S9,STEX09,S9 STEX09,F,5/20/2009,2009140,4/25/2009,2009115,24,25,25.3,22.9,34.1,12.8,11.2,77.1,11.2,125.44,204.6,43,58.8,154,100,42,345,23.08080808,18.28282828,12.30994152,5.909090909,5.252525253,-0.292397661,49.44444444,19.44444444,-75.83333333,1.4478,1.8034,2.5654,17.73809524,5.238095238,20.83333333,2.4892,18.33333333,4.888888889,24.16666667,2.8702
2009,JC,SWEG09,JC SWEG09,M,5/16/2009,2009136,4/20/2009,2009110,24,26,25.5,20.8,33.8,13.7,12.6,76,13,163.8,222.235,42.2,60.8,153,98,50,418,20.50505051,18.03030303,11.5497076,4.747474747,6.616161616,-0.029239766,28.88888889,25.55555556,-80.55555556,1.3716,2.4892,3.81,21.62698413,6.468253968,56.66666667,2.3876,20.40740741,6.777777778,53.88888889,2.6924
2009,LA,SWEG09,LA SWEG09,F,5/16/2009,2009136,4/21/2009,2009111,24,25,25.2,19.9,30.6,14.5,12.3,71.9,10.7,131.61,205.02,41.3,58,148,93,47,370,20.60606061,17.82828283,11.52046784,5.151515152,5.505050505,0.029239766,31.66666667,18.33333333,-80.27777778,1.5494,2.3114,4.191,21.54761905,7.341269841,62.22222222,2.667,19.51851852,6,41.38888889,2.6924
2009,MZ,SWEG09,MZ SWEG09,F,5/16/2009,2009136,4/20/2009,2009110,24,26,25.5,21.4,31.7,13.8,12.7,73.3,10.3,130.81,210.0125,41.6,56.8,152,98,52,343,20.50505051,18.03030303,11.5497076,4.747474747,6.616161616,-0.029239766,28.88888889,25.55555556,-80.55555556,1.3716,2.4892,3.81,21.62698413,6.468253968,56.66666667,2.3876,20.40740741,6.777777778,53.88888889,2.6924
2009,E5,WWCK09,E5 WWCK09,M,5/18/2009,2009138,4/21/2009,2009111,27,27,26.6,24,36.3,14,14.1,80.6,12.3,173.43,255.0075,44.3,61.9,176,119,66,430,20.60606061,17.82828283,11.52046784,5.151515152,5.505050505,0.029239766,31.66666667,18.33333333,-80.27777778,1.5494,2.3114,4.191,21.54761905,7.341269841,62.22222222,2.667,19.51851852,6,41.38888889,2.6924
2009,F6,WWCK09,F6 WWCK09,F,5/18/2009,2009138,4/22/2009,2009112,25,26,25.6,20.7,31.8,12.3,12.3,72.8,11.1,136.53,195.57,41,56.6,156,97,55,330,21.96969697,17.27272727,11.49122807,5.202020202,5.050505051,9.70029977395557e-16,39.44444444,12.77777778,-80.83333333,2.2352,1.2446,4.6228,21.07142857,7.142857143,57.5,2.6924,18.48148148,5,26.11111111,2.6924
2010,E9,BIRN10,E9 BIRN10,M,5/15/2010,2010135,4/19/2010,2010109,25,26,26.2,21,32.6,12.8,12.8,75.5,11.6,148.48,208.64,42.9,57.5,175,115,57,388,13.08080808,20.65656566,18.68421053,0.454545455,7.222222222,3.099415205,-35.55555556,43.33333333,16.94444444,3.4544,2.8956,2.413,18.49206349,5.833333333,30.27777778,5.2578,17.81481481,5.814814815,27.22222222,5.842
2010,F0,BIRN10,F0 BIRN10,M,5/15/2010,2010135,4/20/2010,2010110,24,25,25.3,20.4,32,13.5,13.3,73.2,11.6,154.28,214.4,41.2,52.4,154,99,43,322,13.63636364,20.1010101,18.68421053,1.01010101,6.565656566,3.011695906,-29.44444444,36.66666667,16.11111111,3.3782,2.8956,2.3876,18.80952381,6.507936508,37.22222222,6.1722,17.85185185,5.074074074,21.94444444,4.7498
2010,G1,BIRN10,G1 BIRN10,F,5/15/2010,2010135,4/19/2010,2010109,25,26,26,20.3,32.5,12.7,12.3,72.4,12.2,150.06,203.125,39.9,56.8,165,112,55,324,13.08080808,20.65656566,18.68421053,0.454545455,7.222222222,3.099415205,-35.55555556,43.33333333,16.94444444,3.4544,2.8956,2.413,18.49206349,5.833333333,30.27777778,5.2578,17.81481481,5.814814815,27.22222222,5.842
2010,A6,BUR210,A6 BUR210,M,6/2/2010,2010153,5/8/2010,2010128,25,25,25,21.6,31.7,11.7,12.4,74.2,10.1,125.24,190.9925,42.5,58.5,145,92,38,350,15.35353535,25.55555556,17.74853801,3.585858586,12.02020202,4.649122807,-5.833333333,96.66666667,22.77777778,3.5814,0.6096,6.1722,21.42857143,9.087301587,73.61111111,1.3462,24.2962963,10.85185185,113.6111111,0.6096
2010,B7,BUR210,B7 BUR210,F,6/2/2010,2010153,5/7/2010,2010127,25,26,25.5,23.9,36.9,12.4,13.3,76.1,13,172.9,237.0825,39.2,58.5,154,103,45,331,15.1010101,25.05050505,17.42690058,3.080808081,11.46464646,4.210526316,-10,90.83333333,15.55555556,3.5814,0.5588,5.334,20.11904762,8.373015873,59.44444444,3.1242,23.51851852,10.25925926,103.3333333,1.3208
2010,L5,BUR210,L5 BUR210,F,6/2/2010,2010153,5/8/2010,2010128,25,25,24.8,21,30.9,11.1,11.7,73.4,9.9,115.83,176.13,42.5,56.5,145,89,33,270,15.35353535,25.55555556,17.74853801,3.585858586,12.02020202,4.649122807,-5.833333333,96.66666667,22.77777778,3.5814,0.6096,6.1722,21.42857143,9.087301587,73.61111111,1.3462,24.2962963,10.85185185,113.6111111,0.6096
2010,J2,CARD10,J2 CARD10,F,5/9/2010,2010129,4/13/2010,2010103,25,26,25.6,21.9,33.8,14.2,13.3,76.1,11.9,158.27,232.375,42.3,60.8,158,97,55,450,15,17.57575758,16.05263158,0.707070707,5.707070707,1.695906433,-23.61111111,18.05555556,-21.38888889,1.2954,3.6322,5.0038,13.73015873,1.468253968,-33.61111111,3.7084,16.96296296,4.185185185,8.611111111,3.6322
2010,K3,CARD10,K3 CARD10,M,5/9/2010,2010129,4/14/2010,2010104,24,25,24.7,22.3,34.3,14.2,12.6,76.6,12,151.2,229.81,42.3,60.1,142,82,35,415,15.05050505,18.28282828,16.08187135,0.303030303,6.414141414,1.812865497,-25.55555556,25.83333333,-20,1.2954,3.683,3.8608,15.3968254,2.46031746,-15,3.4798,17.44444444,4.62962963,15.55555556,3.683
2010,K4,DAWA10,K4 DAWA10,M,6/2/2010,2010153,5/8/2010,2010128,25,25,24.9,21.1,31.2,13,13.1,73.5,10.1,132.31,203.58,42.3,55.1,139,91,31,284,15.35353535,25.55555556,17.74853801,3.585858586,12.02020202,4.649122807,-5.833333333,96.66666667,22.77777778,3.5814,0.6096,6.1722,21.42857143,9.087301587,73.61111111,1.3462,24.2962963,10.85185185,113.6111111,0.6096
2010,A4,ECLO10,A4 ECLO10,M,5/21/2010,2010141,4/25/2010,2010115,26,26,25.9,23.8,35.4,12.3,13.4,80.9,11.6,155.44,227.445,45.5,61.3,172,109,55,418,18.28282828,15.80808081,16.40350877,6.414141414,3.98989899,1.374269006,25.83333333,-1.111111111,-21.11111111,3.683,5.1562,2.8194,18.37301587,5.674603175,28.33333333,4.699,18.25925926,6.074074074,32.5,5.461
2010,B5,ECLO10,B5 ECLO10,F,5/21/2010,2010141,4/25/2010,2010115,26,26,25.7,23.3,32.5,13.5,13,77.5,9.2,119.6,215.3125,45,59.1,170,104,54,382,18.28282828,15.80808081,16.40350877,6.414141414,3.98989899,1.374269006,25.83333333,-1.111111111,-21.11111111,3.683,5.1562,2.8194,18.37301587,5.674603175,28.33333333,4.699,18.25925926,6.074074074,32.5,5.461
2010,D7,ECLO10,D7 ECLO10,M,5/21/2010,2010141,4/26/2010,2010116,25,25,24.8,21.5,33.9,12.3,12.6,75,12.4,156.24,211.0275,41.1,59,150,84,35,350,18.93939394,15.1010101,15.73099415,7.373737374,3.080808081,1.374269006,34.72222222,-10,-27.5,4.826,3.5814,3.6322,18.25396825,5.674603175,27.5,5.461,17.51851852,5.185185185,20.27777778,5.4356
2010,Z4,EQUI10,Z4 EQUI10,F,5/20/2010,2010140,4/25/2010,2010115,25,25,24.9,20.4,30.5,10.7,12.2,73.1,10.1,123.22,174.6125,42.6,58.7,150,89,35,315,18.28282828,15.80808081,16.40350877,6.414141414,3.98989899,1.374269006,25.83333333,-1.111111111,-21.11111111,3.683,5.1562,2.8194,18.37301587,5.674603175,28.33333333,4.699,18.25925926,6.074074074,32.5,5.461
2010,M5,FOWA10,M5 FOWA10,M,5/9/2010,2010129,4/11/2010,2010101,28,28,27.6,25,38,13.1,12.9,81,13,167.7,247,43,61.4,187,134,79,415,14.94949495,15.80808081,15.67251462,0.757575758,3.282828283,1.608187135,-23.61111111,-5,-25.83333333,1.2954,3.4036,5.2832,13.84920635,1.111111111,-35.27777778,4.6736,14.77777778,2.407407407,-21.11111111,3.7338
2010,N6,FOWA10,N6 FOWA10,F,5/9/2010,2010129,4/12/2010,2010102,27,27,26.5,20.8,34,11.7,11.4,73.9,13.2,150.48,196.35,39.9,57.1,177,116,66,340,15.4040404,16.51515152,16.02339181,0.757575758,4.696969697,1.461988304,-21.11111111,6.666666667,-23.88888889,1.2954,3.429,5.0038,13.73015873,1.150793651,-35.83333333,4.6736,16.18518519,3.518518519,-2.222222222,3.5052
2010,O7,FOWA10,O7 FOWA10,M,5/9/2010,2010129,4/13/2010,2010103,27,26,26.3,22.5,36,13,12.9,78.5,13.5,174.15,233.1,42.5,63,175,115,63,400,15,17.57575758,16.05263158,0.707070707,5.707070707,1.695906433,-23.61111111,18.05555556,-21.38888889,1.2954,3.6322,5.0038,13.73015873,1.468253968,-33.61111111,3.7084,16.96296296,4.185185185,8.611111111,3.6322
2010,E8,HICK10,E8 HICK10,M,5/21/2010,2010141,4/25/2010,2010115,26,26,26.1,23.4,36.9,13.8,13.8,78.6,13.5,186.3,254.61,41.7,57.2,167,113,56,398,18.28282828,15.80808081,16.40350877,6.414141414,3.98989899,1.374269006,25.83333333,-1.111111111,-21.11111111,3.683,5.1562,2.8194,18.37301587,5.674603175,28.33333333,4.699,18.25925926,6.074074074,32.5,5.461
2010,S1,HORC10,S1 HORC10,M,5/10/2010,2010130,4/14/2010,2010104,25,26,26,22.7,34.7,12.4,13.2,77.7,12,158.4,222.08,43,57.1,171,114,51,365,15.05050505,18.28282828,16.08187135,0.303030303,6.414141414,1.812865497,-25.55555556,25.83333333,-20,1.2954,3.683,3.8608,15.3968254,2.46031746,-15,3.4798,17.44444444,4.62962963,15.55555556,3.683
2010,X7,LOCO10,X7 LOCO10,M,5/25/2010,2010145,4/30/2010,2010120,25,25,25.4,22.6,34.1,13.5,13,76.3,11.5,149.5,225.9125,42.2,60.7,157,95,52,365,20.65656566,17.12121212,14.18128655,7.222222222,5.505050505,0.877192982,43.33333333,14.44444444,-46.94444444,2.8956,3.1242,4.6736,16.74603175,4.166666667,6.388888889,5.207,16.48148148,4.444444444,6.944444444,4.1402
2010,Y2,LOCO10,Y2 LOCO10,F,5/25/2010,2010145,4/29/2010,2010119,25,26,26.4,22.9,34.8,13.2,12,77,11.9,142.8,219.24,42.2,61.4,166,110,68,352,21.21212121,15.15151515,14.03508772,7.222222222,4.444444444,0.789473684,46.38888889,-2.222222222,-49.16666667,2.8956,3.1242,4.6736,16.82539683,4.246031746,7.5,5.4102,16.40740741,4.666666667,8.055555556,5.715
2010,doa,LRIS10,doa LRIS10,U,5/25/2010,2010145,4/30/2010,2010120,24,25,25.2,22.4,35.2,11.5,12.5,73.1,12.8,160,211.2,37.9,NA,149,97,40,NA,20.65656566,17.12121212,14.18128655,7.222222222,5.505050505,0.877192982,43.33333333,14.44444444,-46.94444444,2.8956,3.1242,4.6736,16.74603175,4.166666667,6.388888889,5.207,16.48148148,4.444444444,6.944444444,4.1402
2010,O9,LUCE10,O9 LUCE10,F,5/16/2010,2010136,4/19/2010,2010109,26,27,26.5,22.3,31.7,12.7,11.7,74.8,9.4,109.98,193.37,43.1,56.8,170,117,65,345,13.08080808,20.65656566,18.68421053,0.454545455,7.222222222,3.099415205,-35.55555556,43.33333333,16.94444444,3.4544,2.8956,2.413,18.49206349,5.833333333,30.27777778,5.2578,17.81481481,5.814814815,27.22222222,5.842
2010,P0,LUCE10,P0 LUCE10,F,5/16/2010,2010136,4/19/2010,2010109,26,27,26.5,21.6,34.1,12.8,12.7,74,12.5,158.75,217.3875,39.9,56.7,179,119,63,353,13.08080808,20.65656566,18.68421053,0.454545455,7.222222222,3.099415205,-35.55555556,43.33333333,16.94444444,3.4544,2.8956,2.413,18.49206349,5.833333333,30.27777778,5.2578,17.81481481,5.814814815,27.22222222,5.842
2010,P8,MMUR10,P8 MMUR10,M,5/9/2010,2010129,4/13/2010,2010103,28,26,25.6,21.3,33.9,12.4,12.8,74.8,12.6,161.28,213.57,40.9,59.6,161,99,54,421,15,17.57575758,16.05263158,0.707070707,5.707070707,1.695906433,-23.61111111,18.05555556,-21.38888889,1.2954,3.6322,5.0038,13.73015873,1.468253968,-33.61111111,3.7084,16.96296296,4.185185185,8.611111111,3.6322
2010,R0,MMUR10,R0 MMUR10,F,5/9/2010,2010129,4/12/2010,2010102,27,27,27.4,22.9,34.5,12.6,13.7,76.5,11.6,158.92,226.8375,42,57.7,181,121,84,410,15.4040404,16.51515152,16.02339181,0.757575758,4.696969697,1.461988304,-21.11111111,6.666666667,-23.88888889,1.2954,3.429,5.0038,13.73015873,1.150793651,-35.83333333,4.6736,16.18518519,3.518518519,-2.222222222,3.5052
2010,A3,NBUR10,A3 NBUR10,M,5/8/2010,2010128,4/12/2010,2010102,26,26,25.9,22.8,32.7,14.2,12.2,77.8,9.9,120.78,215.82,45.1,60.7,175,112,51,440,15.4040404,16.51515152,16.02339181,0.757575758,4.696969697,1.461988304,-21.11111111,6.666666667,-23.88888889,1.2954,3.429,5.0038,13.73015873,1.150793651,-35.83333333,4.6736,16.18518519,3.518518519,-2.222222222,3.5052
2010,C5,NBUR10,C5 NBUR10,M,5/8/2010,2010128,4/11/2010,2010101,26,27,26.5,23.6,33.7,13,12.6,79.5,10.1,127.26,215.68,45.8,62.6,185,120,62,460,14.94949495,15.80808081,15.67251462,0.757575758,3.282828283,1.608187135,-23.61111111,-5,-25.83333333,1.2954,3.4036,5.2832,13.84920635,1.111111111,-35.27777778,4.6736,14.77777778,2.407407407,-21.11111111,3.7338
2010,C8,NHAS10,C8 NHAS10,U,6/6/2010,2010157,5/12/2010,2010132,25,25,24.9,19,29.2,11.8,12,70.1,10.2,122.4,173.74,40.9,52.4,142,89,38,315,18.68686869,27.52525253,16.9005848,6.818181818,13.28282828,4.502923977,30.27777778,114.4444444,13.33333333,3.1242,0.9144,8.0518,24.84126984,10.83333333,109.7222222,0.6096,26.03703704,12.22222222,136.9444444,1.4732
2010,T3,ROTA10,T3 ROTA10,F,5/22/2010,2010142,4/27/2010,2010117,24,25,24.8,18.7,32.1,12.4,12.5,69.5,13.4,167.5,199.8225,37.4,58.2,137,85,38,350,19.6969697,15.35353535,14.85380117,6.767676768,3.585858586,1.081871345,35.55555556,-5.833333333,-38.61111111,3.7338,3.5814,5.334,18.33333333,5.793650794,28.88888889,5.461,17.14814815,4.444444444,11.94444444,5.4102
2010,A5,SANC10,A5 SANC10,M,5/11/2010,2010131,4/16/2010,2010106,24,25,24.9,22.6,35.2,12.9,12.3,74.5,12.6,154.98,221.76,39.3,56.8,145,87,37,360,14.94949495,19.6969697,17.57309942,1.464646465,6.767676768,2.98245614,-19.72222222,35.55555556,5.277777778,2.8194,3.7338,3.8608,17.22222222,4.603174603,12.77777778,3.6322,18,5.259259259,24.44444444,5.2578
2010,X6,SANC10,X6 SANC10,M,5/11/2010,2010131,4/16/2010,2010106,24,25,25,20.8,34.6,12.9,11.6,73,13.8,160.08,211.925,38.4,58.5,151,90,39,340,14.94949495,19.6969697,17.57309942,1.464646465,6.767676768,2.98245614,-19.72222222,35.55555556,5.277777778,2.8194,3.7338,3.8608,17.22222222,4.603174603,12.77777778,3.6322,18,5.259259259,24.44444444,5.2578
2010,Y7,SANC10,Y7 SANC10,M,5/11/2010,2010131,4/15/2010,2010105,25,26,25.9,23.7,35.7,13.3,13.4,77.7,12,160.8,238.2975,42,61.4,163,107,57,402,15.45454545,18.93939394,16.98830409,0.757575758,7.373737374,2.368421053,-20.83333333,34.72222222,-6.111111111,1.7272,4.826,3.8608,16.54761905,3.888888889,3.055555556,3.429,18.03703704,5.333333333,25.27777778,5.2578
2010,Z2,SANC10,Z2 SANC10,F,5/11/2010,2010131,4/15/2010,2010105,25,26,25.5,23.5,34.3,12.7,12.9,75.9,10.8,139.32,219.52,41.6,59.7,158,100,49,390,15.45454545,18.93939394,16.98830409,0.757575758,7.373737374,2.368421053,-20.83333333,34.72222222,-6.111111111,1.7272,4.826,3.8608,16.54761905,3.888888889,3.055555556,3.429,18.03703704,5.333333333,25.27777778,5.2578
2010,L6,SIL:I10,L6 SIL:I10,F,5/16/2010,2010136,4/20/2010,2010110,26,26,26.3,19.3,34.4,13.6,12.6,74.2,15.1,190.26,225.32,39.8,58.6,176,113,65,353,13.63636364,20.1010101,18.68421053,1.01010101,6.565656566,3.011695906,-29.44444444,36.66666667,16.11111111,3.3782,2.8956,2.3876,18.80952381,6.507936508,37.22222222,6.1722,17.85185185,5.074074074,21.94444444,4.7498
2010,J4,SILI10,J4 SILI10,M,5/16/2010,2010136,4/19/2010,2010109,27,27,26.8,23.8,37.3,13.4,14.3,79,13.5,193.05,258.3025,41.7,61.4,179,120,70,445,13.08080808,20.65656566,18.68421053,0.454545455,7.222222222,3.099415205,-35.55555556,43.33333333,16.94444444,3.4544,2.8956,2.413,18.49206349,5.833333333,30.27777778,5.2578,17.81481481,5.814814815,27.22222222,5.842
2010,K5,SILI10,K5 SILI10,M,5/16/2010,2010136,4/19/2010,2010109,27,27,26.7,23,37.2,14.4,13.4,77.2,14.2,190.28,258.54,40,61.9,180,119,69,430,13.08080808,20.65656566,18.68421053,0.454545455,7.222222222,3.099415205,-35.55555556,43.33333333,16.94444444,3.4544,2.8956,2.413,18.49206349,5.833333333,30.27777778,5.2578,17.81481481,5.814814815,27.22222222,5.842
2010,M7,SILI10,M7 SILI10,F,5/16/2010,2010136,4/20/2010,2010110,26,26,25.9,22.3,37.2,13.4,13.2,75.8,14.9,196.68,247.38,38.6,59,168,106,57,370,13.63636364,20.1010101,18.68421053,1.01010101,6.565656566,3.011695906,-29.44444444,36.66666667,16.11111111,3.3782,2.8956,2.3876,18.80952381,6.507936508,37.22222222,6.1722,17.85185185,5.074074074,21.94444444,4.7498
2010,N8,SILI10,N8 SILI10,F,5/16/2010,2010136,4/21/2010,2010111,25,25,25.2,21.1,33.7,13.5,12.2,72.5,12.6,153.72,216.5225,38.8,55.6,150,94,43,313,14.6969697,18.83838384,18.33333333,2.02020202,5.909090909,3.011695906,-18.05555556,26.11111111,12.77777778,3.3782,4.6736,2.3876,18.69047619,6.428571429,35.83333333,5.842,17.88888889,5.111111111,22.5,4.826
2010,I3,STEX10,I3 STEX10,F,5/15/2010,2010135,4/19/2010,2010109,25,26,25.6,22,34.4,15.1,14,75.1,12.4,173.6,250.26,40.7,59.8,159,100,55,407,13.08080808,20.65656566,18.68421053,0.454545455,7.222222222,3.099415205,-35.55555556,43.33333333,16.94444444,3.4544,2.8956,2.413,18.49206349,5.833333333,30.27777778,5.2578,17.81481481,5.814814815,27.22222222,5.842
2010,H1,SVPK10,H1 SVPK10,M,5/31/2010,2010151,5/5/2010,2010125,26,26,26,24.4,37.3,14.4,12.8,79.9,12.9,165.12,253.64,42.6,59.4,174,116,50,322,16.11111111,22.77777778,16.69590643,3.535353535,10.1010101,3.830409357,-1.944444444,70.83333333,5,5.207,0.5588,4.9784,17.6984127,6.150793651,26.94444444,3.1242,20.74074074,8.62962963,70.27777778,3.1242
2010,I2,SVPK10,I2 SVPK10,M,5/31/2010,2010151,5/4/2010,2010124,27,27,27.4,25.6,39.3,14.1,13.3,81.3,13.7,182.21,269.205,42,61.1,199,135,72,415,15.80808081,22.47474747,16.60818713,3.282828283,10,3.771929825,-5,68.61111111,3.611111111,5.4102,0.5588,4.9276,17.1031746,5,14.72222222,3.2258,19.51851852,7.62962963,53.61111111,3.1242
2010,J3,SVPK10,J3 SVPK10,F,5/31/2010,2010151,5/3/2010,2010123,28,28,27.7,25.4,37.9,13,13.5,81.7,12.5,168.75,251.0875,43.8,59.6,192,136,80,372,16.86868687,21.51515152,16.25730994,4.545454545,9.242424242,3.362573099,7.777777778,59.16666667,-3.611111111,4.6736,1.3208,4.7244,16.30952381,4.642857143,6.666666667,4.1402,18.14814815,6.592592593,35.55555556,3.1242
2010,D6,SWAH10,D6 SWAH10,F,5/8/2010,2010128,4/11/2010,2010101,28,27,27.2,25.2,38,14.4,14.3,80.6,12.8,183.04,272.65,42.6,61.4,185,122,79,437,14.94949495,15.80808081,15.67251462,0.757575758,3.282828283,1.608187135,-23.61111111,-5,-25.83333333,1.2954,3.4036,5.2832,13.84920635,1.111111111,-35.27777778,4.6736,14.77777778,2.407407407,-21.11111111,3.7338
2010,E7,SWAH10,E7 SWAH10,M,5/8/2010,2010128,4/11/2010,2010101,28,27,26.9,25.6,38.1,12.3,13.4,83,12.5,167.5,244.7925,44.9,63.6,182,125,70,463,14.94949495,15.80808081,15.67251462,0.757575758,3.282828283,1.608187135,-23.61111111,-5,-25.83333333,1.2954,3.4036,5.2832,13.84920635,1.111111111,-35.27777778,4.6736,14.77777778,2.407407407,-21.11111111,3.7338
2010,F8,SWAH10,F8 SWAH10,M,5/8/2010,2010128,4/12/2010,2010102,27,26,26.3,26,38.7,13.9,13.1,82.2,12.7,166.37,261.225,43.5,62.1,175,117,60,450,15.4040404,16.51515152,16.02339181,0.757575758,4.696969697,1.461988304,-21.11111111,6.666666667,-23.88888889,1.2954,3.429,5.0038,13.73015873,1.150793651,-35.83333333,4.6736,16.18518519,3.518518519,-2.222222222,3.5052
2010,B6 ,TARY10,B6  TARY10,F,5/13/2010,2010133,4/15/2010,2010105,29,28,27.8,23.2,35.5,14.5,12.4,78.6,12.3,152.52,238.7375,43.1,58.8,189,126,89,369,15.45454545,18.93939394,16.98830409,0.757575758,7.373737374,2.368421053,-20.83333333,34.72222222,-6.111111111,1.7272,4.826,3.8608,16.54761905,3.888888889,3.055555556,3.429,18.03703704,5.333333333,25.27777778,5.2578
2010,Q1,THOM10,Q1 THOM10,F,5/19/2010,2010139,4/23/2010,2010113,26,26,25.9,23.4,33.9,13.7,12.7,76.4,10.5,133.35,223.74,42.5,59.1,160,105,60,366,16.51515152,15.80808081,16.98830409,4.696969697,3.282828283,1.929824561,6.666666667,-5,-10.27777778,3.429,5.4102,2.3876,18.37301587,5.317460317,25.83333333,3.048,18.18518519,5.592592593,28.33333333,5.461
2010,R2,THOM10,R2 THOM10,M,5/19/2010,2010139,4/23/2010,2010113,26,26,26.3,23.4,34.4,13.6,13.9,77.9,11,152.9,236.5,43.5,60.2,180,113,65,408,16.51515152,15.80808081,16.98830409,4.696969697,3.282828283,1.929824561,6.666666667,-5,-10.27777778,3.429,5.4102,2.3876,18.37301587,5.317460317,25.83333333,3.048,18.18518519,5.592592593,28.33333333,5.461
2010,S3,THOM10,S3 THOM10,F,5/19/2010,2010139,4/23/2010,2010113,26,26,26.2,22.9,34.8,11.8,13.1,75.2,11.9,155.89,216.63,40.4,56.1,166,114,59,365,16.51515152,15.80808081,16.98830409,4.696969697,3.282828283,1.929824561,6.666666667,-5,-10.27777778,3.429,5.4102,2.3876,18.37301587,5.317460317,25.83333333,3.048,18.18518519,5.592592593,28.33333333,5.461
2010,T4,THOM10,T4 THOM10,M,5/19/2010,2010139,4/23/2010,2010113,26,26,26.3,23.5,34.9,12.6,12.7,79.8,11.4,144.78,220.7425,44.9,62.4,171,118,60,389,16.51515152,15.80808081,16.98830409,4.696969697,3.282828283,1.929824561,6.666666667,-5,-10.27777778,3.429,5.4102,2.3876,18.37301587,5.317460317,25.83333333,3.048,18.18518519,5.592592593,28.33333333,5.461
2010,A-SWO,WELM10,A-SWO WELM10,U,5/31/2010,2010151,5/6/2010,2010126,25,25,24.8,21.2,33.7,12.4,13,73,12.5,162.5,213.995,39.3,53.3,140,86,32,245,15.80808081,23.98989899,16.75438596,3.98989899,10.45454545,4.210526316,-1.111111111,79.44444444,9.166666667,5.1562,0.5588,5.588,19.04761905,7.261904762,44.16666667,3.1242,22.03703704,9.407407407,85.83333333,1.3462
2010,T2,WKEN10,T2 WKEN10,F,5/10/2010,2010130,4/14/2010,2010104,25,26,26.3,21.3,29.9,11.6,12.6,74.4,8.6,108.36,180.895,44.5,60.2,169,113,63,355,15.05050505,18.28282828,16.08187135,0.303030303,6.414141414,1.812865497,-25.55555556,25.83333333,-20,1.2954,3.683,3.8608,15.3968254,2.46031746,-15,3.4798,17.44444444,4.62962963,15.55555556,3.683
2010,U3,WKEN10,U3 WKEN10,F,5/10/2010,2010130,4/14/2010,2010104,25,26,25.5,21.8,32.5,12.5,11.7,73.1,10.7,125.19,196.625,40.6,56.3,156,102,47,328,15.05050505,18.28282828,16.08187135,0.303030303,6.414141414,1.812865497,-25.55555556,25.83333333,-20,1.2954,3.683,3.8608,15.3968254,2.46031746,-15,3.4798,17.44444444,4.62962963,15.55555556,3.683
2010,V4,WKEN10,V4 WKEN10,F,5/10/2010,2010130,4/14/2010,2010104,25,26,26,22.8,33.6,12,12.1,76.5,10.8,130.68,202.44,42.9,59.5,166,110,56,363,15.05050505,18.28282828,16.08187135,0.303030303,6.414141414,1.812865497,-25.55555556,25.83333333,-20,1.2954,3.683,3.8608,15.3968254,2.46031746,-15,3.4798,17.44444444,4.62962963,15.55555556,3.683
2010,W5,WKEN10,W5 WKEN10,M,5/10/2010,2010130,4/15/2010,2010105,23,25,24.9,21.6,33.1,12.3,11.7,75.1,11.5,134.55,198.6,42,58.8,146,89,36,318,15.45454545,18.93939394,16.98830409,0.757575758,7.373737374,2.368421053,-20.83333333,34.72222222,-6.111111111,1.7272,4.826,3.8608,16.54761905,3.888888889,3.055555556,3.429,18.03703704,5.333333333,25.27777778,5.2578
2010,U5,YBAR10,U5 YBAR10,F,5/19/2010,2010139,4/21/2010,2010111,28,28,28.4,23.4,36.4,12.5,13.4,79.5,13,174.2,235.69,43.1,61.8,198,137,93,420,14.6969697,18.83838384,18.33333333,2.02020202,5.909090909,3.011695906,-18.05555556,26.11111111,12.77777778,3.3782,4.6736,2.3876,18.69047619,6.428571429,35.83333333,5.842,17.88888889,5.111111111,22.5,4.826
2010,V6,YBAR10,V6 YBAR10,M,5/19/2010,2010139,4/22/2010,2010112,27,27,27.4,24.3,36.5,12.1,12.9,78.4,12.2,157.38,228.125,41.9,60.2,185,135,73,442,15.80808081,16.86868687,17.86549708,3.282828283,4.545454545,2.397660819,-5,7.777777778,2.5,3.4036,4.6736,2.3876,18.33333333,5.634920635,27.77777778,4.7498,17.92592593,5.111111111,22.77777778,4.699
2010,W7,YBAR10,W7 YBAR10,M,5/19/2010,2010139,4/20/2010,2010110,29,29,28.6,23.9,36.8,11.6,12.6,81.7,12.9,162.54,222.64,44.9,61,196,135,99,454,13.63636364,20.1010101,18.68421053,1.01010101,6.565656566,3.011695906,-29.44444444,36.66666667,16.11111111,3.3782,2.8956,2.3876,18.80952381,6.507936508,37.22222222,6.1722,17.85185185,5.074074074,21.94444444,4.7498
2010,M6,YETH10,M6 YETH10,M,5/21/2010,2010141,4/26/2010,2010116,24,25,25.3,23.7,36.9,12.9,12.2,79.9,13.2,161.04,231.5475,43,61.7,155,97,45,385,18.93939394,15.1010101,15.73099415,7.373737374,3.080808081,1.374269006,34.72222222,-10,-27.5,4.826,3.5814,3.6322,18.25396825,5.674603175,27.5,5.461,17.51851852,5.185185185,20.27777778,5.4356
2010,N7,YETH10,N7 YETH10,M,5/21/2010,2010141,4/25/2010,2010115,24,26,26,24,35.8,12.2,12.7,80.6,11.8,149.86,222.855,44.8,62.4,169,109,57,413,18.28282828,15.80808081,16.40350877,6.414141414,3.98989899,1.374269006,25.83333333,-1.111111111,-21.11111111,3.683,5.1562,2.8194,18.37301587,5.674603175,28.33333333,4.699,18.25925926,6.074074074,32.5,5.461
2010,P9,YETH10,P9 YETH10,F,5/21/2010,2010141,4/25/2010,2010115,23,26,25.5,22.3,34.5,12.9,12.1,75.9,12.2,147.62,215.625,41.4,57.6,155,98,53,353,18.28282828,15.80808081,16.40350877,6.414141414,3.98989899,1.374269006,25.83333333,-1.111111111,-21.11111111,3.683,5.1562,2.8194,18.37301587,5.674603175,28.33333333,4.699,18.25925926,6.074074074,32.5,5.461
2010,F9,YFER10,F9 YFER10,F,5/28/2010,2010148,4/29/2010,2010119,28,29,28.5,23.5,36.8,11.2,13,78.1,13.3,172.9,222.64,41.3,59.9,203,145,89,358,21.21212121,15.15151515,14.03508772,7.222222222,4.444444444,0.789473684,46.38888889,-2.222222222,-49.16666667,2.8956,3.1242,4.6736,16.82539683,4.246031746,7.5,5.4102,16.40740741,4.666666667,8.055555556,5.715
2010,Z3,YFER10,Z3 YFER10,M,5/27/2010,2010147,5/1/2010,2010121,26,26,26.3,23.8,35.9,14.2,13.3,78.2,12.1,160.93,246.8125,42.3,58.5,178,125,52,379,20.1010101,18.68686869,14.67836257,6.565656566,6.818181818,1.49122807,36.66666667,30.27777778,-36.38888889,2.8956,3.1242,4.6736,16.23015873,4.484126984,5,5.715,17.11111111,5.111111111,16.66666667,4.1402
2011,B1,CARD11,B1 CARD11,F,5/26/2011,2011146,4/30/2011,2011120,27,26,26.3,22.6,34.5,13.8,11.7,77.1,11.9,139.2,219.9,42.6,58.7,176,115,62,395,14.54545455,19.74747475,14.56140351,3.737373737,9.949494949,4.064327485,-9.444444444,53.33333333,-13.05555556,2.2606,7.7978,14.1478,17.57936508,6.031746032,25.27777778,6.096,19.14814815,8.074074074,54.16666667,7.9756
2011,doa,CARD11,doa CARD11,M,5/26/2011,2011146,4/29/2011,2011119,28,27,26.7,24.2,37,14.7,14.2,81.4,12.8,181.8,267.3,44.4,62.7,182,124,65,427,15.1010101,19.39393939,14.85380117,4.090909091,9.04040404,4.210526316,-4.444444444,46.38888889,-8.888888889,2.2606,7.7724,14.1224,16.94444444,5.793650794,19.16666667,6.9088,18.66666667,7.333333333,45,7.9502
2011,Z7,CARD11,Z7 CARD11,F,5/26/2011,2011146,4/29/2011,2011119,28,27,26.8,24.2,37.4,13.3,12.9,79,13.2,170.3,245,41.6,58.8,182,126,67,392,15.1010101,19.39393939,14.85380117,4.090909091,9.04040404,4.210526316,-4.444444444,46.38888889,-8.888888889,2.2606,7.7724,14.1224,16.94444444,5.793650794,19.16666667,6.9088,18.66666667,7.333333333,45,7.9502
2011,doa,CARE11,doa CARE11,M,5/22/2011,2011142,4/26/2011,2011116,25,26,25.7,20.4,32.8,11.7,11.6,73,12.4,143.8,191.1,40.2,57.1,161,105,51,300,16.56565657,18.83838384,12.54385965,6.717171717,7.02020202,2.485380117,18.05555556,32.22222222,-47.22222222,7.3152,5.08,9.779,17.22222222,5.238095238,17.22222222,2.2352,17,5.851851852,21.38888889,7.0104
2011,R5,CARE11,R5 CARE11,M,5/22/2011,2011142,4/26/2011,2011116,26,26,26.4,23.4,35.9,13.4,12.1,77.8,12.5,151.3,228.9,41.9,59.9,172,124,56,303,16.56565657,18.83838384,12.54385965,6.717171717,7.02020202,2.485380117,18.05555556,32.22222222,-47.22222222,7.3152,5.08,9.779,17.22222222,5.238095238,17.22222222,2.2352,17,5.851851852,21.38888889,7.0104
2011,S6,CARE11,S6 CARE11,M,5/22/2011,2011142,4/25/2011,2011115,26,27,26.5,23.4,36.4,14.4,12.7,78.1,13,165.1,246.6,41.7,57.9,175,117,65,335,16.36363636,19.14141414,12.04678363,7.323232323,6.414141414,2.046783626,20.27777778,30.55555556,-56.11111111,7.6708,3.8862,9.1694,16.34920635,4.484126984,5.833333333,2.2606,17.48148148,6.148148148,27.22222222,5.9436
2011,U2,CARE11,U2 CARE11,M,5/22/2011,2011142,4/26/2011,2011116,25,26,25.5,21.6,33.2,12.2,11.6,72.3,11.6,134.6,197.5,39.1,55.8,153,100,51,275,16.56565657,18.83838384,12.54385965,6.717171717,7.02020202,2.485380117,18.05555556,32.22222222,-47.22222222,7.3152,5.08,9.779,17.22222222,5.238095238,17.22222222,2.2352,17,5.851851852,21.38888889,7.0104
2011,D0,CISH11,D0 CISH11,M,5/14/2011,2011134,4/18/2011,2011108,25,26,25.8,22.6,36.6,12,13,78.5,14,182,228.8,41.9,60.7,165,103,56,400,14.7979798,15.1010101,10.73099415,4.696969697,4.090909091,0.760233918,-2.777777778,-4.444444444,-80.83333333,8.5852,2.2606,10.3632,15.51587302,6.031746032,10.83333333,9.4996,16.44444444,6.074074074,18.88888889,7.8486
2011,E1,CISH11,E1 CISH11,M,5/14/2011,2011134,4/18/2011,2011108,25,26,25.8,21.7,36.2,10.6,11.7,76.5,14.5,169.7,201.8,40.3,58.6,160,101,60,370,14.7979798,15.1010101,10.73099415,4.696969697,4.090909091,0.760233918,-2.777777778,-4.444444444,-80.83333333,8.5852,2.2606,10.3632,15.51587302,6.031746032,10.83333333,9.4996,16.44444444,6.074074074,18.88888889,7.8486
2011,O1,DOGS11,O1 DOGS11,F,5/19/2011,2011139,4/21/2011,2011111,30,28,28.2,26.1,35.9,12.7,13,78.7,9.8,127.4,230.7,42.8,57.6,205,133,92,368,16.41414141,16.16161616,11.98830409,5.656565657,3.888888889,1.374269006,11.38888889,0.277777778,-63.05555556,7.6708,2.2352,11.049,16.82539683,6.031746032,20,7.493,16.74074074,4.851851852,11.94444444,5.3086
2011,Q3,DOGS11,Q3 DOGS11,F,5/19/2011,2011139,4/21/2011,2011111,29,28,28.2,27,37,12.4,12.7,80.8,10,127,232.2,43.8,56.7,211,144,85,377,16.41414141,16.16161616,11.98830409,5.656565657,3.888888889,1.374269006,11.38888889,0.277777778,-63.05555556,7.6708,2.2352,11.049,16.82539683,6.031746032,20,7.493,16.74074074,4.851851852,11.94444444,5.3086
2011,R4,DOGS11,R4 DOGS11,F,5/19/2011,2011139,4/21/2011,2011111,29,28,27.6,26.6,37.7,13.2,12.7,81.3,11.1,141,244.1,43.6,59.4,200,133,79,380,16.41414141,16.16161616,11.98830409,5.656565657,3.888888889,1.374269006,11.38888889,0.277777778,-63.05555556,7.6708,2.2352,11.049,16.82539683,6.031746032,20,7.493,16.74074074,4.851851852,11.94444444,5.3086
2011,S5,DOGS11,S5 DOGS11,M,5/19/2011,2011139,4/20/2011,2011110,30,29,28.5,28,39,12.4,14.9,84.7,11,163.9,266.2,45.7,58.7,215,143,91,411,16.01010101,15.35353535,10.99415205,5.555555556,3.535353535,1.140350877,8.611111111,-6.111111111,-74.72222222,8.4074,2.2352,10.9982,16.38888889,6.30952381,18.88888889,7.8486,17.07407407,5.37037037,18.33333333,6.604
2011,T6,DOGS11,T6 DOGS11,M,5/19/2011,2011139,4/22/2011,2011112,28,27,27,26.7,39,14,13.6,84.1,12.3,167.3,269.1,45.1,61.5,190,126,70,439,15.95959596,16.96969697,11.78362573,6.464646465,3.98989899,1.374269006,13.33333333,5.277777778,-65,7.62,2.1082,11.0998,16.9047619,5.555555556,17.22222222,6.604,16.77777778,4.518518519,9.722222222,2.2606
2011,I5,ECRI11,I5 ECRI11,F,5/18/2011,2011138,4/21/2011,2011111,28,27,27.4,25,41.5,12.4,12.8,82.1,16.5,211.2,261.5,40.6,60.7,186,126,80,420,16.41414141,16.16161616,11.98830409,5.656565657,3.888888889,1.374269006,11.38888889,0.277777778,-63.05555556,7.6708,2.2352,11.049,16.82539683,6.031746032,20,7.493,16.74074074,4.851851852,11.94444444,5.3086
2011,J6,ECRI11,J6 ECRI11,F,5/18/2011,2011138,4/22/2011,2011112,28,26,26.3,23.6,31.8,11.4,12.5,78.2,8.2,102.5,190,46.4,59.9,182,110,67,369,15.95959596,16.96969697,11.78362573,6.464646465,3.98989899,1.374269006,13.33333333,5.277777778,-65,7.62,2.1082,11.0998,16.9047619,5.555555556,17.22222222,6.604,16.77777778,4.518518519,9.722222222,2.2606
2011,K7,ECRI11,K7 ECRI11,F,5/18/2011,2011138,4/21/2011,2011111,28,27,27.1,23.1,35.8,11,12.5,76.6,12.7,158.8,210.3,40.8,58.5,180,121,79,383,16.41414141,16.16161616,11.98830409,5.656565657,3.888888889,1.374269006,11.38888889,0.277777778,-63.05555556,7.6708,2.2352,11.049,16.82539683,6.031746032,20,7.493,16.74074074,4.851851852,11.94444444,5.3086
2011,O0,FOWA11,O0 FOWA11,F,5/11/2011,2011131,4/15/2011,2011105,26,26,26.3,22.6,35.9,12.6,12.5,76.5,13.3,166.3,225.3,40.6,61.8,165,107,70,375,11.46464646,16.56565657,9.356725146,1.111111111,6.717171717,-0.584795322,-40.83333333,18.05555556,-106.6666667,6.0452,7.3152,7.62,16.11111111,5.833333333,13.61111111,8.636,14.88888889,5.444444444,2.5,9.5504
2011,C1,HAPA11,C1 HAPA11,F,6/15/2011,2011166,5/20/2011,2011140,NA,26,25.6,22.6,33.1,13.6,13.2,74.4,10.5,138.6,221.8,41.3,56.2,170,104,51,388,24.09090909,26.36363636,17.45614035,14.04040404,12.72727273,6.929824561,99.72222222,105,41.66666667,7.3152,0.1778,10.0076,25.15873016,12.6984127,125,4.8006,26.51851852,13.85185185,152.7777778,4.3942
2011,H5,MNDY11,H5 MNDY11,F,5/21/2011,2011141,4/26/2011,2011116,21,25,24.8,21.1,32.4,12.4,11.2,70.8,11.3,126.6,191.2,38.4,56,145,85,36,342,16.56565657,18.83838384,12.54385965,6.717171717,7.02020202,2.485380117,18.05555556,32.22222222,-47.22222222,7.3152,5.08,9.779,17.22222222,5.238095238,17.22222222,2.2352,17,5.851851852,21.38888889,7.0104
2011,L9,NHAS11,L9 NHAS11,M,5/21/2011,2011141,4/25/2011,2011115,24,26,25.6,23.4,37.3,13.3,13.4,77.7,13.9,186.3,249,40.4,60.7,155,102,50,444,16.36363636,19.14141414,12.04678363,7.323232323,6.414141414,2.046783626,20.27777778,30.55555556,-56.11111111,7.6708,3.8862,9.1694,16.34920635,4.484126984,5.833333333,2.2606,17.48148148,6.148148148,27.22222222,5.9436
2011,I8,PEAC11,I8 PEAC11,F,6/1/2011,2011152,5/6/2011,2011126,26,26,26.1,23.3,33.2,13.1,13.2,77.6,9.9,130.7,218.3,44.4,57.7,187,111,60,404,19.14141414,21.41414141,14.50292398,6.414141414,11.76767677,4.532163743,30.55555556,72.5,-9.166666667,3.8862,6.5278,10.668,20.35714286,10.91269841,78.88888889,8.8138,21.33333333,11.92592593,99.44444444,10.2362
2011,K0,PEAC11,K0 PEAC11,M,6/1/2011,2011152,5/7/2011,2011127,25,25,25.4,24.2,35.4,13.3,12.8,78.4,11.2,143.4,231,43,60.4,170,97,50,287,18.83838384,22.72727273,14.94152047,7.02020202,12.67676768,4.883040936,32.22222222,84.72222222,-1.666666667,5.08,7.1374,10.6426,20.71428571,11.34920635,84.44444444,8.8138,21.22222222,12.22222222,100.8333333,12.0396
2011,L1,PEAC11,L1 PEAC11,M,6/1/2011,2011152,5/7/2011,2011127,25,25,25.4,24.5,36.7,11.3,13.1,79.9,12.2,159.8,223.9,43.2,59,165,96,50,410,18.83838384,22.72727273,14.94152047,7.02020202,12.67676768,4.883040936,32.22222222,84.72222222,-1.666666667,5.08,7.1374,10.6426,20.71428571,11.34920635,84.44444444,8.8138,21.22222222,12.22222222,100.8333333,12.0396
2011,E4,ROTA11,E4 ROTA11,F,5/27/2011,2011147,5/2/2011,2011122,24,25,25.2,20.1,32.9,13.2,12.8,71.3,12.8,163.8,213.9,38.4,57.9,143,91,47,360,16.16161616,20,14.12280702,3.888888889,11.56565657,4.210526316,0.277777778,63.61111111,-15.83333333,2.2352,7.8232,12.7,19.04761905,7.857142857,48.33333333,7.9502,19.77777778,9.37037037,68.61111111,7.8232
2011,H7,ROTA11,H7 ROTA11,F,5/27/2011,2011147,5/2/2011,2011122,24,25,25.2,20.9,32.5,13.2,12.9,72.3,11.6,149.6,212.1,39.8,59.1,146,90,47,367,16.16161616,20,14.12280702,3.888888889,11.56565657,4.210526316,0.277777778,63.61111111,-15.83333333,2.2352,7.8232,12.7,19.04761905,7.857142857,48.33333333,7.9502,19.77777778,9.37037037,68.61111111,7.8232
2011,I4,SEPG11,I4 SEPG11,F,5/11/2011,2011131,4/16/2011,2011106,23,25,25,20.8,32.9,10.6,10.9,73,12.1,132.4,177.3,40.1,58,138,85,45,375,11.76767677,16.91919192,10.05847953,2.121212121,6.565656566,-0.058479532,-33.61111111,19.16666667,-95,6.9342,6.4516,7.6708,15.99206349,5.992063492,13.88888889,9.6012,15.77777778,6.037037037,13.61111111,9.525
2011,N9,SEPG11,N9 SEPG11,M,5/11/2011,2011131,4/16/2011,2011106,23,25,24.8,24.2,37.5,12,13,73.6,13.3,172.9,234.4,36.1,58.8,140,80,41,425,11.76767677,16.91919192,10.05847953,2.121212121,6.565656566,-0.058479532,-33.61111111,19.16666667,-95,6.9342,6.4516,7.6708,15.99206349,5.992063492,13.88888889,9.6012,15.77777778,6.037037037,13.61111111,9.525
2011,W4,SILI11,W4 SILI11,F,5/23/2011,2011143,4/26/2011,2011116,28,27,26.8,23.7,35.4,13.5,14,78,11.7,163.8,243.4,42.6,56.9,199,127,65,400,16.56565657,18.83838384,12.54385965,6.717171717,7.02020202,2.485380117,18.05555556,32.22222222,-47.22222222,7.3152,5.08,9.779,17.22222222,5.238095238,17.22222222,2.2352,17,5.851851852,21.38888889,7.0104
2011,X5,SILI11,X5 SILI11,M,5/23/2011,2011143,4/26/2011,2011116,28,27,26.8,25,37.6,15,14.1,83,12.6,177.7,273.5,45.4,62.2,191,128,65,420,16.56565657,18.83838384,12.54385965,6.717171717,7.02020202,2.485380117,18.05555556,32.22222222,-47.22222222,7.3152,5.08,9.779,17.22222222,5.238095238,17.22222222,2.2352,17,5.851851852,21.38888889,7.0104
2011,Y6,SILI11,Y6 SILI11,M,5/23/2011,2011143,4/27/2011,2011117,27,26,26,23,35.5,13.1,12.3,77.4,12.5,153.8,225.4,41.9,58.4,164,115,53,370,16.91919192,18.63636364,13.47953216,6.565656566,7.121212121,3.362573099,19.16666667,31.66666667,-30,6.4516,5.9436,11.0744,17.53968254,6.071428571,25.27777778,2.286,16.96296296,5.888888889,21.38888889,7.7978
2011,D1,SPRU11,D1 SPRU11,F,5/21/2011,2011141,4/25/2011,2011115,26,26,26.2,21,33.5,12.2,12,77.4,12.5,150,202.7,43.9,57.9,165,116,59,323,16.36363636,19.14141414,12.04678363,7.323232323,6.414141414,2.046783626,20.27777778,30.55555556,-56.11111111,7.6708,3.8862,9.1694,16.34920635,4.484126984,5.833333333,2.2606,17.48148148,6.148148148,27.22222222,5.9436
2011,Q2,STAD11,Q2 STAD11,F,5/12/2011,2011132,4/16/2011,2011106,27,26,26.3,22.5,36.6,10.7,12.1,74.9,14.1,170.6,208.6,38.3,56.9,169,110,66,335,11.76767677,16.91919192,10.05847953,2.121212121,6.565656566,-0.058479532,-33.61111111,19.16666667,-95,6.9342,6.4516,7.6708,15.99206349,5.992063492,13.88888889,9.6012,15.77777778,6.037037037,13.61111111,9.525
2011,R3,STAD11,R3 STAD11,F,5/12/2011,2011132,4/15/2011,2011105,27,27,26.5,23.4,36.3,11.4,12,76.6,13,155.4,212.4,40.3,60.1,170,116,67,350,11.46464646,16.56565657,9.356725146,1.111111111,6.717171717,-0.584795322,-40.83333333,18.05555556,-106.6666667,6.0452,7.3152,7.62,16.11111111,5.833333333,13.61111111,8.636,14.88888889,5.444444444,2.5,9.5504
2011,S4,STAD11,S4 STAD11,M,5/12/2011,2011132,4/16/2011,2011106,27,26,26.3,21.2,35.2,11.2,11.7,75.8,14,163.8,201.5,40.6,61.2,169,107,70,415,11.76767677,16.91919192,10.05847953,2.121212121,6.565656566,-0.058479532,-33.61111111,19.16666667,-95,6.9342,6.4516,7.6708,15.99206349,5.992063492,13.88888889,9.6012,15.77777778,6.037037037,13.61111111,9.525
2011,T5,STAD11,T5 STAD11,M,5/12/2011,2011132,4/15/2011,2011105,27,27,26.8,24,37.8,12.8,13.3,78.3,13.8,183.5,246.6,40.5,63.4,180,116,74,415,11.46464646,16.56565657,9.356725146,1.111111111,6.717171717,-0.584795322,-40.83333333,18.05555556,-106.6666667,6.0452,7.3152,7.62,16.11111111,5.833333333,13.61111111,8.636,14.88888889,5.444444444,2.5,9.5504
2011,L8,STEX11,L8 STEX11,M,5/18/2011,2011138,4/22/2011,2011112,25,26,26,23.3,31,13.3,13.3,78.6,7.7,102.4,206.2,47.6,61.2,173,108,58,449,15.95959596,16.96969697,11.78362573,6.464646465,3.98989899,1.374269006,13.33333333,5.277777778,-65,7.62,2.1082,11.0998,16.9047619,5.555555556,17.22222222,6.604,16.77777778,4.518518519,9.722222222,2.2606
2011,M9,STEX11,M9 STEX11,M,5/18/2011,2011138,4/23/2011,2011113,24,25,24.9,20.7,32.6,13,12.5,74.4,11.9,148.8,207.8,41.8,58.4,149,87,40,382,17.02020202,17.42424242,11.69590643,7.323232323,4.797979798,1.461988304,23.88888889,12.22222222,-65,7.6708,2.0066,11.9126,16.26984127,4.722222222,6.944444444,5.3086,16.77777778,5.222222222,15,2.2606
2011,N0,STEX11,N0 STEX11,M,5/18/2011,2011138,4/22/2011,2011112,25,26,26.2,24,37.2,14.5,13.7,79.6,13.2,180.8,262.3,42.4,63.2,176,113,62,487,15.95959596,16.96969697,11.78362573,6.464646465,3.98989899,1.374269006,13.33333333,5.277777778,-65,7.62,2.1082,11.0998,16.9047619,5.555555556,17.22222222,6.604,16.77777778,4.518518519,9.722222222,2.2606
2011,U6,SWAH11,U6 SWAH11,F,5/12/2011,2011132,4/15/2011,2011105,28,27,26.6,22,34.7,12.6,11.8,75,12.7,149.9,211.7,40.3,59,171,117,69,365,11.46464646,16.56565657,9.356725146,1.111111111,6.717171717,-0.584795322,-40.83333333,18.05555556,-106.6666667,6.0452,7.3152,7.62,16.11111111,5.833333333,13.61111111,8.636,14.88888889,5.444444444,2.5,9.5504
2011,V7,SWAH11,V7 SWAH11,M,5/12/2011,2011132,4/15/2011,2011105,28,27,27,24.7,39.8,11.7,12.7,81.4,15.1,191.8,242.8,41.6,60.9,180,125,73,425,11.46464646,16.56565657,9.356725146,1.111111111,6.717171717,-0.584795322,-40.83333333,18.05555556,-106.6666667,6.0452,7.3152,7.62,16.11111111,5.833333333,13.61111111,8.636,14.88888889,5.444444444,2.5,9.5504
2011,W2,SWAH11,W2 SWAH11,M,5/12/2011,2011132,4/15/2011,2011105,28,27,26.7,23.1,39.8,12.6,12.8,79.9,16.7,213.8,252.7,40.1,63.2,176,117,70,405,11.46464646,16.56565657,9.356725146,1.111111111,6.717171717,-0.584795322,-40.83333333,18.05555556,-106.6666667,6.0452,7.3152,7.62,16.11111111,5.833333333,13.61111111,8.636,14.88888889,5.444444444,2.5,9.5504
2011,X3,SWAH11,X3 SWAH11,M,5/12/2011,2011132,4/15/2011,2011105,28,27,27,22.7,38.4,11.4,11.6,75.2,15.7,182.1,220.8,36.8,60.2,176,123,75,420,11.46464646,16.56565657,9.356725146,1.111111111,6.717171717,-0.584795322,-40.83333333,18.05555556,-106.6666667,6.0452,7.3152,7.62,16.11111111,5.833333333,13.61111111,8.636,14.88888889,5.444444444,2.5,9.5504
2011,Y4,SWAH11,Y4 SWAH11,M,5/12/2011,2011132,4/16/2011,2011106,27,26,25.9,22.9,38.3,11.5,12.5,77.8,15.4,192.5,229.8,39.5,59.8,160,105,60,375,11.76767677,16.91919192,10.05847953,2.121212121,6.565656566,-0.058479532,-33.61111111,19.16666667,-95,6.9342,6.4516,7.6708,15.99206349,5.992063492,13.88888889,9.6012,15.77777778,6.037037037,13.61111111,9.525
2011,B9,TRAN11,B9 TRAN11,F,5/21/2011,2011141,4/25/2011,2011115,24,26,25.7,21,32.7,11,12,71.3,11.7,140.4,188,38.6,58.7,160,104,52,343,16.36363636,19.14141414,12.04678363,7.323232323,6.414141414,2.046783626,20.27777778,30.55555556,-56.11111111,7.6708,3.8862,9.1694,16.34920635,4.484126984,5.833333333,2.2606,17.48148148,6.148148148,27.22222222,5.9436
2011,C0,TRAN11,C0 TRAN11,M,5/21/2011,2011141,4/25/2011,2011115,24,26,26,20.4,31.6,12.3,12.6,73.8,11.2,141.1,196.7,42.2,60.6,169,111,55,383,16.36363636,19.14141414,12.04678363,7.323232323,6.414141414,2.046783626,20.27777778,30.55555556,-56.11111111,7.6708,3.8862,9.1694,16.34920635,4.484126984,5.833333333,2.2606,17.48148148,6.148148148,27.22222222,5.9436
2011,U7,TRAN11,U7 TRAN11,F,5/21/2011,2011141,4/26/2011,2011116,24,25,25.1,20.4,32.3,11.2,12.3,72.1,11.9,146.4,189.8,39.8,57.1,168,91,42,365,16.56565657,18.83838384,12.54385965,6.717171717,7.02020202,2.485380117,18.05555556,32.22222222,-47.22222222,7.3152,5.08,9.779,17.22222222,5.238095238,17.22222222,2.2352,17,5.851851852,21.38888889,7.0104
2011,V3,TRAN11,V3 TRAN11,F,5/22/2011,2011142,4/26/2011,2011116,26,26,26.1,21.4,31.8,12.5,10.9,73.9,10.4,113.4,186,42.1,58.9,173,111,59,330,16.56565657,18.83838384,12.54385965,6.717171717,7.02020202,2.485380117,18.05555556,32.22222222,-47.22222222,7.3152,5.08,9.779,17.22222222,5.238095238,17.22222222,2.2352,17,5.851851852,21.38888889,7.0104
2011,U4,WICT11,U4 WICT11,F,6/5/2011,2011156,5/11/2011,2011131,NA,25,25.1,19.7,29.5,13.2,12.3,68.6,9.8,120.5,188.1,39.1,50.6,140,90,46,292,19.74747475,25.80808081,16.14035088,9.949494949,15.2020202,5.204678363,53.33333333,115.5555556,12.77777778,7.7978,5.6388,9.6774,21.54761905,12.18253968,96.11111111,11.9888,24.25925926,14.07407407,137.5,8.5344
2011,P5,WWC211,P5 WWC211,M,6/5/2011,2011156,5/10/2011,2011130,NA,26,25.9,24.4,37.1,14.1,14.3,78.2,12.7,181.6,263.4,41.1,58.8,165,109,55,345,19.39393939,24.7979798,15.43859649,9.04040404,14.44444444,4.912280702,46.38888889,105.8333333,3.333333333,7.7724,5.6642,9.7282,21.11111111,11.98412698,91.66666667,12.0396,22.81481481,13.22222222,120.2777778,9.7282
2011,R7,WWC211,R7 WWC211,F,6/5/2011,2011156,5/11/2011,2011131,NA,25,25,21.1,32.2,12.5,11.4,68.8,11.1,126.5,192.4,36.6,53.5,145,93,38,265,19.74747475,25.80808081,16.14035088,9.949494949,15.2020202,5.204678363,53.33333333,115.5555556,12.77777778,7.7978,5.6388,9.6774,21.54761905,12.18253968,96.11111111,11.9888,24.25925926,14.07407407,137.5,8.5344
2011,Y8,YBAR11,Y8 YBAR11,M,6/9/2011,2011160,5/13/2011,2011133,26,27,27.4,23.1,37.4,12.2,13.6,79.1,14.3,194.5,241.2,41.7,63,187,127,80,430,20,26.01010101,17.48538012,11.56565657,14.09090909,5.994152047,63.61111111,110.5555556,33.05555556,7.8232,5.6134,7.8486,23.73015873,13.69047619,121.9444444,8.5344,24.85185185,13.7037037,139.1666667,7.3152
2011,Z9,YBAR11,Z9 YBAR11,F,6/9/2011,2011160,5/15/2011,2011135,25,25,24.8,21.3,33.4,11.8,12,72.6,12.1,145.2,198.7,39.2,55.4,137,84,38,320,19.7979798,25.25252525,18.2748538,11.31313131,13.53535354,6.812865497,61.11111111,103.3333333,48.33333333,8.8138,4.8006,6.6548,25.35714286,14.36507937,138.0555556,7.3152,24.66666667,13.40740741,135.5555556,5.8166
2011,F2,YEFE11,F2 YEFE11,M,5/14/2011,2011134,4/18/2011,2011108,27,26,26.4,26.3,40.4,13.3,14,82.1,14.1,197.4,275.7,41.7,63.7,176,117,62,460,14.7979798,15.1010101,10.73099415,4.696969697,4.090909091,0.760233918,-2.777777778,-4.444444444,-80.83333333,8.5852,2.2606,10.3632,15.51587302,6.031746032,10.83333333,9.4996,16.44444444,6.074074074,18.88888889,7.8486
2011,FFS-L,YEFE11,FFS-L YEFE11,F,5/14/2011,2011134,4/17/2011,2011107,29,27,27.1,26.4,39.7,13.3,14,82.4,13.3,186.2,271,42.7,61,190,127,74,370,13.23232323,15.85858586,10.40935673,3.383838384,5.404040404,0.438596491,-18.61111111,6.944444444,-86.94444444,8.1788,5.3086,10.3124,15,5.833333333,5.833333333,9.5504,16.33333333,6.222222222,19.16666667,8.0772
2011,G3,YEFE11,G3 YEFE11,F,5/14/2011,2011134,4/16/2011,2011106,28,28,28,27.4,40.7,14,14,83.6,13.3,186.2,284.9,42.9,61.7,198,137,85,411,11.76767677,16.91919192,10.05847953,2.121212121,6.565656566,-0.058479532,-33.61111111,19.16666667,-95,6.9342,6.4516,7.6708,15.99206349,5.992063492,13.88888889,9.6012,15.77777778,6.037037037,13.61111111,9.525
2011,M2,YFER11,M2 YFER11,F,6/2/2011,2011153,5/5/2011,2011125,NA,28,28.4,23.3,32.4,9.9,11.9,78.9,9.1,108.3,176.6,46.5,59,296,133,96,375,18.38383838,20.25252525,14.23976608,5.757575758,11.01010101,4.678362573,22.77777778,61.94444444,-10.27777778,0.3556,9.1694,13.3096,19.96031746,9.841269841,68.61111111,7.8232,20.92592593,11.33333333,91.94444444,9.2202
2011,N3,YFER11,N3 YFER11,M,6/2/2011,2011153,5/8/2011,2011128,NA,25,25,23.2,39.9,12.2,11.4,75.4,16.7,190.4,235.4,35.5,55.7,144,86,42,320,18.63636364,23.43434343,15.35087719,7.121212121,13.58585859,4.912280702,31.66666667,93.61111111,2.5,5.9436,6.2484,10.6426,20.75396825,11.66666667,86.94444444,9.2202,21.37037037,12.33333333,102.7777778,12.0396
2011,O4,YFER11,O4 YFER11,M,6/2/2011,2011153,5/5/2011,2011125,NA,28,27.6,22.7,40.2,10.9,13,82,17.5,227.5,240.2,41.8,62.3,189,128,85,410,18.38383838,20.25252525,14.23976608,5.757575758,11.01010101,4.678362573,22.77777778,61.94444444,-10.27777778,0.3556,9.1694,13.3096,19.96031746,9.841269841,68.61111111,7.8232,20.92592593,11.33333333,91.94444444,9.2202
2012,7C,BIHA12,7C BIHA12,U,5/14/2012,2012135,4/17/2012,2012108,28,27,27.1,21.7,34,11.4,13,75.7,12.3,159.9,207.4,41.7,58.7,182,122,77,362,14.54545455,17.02020202,11.60818713,2.373737374,4.797979798,0.204678363,-16.94444444,10,-77.77777778,6.35,4.5466,2.3622,13.37301587,2.53968254,-28.61111111,10.16,15,3.407407407,-11.94444444,6.096
2012,8D,BIHA12,8D BIHA12,U,5/14/2012,2012135,4/17/2012,2012108,28,27,26.7,20.8,31.9,11.8,12.7,72.8,11.1,141,195.4,40.9,56.8,182,120,69,355,14.54545455,17.02020202,11.60818713,2.373737374,4.797979798,0.204678363,-16.94444444,10,-77.77777778,6.35,4.5466,2.3622,13.37301587,2.53968254,-28.61111111,10.16,15,3.407407407,-11.94444444,6.096
2012,1E,BINO12,1E BINO12,U,5/30/2012,2012151,5/4/2012,2012125,25,26,26,23.4,35.5,12.8,13.2,76.7,12.1,159.7,230.8,41.2,58.2,169,111,55,330,20.45454545,23.83838384,15.20467836,7.474747475,10.55555556,3.391812865,43.61111111,79.16666667,-13.33333333,4.4196,0.6858,10.2362,21.74603175,8.015873016,68.33333333,1.8796,22.96296296,9.259259259,91.66666667,0.9398
2012,1Z,BRA212,1Z BRA212,U,5/26/2012,2012147,5/1/2012,2012122,24,25,25.2,22.2,35.1,12.1,13,76.8,12.9,167.7,220.3,41.7,60.8,150,92,45,390,18.98989899,23.18181818,14.21052632,7.676767677,8.333333333,1.812865497,36.66666667,63.33333333,-37.77777778,5.4864,0.9398,7.1628,19.8015873,6.746031746,45.83333333,2.6162,21.48148148,8.222222222,72.77777778,2.6162
2012,7A,BRA212,7A BRA212,U,5/26/2012,2012147,5/1/2012,2012122,24,25,25.3,22.4,35.5,11.2,12.3,77.4,13.1,161.1,208.6,41.9,57.9,148,96,45,379,18.98989899,23.18181818,14.21052632,7.676767677,8.333333333,1.812865497,36.66666667,63.33333333,-37.77777778,5.4864,0.9398,7.1628,19.8015873,6.746031746,45.83333333,2.6162,21.48148148,8.222222222,72.77777778,2.6162
2012,8B,BRA212,8B BRA212,U,5/26/2012,2012147,5/1/2012,2012122,24,25,25,21.2,34.1,12.3,12.8,75.7,12.9,165.1,214,41.6,58.9,144,87,43,375,18.98989899,23.18181818,14.21052632,7.676767677,8.333333333,1.812865497,36.66666667,63.33333333,-37.77777778,5.4864,0.9398,7.1628,19.8015873,6.746031746,45.83333333,2.6162,21.48148148,8.222222222,72.77777778,2.6162
2012,0F,BREN12,0F BREN12,U,5/15/2012,2012136,4/18/2012,2012109,26,27,26.5,21.8,34.4,13.6,12.9,75.8,12.6,162.5,227.9,41.4,60.1,177,116,67,415,12.37373737,17.92929293,12.28070175,1.262626263,6.161616162,0.204678363,-35,22.5,-71.38888889,6.35,5.334,2.286,13.76984127,2.619047619,-25.27777778,8.7122,15.96296296,4.148148148,0.833333333,6.2992
2012,1G,BREN12,1G BREN12,U,5/15/2012,2012136,4/19/2012,2012110,26,26,25.9,21.2,31.6,12.1,11.5,73,10.4,119.6,186.4,41.4,56.2,162,109,53,317,11.81818182,18.83838384,12.51461988,0.858585859,7.272727273,0.204678363,-40.27777778,33.61111111,-69.16666667,6.35,5.4864,1.778,14.8015873,2.857142857,-16.38888889,5.3594,16.77777778,4.666666667,10.83333333,6.4008
2012,2H,BREN12,2H BREN12,U,5/15/2012,2012136,4/19/2012,2012110,26,26,25.7,21.8,33.2,12.9,13.4,72.6,11.4,152.8,218.3,39.4,57.5,159,105,53,365,11.81818182,18.83838384,12.51461988,0.858585859,7.272727273,0.204678363,-40.27777778,33.61111111,-69.16666667,6.35,5.4864,1.778,14.8015873,2.857142857,-16.38888889,5.3594,16.77777778,4.666666667,10.83333333,6.4008
2012,0T,BURS12,0T BURS12,U,5/12/2012,2012133,4/17/2012,2012108,24,25,25.3,21.3,33.7,12,12.3,75.3,12.4,152.5,204.7,41.6,61.7,164,98,45,410,14.54545455,17.02020202,11.60818713,2.373737374,4.797979798,0.204678363,-16.94444444,10,-77.77777778,6.35,4.5466,2.3622,13.37301587,2.53968254,-28.61111111,10.16,15,3.407407407,-11.94444444,6.096
2012,1U,BURS12,1U BURS12,U,5/12/2012,2012133,4/16/2012,2012107,25,26,25.5,21.9,31.7,12,12.5,76.4,9.8,122.5,194.2,44.7,60.5,166,100,50,449,14.7979798,17.02020202,11.22807018,3.484848485,3.787878788,-0.087719298,-9.444444444,4.444444444,-84.16666667,5.5118,4.7244,2.6924,13.29365079,2.619047619,-28.61111111,10.16,14.14814815,2.62962963,-24.16666667,8.7122
2012,2V,BURS12,2V BURS12,U,5/12/2012,2012133,4/16/2012,2012107,25,26,26,20.8,31.4,12.3,12.2,74.9,10.6,129.3,192.3,43.5,60.6,166,110,56,365,14.7979798,17.02020202,11.22807018,3.484848485,3.787878788,-0.087719298,-9.444444444,4.444444444,-84.16666667,5.5118,4.7244,2.6924,13.29365079,2.619047619,-28.61111111,10.16,14.14814815,2.62962963,-24.16666667,8.7122
2012,0Q,CARD12,0Q CARD12,U,5/13/2012,2012134,4/17/2012,2012108,25,26,25.9,21.8,33.4,12.4,13.8,76.8,11.6,160.1,218.8,43.4,60.5,170,102,60,443,14.54545455,17.02020202,11.60818713,2.373737374,4.797979798,0.204678363,-16.94444444,10,-77.77777778,6.35,4.5466,2.3622,13.37301587,2.53968254,-28.61111111,10.16,15,3.407407407,-11.94444444,6.096
2012,1R,CARD12,1R CARD12,U,5/13/2012,2012134,4/18/2012,2012109,24,25,24.7,20.4,32.4,12.2,12.9,72.7,12,154.8,203.3,40.3,59.1,140,77,38,375,12.37373737,17.92929293,12.28070175,1.262626263,6.161616162,0.204678363,-35,22.5,-71.38888889,6.35,5.334,2.286,13.76984127,2.619047619,-25.27777778,8.7122,15.96296296,4.148148148,0.833333333,6.2992
2012,9P,CARD12,9P CARD12,U,5/13/2012,2012134,4/17/2012,2012108,25,26,25.9,22.4,32.4,12.1,12.4,75.7,10,124,198.5,43.3,57.2,170,100,62,380,14.54545455,17.02020202,11.60818713,2.373737374,4.797979798,0.204678363,-16.94444444,10,-77.77777778,6.35,4.5466,2.3622,13.37301587,2.53968254,-28.61111111,10.16,15,3.407407407,-11.94444444,6.096
2012,Q5,CISH12,Q5 CISH12,U,5/6/2012,2012127,4/9/2012,2012100,28,27,27.2,25,37.1,13.1,12.9,79.9,12.1,156.1,241.2,42.8,60.6,184,124,77,415,15.50505051,11.66666667,11.98830409,2.323232323,0.606060606,0.14619883,-11.94444444,-42.5,-74.72222222,0.4572,6.35,2.2352,15.35714286,3.253968254,-9.722222222,6.604,13.88888889,1.814814815,-32.22222222,6.4262
2012,R6,CISH12,R6 CISH12,U,5/6/2012,2012127,4/9/2012,2012100,28,27,27,23.6,36,12.4,13.1,78.3,12.4,162.4,229.5,42.3,57.7,190,126,72,415,15.50505051,11.66666667,11.98830409,2.323232323,0.606060606,0.14619883,-11.94444444,-42.5,-74.72222222,0.4572,6.35,2.2352,15.35714286,3.253968254,-9.722222222,6.604,13.88888889,1.814814815,-32.22222222,6.4262
2012,S7,CISH12,S7 CISH12,F,5/6/2012,2012127,4/9/2012,2012100,28,27,26.7,24,35.3,10.4,12.8,78.3,11.3,144.6,204.7,43,59.7,186,110,76,410,15.50505051,11.66666667,11.98830409,2.323232323,0.606060606,0.14619883,-11.94444444,-42.5,-74.72222222,0.4572,6.35,2.2352,15.35714286,3.253968254,-9.722222222,6.604,13.88888889,1.814814815,-32.22222222,6.4262
2012,T2,CISH12,T2 CISH12,U,5/6/2012,2012127,4/9/2012,2012100,28,27,26.7,23.9,36.8,13.3,13.8,78.2,12.9,178,249.3,41.4,60,178,120,69,417,15.50505051,11.66666667,11.98830409,2.323232323,0.606060606,0.14619883,-11.94444444,-42.5,-74.72222222,0.4572,6.35,2.2352,15.35714286,3.253968254,-9.722222222,6.604,13.88888889,1.814814815,-32.22222222,6.4262
2012,0Z,DBAR12,0Z DBAR12,U,5/16/2012,2012137,4/18/2012,2012109,29,28,28.2,25.4,38.6,13,13.4,82.4,13.2,176.9,254.8,43.8,62.1,198,140,88,442,12.37373737,17.92929293,12.28070175,1.262626263,6.161616162,0.204678363,-35,22.5,-71.38888889,6.35,5.334,2.286,13.76984127,2.619047619,-25.27777778,8.7122,15.96296296,4.148148148,0.833333333,6.2992
2012,6A,DBAR12,6A DBAR12,U,5/16/2012,2012137,4/20/2012,2012111,27,26,25.5,22.2,33.1,12.8,12.8,74.4,10.9,139.5,211.8,41.3,55,156,100,50,392,11.66666667,18.98989899,13.42105263,0.606060606,7.676767677,0.497076023,-42.5,36.66666667,-57.77777778,6.35,5.4864,1.7272,15.91269841,3.650793651,-3.055555556,5.5118,16.96296296,4.888888889,13.88888889,6.4008
2012,6V,DBAR12,6V DBAR12,U,5/16/2012,2012137,4/19/2012,2012110,28,27,26.8,24,34.2,13.5,13.3,80.2,10.2,135.7,229.1,46,59.3,181,122,70,420,11.81818182,18.83838384,12.51461988,0.858585859,7.272727273,0.204678363,-40.27777778,33.61111111,-69.16666667,6.35,5.4864,1.778,14.8015873,2.857142857,-16.38888889,5.3594,16.77777778,4.666666667,10.83333333,6.4008
2012,9Y,DBAR12,9Y DBAR12,U,5/16/2012,2012137,4/18/2012,2012109,29,28,27.6,24.4,36.7,12.7,13.5,78.9,12.3,166.1,240.4,42.2,58.4,190,143,70,410,12.37373737,17.92929293,12.28070175,1.262626263,6.161616162,0.204678363,-35,22.5,-71.38888889,6.35,5.334,2.286,13.76984127,2.619047619,-25.27777778,8.7122,15.96296296,4.148148148,0.833333333,6.2992
2012,4J,DOGS12,4J DOGS12,U,5/15/2012,2012136,4/17/2012,2012108,27,28,27.5,25.1,35.9,12.5,13,80.2,10.8,140.4,228.9,44.3,57.7,194,137,73,403,14.54545455,17.02020202,11.60818713,2.373737374,4.797979798,0.204678363,-16.94444444,10,-77.77777778,6.35,4.5466,2.3622,13.37301587,2.53968254,-28.61111111,10.16,15,3.407407407,-11.94444444,6.096
2012,5K,DOGS12,5K DOGS12,U,5/15/2012,2012136,4/19/2012,2012110,27,26,26.4,25.9,36.7,12.4,12.9,82.7,10.8,139.3,232.1,46,60.8,177,118,62,434,11.81818182,18.83838384,12.51461988,0.858585859,7.272727273,0.204678363,-40.27777778,33.61111111,-69.16666667,6.35,5.4864,1.778,14.8015873,2.857142857,-16.38888889,5.3594,16.77777778,4.666666667,10.83333333,6.4008
2012,6L,DOGS12,6L DOGS12,U,5/15/2012,2012136,4/18/2012,2012109,27,27,27.2,24.4,37,11.7,13.5,82.3,12.6,170.1,233.1,45.3,62.6,191,132,70,459,12.37373737,17.92929293,12.28070175,1.262626263,6.161616162,0.204678363,-35,22.5,-71.38888889,6.35,5.334,2.286,13.76984127,2.619047619,-25.27777778,8.7122,15.96296296,4.148148148,0.833333333,6.2992
2012,7M,DOGS12,7M DOGS12,U,5/15/2012,2012136,4/18/2012,2012109,27,27,26.8,25.6,37.1,13.5,13.6,81.4,11.5,156.4,251.4,44.3,59.2,182,123,68,403,12.37373737,17.92929293,12.28070175,1.262626263,6.161616162,0.204678363,-35,22.5,-71.38888889,6.35,5.334,2.286,13.76984127,2.619047619,-25.27777778,8.7122,15.96296296,4.148148148,0.833333333,6.2992
2012,8N,DOGS12,8N DOGS12,U,5/15/2012,2012136,4/20/2012,2012111,26,25,24.9,22.8,34.1,11.5,12.7,73.9,11.3,143.5,206.3,39.8,57.9,140,88,35,345,11.66666667,18.98989899,13.42105263,0.606060606,7.676767677,0.497076023,-42.5,36.66666667,-57.77777778,6.35,5.4864,1.7272,15.91269841,3.650793651,-3.055555556,5.5118,16.96296296,4.888888889,13.88888889,6.4008
2012,3G,DWIT12,3G DWIT12,U,5/31/2012,2012152,5/6/2012,2012127,23,25,25.3,20.1,31.5,11.7,11.6,71.4,11.4,132.2,183.5,39.9,54.2,147,94,49,307,19.39393939,25.2020202,14.70760234,7.828282828,10.55555556,2.98245614,39.72222222,86.66666667,-21.94444444,2.6162,0,10.16,22.73809524,8.69047619,80,0.9398,24.66666667,10.77777778,115.8333333,0.9398
2012,0P,ECLO12,0P ECLO12,U,5/15/2012,2012136,4/20/2012,2012111,24,25,25.2,21,33,13.5,12.8,73.8,12,153.6,217,40.8,57.7,153,92,46,443,11.66666667,18.98989899,13.42105263,0.606060606,7.676767677,0.497076023,-42.5,36.66666667,-57.77777778,6.35,5.4864,1.7272,15.91269841,3.650793651,-3.055555556,5.5118,16.96296296,4.888888889,13.88888889,6.4008
2012,1Q,ECLO12,1Q ECLO12,U,5/15/2012,2012136,4/19/2012,2012110,24,26,25.7,23.1,33.6,11.9,12.1,76.3,10.5,127.1,201.6,42.7,57.6,161,104,53,380,11.81818182,18.83838384,12.51461988,0.858585859,7.272727273,0.204678363,-40.27777778,33.61111111,-69.16666667,6.35,5.4864,1.778,14.8015873,2.857142857,-16.38888889,5.3594,16.77777778,4.666666667,10.83333333,6.4008
2012,90,ECLO12,90 ECLO12,U,5/15/2012,2012136,4/20/2012,2012111,24,25,25.3,22.2,32.7,12.8,12.1,75.2,10.5,127.1,203.6,42.5,55,155,96,46,385,11.66666667,18.98989899,13.42105263,0.606060606,7.676767677,0.497076023,-42.5,36.66666667,-57.77777778,6.35,5.4864,1.7272,15.91269841,3.650793651,-3.055555556,5.5118,16.96296296,4.888888889,13.88888889,6.4008
2012,X6,HORC12,X6 HORC12,U,5/8/2012,2012129,4/11/2012,2012102,28,27,27.1,22.8,33.2,12.3,12.2,76.2,10.4,126.9,203.4,43,57.9,189,120,78,368,17.27272727,10.3030303,10.61403509,4.090909091,0.101010101,-0.789473684,7.5,-52.77777778,-96.66666667,0.4572,6.9342,2.286,14.04761905,2.142857143,-26.66666667,6.4262,12.62962963,1.259259259,-45.83333333,6.9342
2012,Y7,HORC12,Y7 HORC12,M,5/8/2012,2012129,4/10/2012,2012101,29,28,27.7,23,35.7,13,12.3,78.7,12.7,156.2,225.8,43,57.9,187,131,84,401,16.16161616,11.11111111,11.31578947,2.878787879,0.202020202,-0.467836257,-5.277777778,-47.77777778,-86.94444444,0.4572,6.9088,2.2352,14.8015873,3.095238095,-14.72222222,6.604,13.62962963,1.185185185,-38.88888889,6.9088
2012,2P,JUD212,2P JUD212,U,6/27/2012,2012179,6/2/2012,2012154,25,25,25.3,24,35.2,13.6,13.6,77.5,11.2,152.3,239.4,42.3,60.6,158,100,43,378,22.52525253,26.46464646,25,11.36363636,13.63636364,11.52046784,76.38888889,110.5555556,156.9444444,2.2606,1.8288,2.7432,25.35714286,12.93650794,128.0555556,2.3876,26.77777778,14.18518519,157.2222222,2.3876
2012,3Q,JUD212,3Q JUD212,U,6/27/2012,2012179,6/1/2012,2012153,25,26,25.9,22.7,33.5,11.1,12.6,74.9,10.8,136.1,198.5,41.4,58.3,162,108,56,346,21.61616162,26.76767677,25.32163743,10.3030303,14.14141414,11.4619883,65.55555556,115,159.4444444,1.905,2.1844,1.905,24.4047619,12.22222222,116.3888889,1.7526,26.59259259,13.96296296,154.1666667,2.3876
2012,4R,JUD212,4R JUD212,U,6/27/2012,2012179,6/1/2012,2012153,25,26,25.8,22.2,32.8,11.7,12.1,75.1,10.6,128.3,195.2,42.3,57.1,158,105,55,365,21.61616162,26.76767677,25.32163743,10.3030303,14.14141414,11.4619883,65.55555556,115,159.4444444,1.905,2.1844,1.905,24.4047619,12.22222222,116.3888889,1.7526,26.59259259,13.96296296,154.1666667,2.3876
2012,4X,LILA12,4X LILA12,U,5/12/2012,2012133,4/17/2012,2012108,21,25,24.7,21.2,33.8,13.3,12.5,74.5,12.6,157.5,218,40.7,58.7,149,83,35,410,14.54545455,17.02020202,11.60818713,2.373737374,4.797979798,0.204678363,-16.94444444,10,-77.77777778,6.35,4.5466,2.3622,13.37301587,2.53968254,-28.61111111,10.16,15,3.407407407,-11.94444444,6.096
2012,1A,LRIS12,1A LRIS12,U,5/9/2012,2012130,4/13/2012,2012104,26,26,26.4,24.5,35.3,12.6,13,78.3,10.8,140.4,225.9,43,61.8,188,118,62,430,17.07070707,13.28282828,9.473684211,4.04040404,2.222222222,-1.637426901,6.111111111,-24.72222222,-115.5555556,5.0546,5.3594,2.4384,12.42063492,0.674603175,-48.33333333,6.9088,13.92592593,2.925925926,-23.61111111,10.16
2012,2B,LRIS12,2B LRIS12,U,5/9/2012,2012130,4/14/2012,2012105,25,25,25.2,22.4,33.6,11.3,12.4,75.3,11.2,138.9,199.1,41.7,57,156,93,45,390,16.31313131,15.4040404,9.678362573,4.292929293,3.080808081,-1.725146199,3.333333333,-8.333333333,-114.4444444,5.6388,4.7752,2.4384,12.42063492,1.349206349,-43.61111111,6.9342,14.11111111,3.074074074,-21.11111111,10.16
2012,3C,LRIS12,3C LRIS12,U,5/9/2012,2012130,4/12/2012,2012103,27,27,27,23.5,34.9,14.2,12.5,78.7,11.4,142.5,233,43.8,60,186,124,72,395,17.27272727,11.21212121,9.85380117,4.242424242,0.909090909,-1.081871345,8.333333333,-43.33333333,-106.6666667,1.8542,6.223,2.4384,13.41269841,1.071428571,-38.61111111,6.35,12.96296296,2,-37.77777778,7.6708
2012,Z8,LRIS12,Z8 LRIS12,U,5/9/2012,2012130,4/13/2012,2012104,26,26,26.1,23.1,32.9,11.3,12.5,75.2,9.8,122.5,195.8,42.3,59.2,175,108,62,364,17.07070707,13.28282828,9.473684211,4.04040404,2.222222222,-1.637426901,6.111111111,-24.72222222,-115.5555556,5.0546,5.3594,2.4384,12.42063492,0.674603175,-48.33333333,6.9088,13.92592593,2.925925926,-23.61111111,10.16
2012,2L,MINO12,2L MINO12,U,5/11/2012,2012132,4/15/2012,2012106,26,26,26.4,23.5,34.8,11.8,12.7,78.9,11.3,143.5,213.2,44.1,59.6,180,113,67,360,15.65656566,16.21212121,10.64327485,4.444444444,3.383838384,-0.964912281,0.555555556,-2.222222222,-98.05555556,5.6896,4.7244,2.6162,12.93650794,2.142857143,-34.44444444,7.6708,13.55555556,2.592592593,-28.88888889,10.16
2012,3M,MINO12,3M MINO12,U,5/11/2012,2012132,4/15/2012,2012106,26,26,26.2,24.2,37,13.1,12.5,79.2,12.8,160,236.8,42.2,58.2,176,110,62,359,15.65656566,16.21212121,10.64327485,4.444444444,3.383838384,-0.964912281,0.555555556,-2.222222222,-98.05555556,5.6896,4.7244,2.6162,12.93650794,2.142857143,-34.44444444,7.6708,13.55555556,2.592592593,-28.88888889,10.16
2012,4N,MINO12,4N MINO12,U,5/11/2012,2012132,4/15/2012,2012106,26,26,26.1,22.5,35.1,11.5,12.9,62,12.6,162.5,214.1,26.9,62.7,170,105,65,424,15.65656566,16.21212121,10.64327485,4.444444444,3.383838384,-0.964912281,0.555555556,-2.222222222,-98.05555556,5.6896,4.7244,2.6162,12.93650794,2.142857143,-34.44444444,7.6708,13.55555556,2.592592593,-28.88888889,10.16
2012,5O,MINO12,5O MINO12,U,5/11/2012,2012132,4/16/2012,2012107,25,25,24.7,21.1,31.2,11.4,11.7,72.1,10.1,118.2,180.2,40.9,59.9,144,80,35,341,14.7979798,17.02020202,11.22807018,3.484848485,3.787878788,-0.087719298,-9.444444444,4.444444444,-84.16666667,5.5118,4.7244,2.6924,13.29365079,2.619047619,-28.61111111,10.16,14.14814815,2.62962963,-24.16666667,8.7122
2012,6P,NBUR12,6P NBUR12,U,5/12/2012,2012133,4/14/2012,2012105,29,28,28.1,23.2,34.4,11.7,12.4,76.6,11.2,138.9,207.3,42.2,57,205,138,88,360,16.31313131,15.4040404,9.678362573,4.292929293,3.080808081,-1.725146199,3.333333333,-8.333333333,-114.4444444,5.6388,4.7752,2.4384,12.42063492,1.349206349,-43.61111111,6.9342,14.11111111,3.074074074,-21.11111111,10.16
2012,7Q,NBUR12,7Q NBUR12,U,5/12/2012,2012133,4/14/2012,2012105,29,28,28.1,22.1,32.5,11.9,12.8,77.7,10.4,133.1,200.7,45.2,56.8,206,137,88,356,16.31313131,15.4040404,9.678362573,4.292929293,3.080808081,-1.725146199,3.333333333,-8.333333333,-114.4444444,5.6388,4.7752,2.4384,12.42063492,1.349206349,-43.61111111,6.9342,14.11111111,3.074074074,-21.11111111,10.16
2012,8R,NBUR12,8R NBUR12,U,5/12/2012,2012133,4/16/2012,2012107,27,26,26,21.7,33.4,11.5,11.4,75.8,11.7,133.4,191.2,42.4,57.5,172,110,56,395,14.7979798,17.02020202,11.22807018,3.484848485,3.787878788,-0.087719298,-9.444444444,4.444444444,-84.16666667,5.5118,4.7244,2.6924,13.29365079,2.619047619,-28.61111111,10.16,14.14814815,2.62962963,-24.16666667,8.7122
2012,9S,NBUR12,9S NBUR12,U,5/12/2012,2012133,4/15/2012,2012106,28,27,26.9,22.1,33.7,11.4,12.4,75.7,11.6,143.8,200.5,42,54.2,190,121,73,312,15.65656566,16.21212121,10.64327485,4.444444444,3.383838384,-0.964912281,0.555555556,-2.222222222,-98.05555556,5.6896,4.7244,2.6162,12.93650794,2.142857143,-34.44444444,7.6708,13.55555556,2.592592593,-28.88888889,10.16
2012,U3,NMUR12,U3 NMUR12,U,5/8/2012,2012129,4/13/2012,2012104,24,25,25.1,21.1,30.1,12.2,11.8,72,9,106.2,180.6,41.9,55.8,152,88,45,388,17.07070707,13.28282828,9.473684211,4.04040404,2.222222222,-1.637426901,6.111111111,-24.72222222,-115.5555556,5.0546,5.3594,2.4384,12.42063492,0.674603175,-48.33333333,6.9088,13.92592593,2.925925926,-23.61111111,10.16
2012,W5,NMUR12,W5 NMUR12,U,5/8/2012,2012129,4/13/2012,2012104,24,25,25.1,21,31.7,12,11.6,72.2,10.7,124.1,187,40.5,54.5,155,89,47,400,17.07070707,13.28282828,9.473684211,4.04040404,2.222222222,-1.637426901,6.111111111,-24.72222222,-115.5555556,5.0546,5.3594,2.4384,12.42063492,0.674603175,-48.33333333,6.9088,13.92592593,2.925925926,-23.61111111,10.16
2012,7K,NRO212,7K NRO212,U,6/10/2012,2012162,5/16/2012,2012137,24,25,25.3,20.6,35.3,13.3,11.8,73.8,14.7,173.5,221.5,38.5,56,152,99,44,317,24.64646465,23.28282828,18.2748538,10.80808081,11.11111111,6.403508772,85,79.16666667,44.44444444,0.0508,2.667,6.4262,25.83333333,13.29365079,133.8888889,2.1082,24.03703704,12.25925926,122.2222222,2.667
2012,2G,ROTA12,2G ROTA12,M,5/19/2012,2012140,4/24/2012,2012115,24,25,25.4,21.1,34,13,12.7,74.2,12.9,163.8,218.5,40.2,55.5,154,100,46,338,13.28282828,19.6969697,13.62573099,2.222222222,7.424242424,1.432748538,-24.72222222,39.16666667,-46.94444444,5.3594,2.5654,5.842,17.6984127,5.714285714,23.88888889,5.4864,19.81481481,7.925925926,58.05555556,6.3754
2012,7B,ROTA12,7B ROTA12,U,5/19/2012,2012140,4/24/2012,2012115,24,25,25.2,22,33.6,12.4,12.2,72.5,11.6,141.5,206.6,38.9,54.5,143,92,46,310,13.28282828,19.6969697,13.62573099,2.222222222,7.424242424,1.432748538,-24.72222222,39.16666667,-46.94444444,5.3594,2.5654,5.842,17.6984127,5.714285714,23.88888889,5.4864,19.81481481,7.925925926,58.05555556,6.3754
2012,9D,ROTA12,9D ROTA12,U,5/19/2012,2012140,4/24/2012,2012115,24,25,25.2,20.2,32.9,12.1,12.6,55.9,12.7,160,203.2,23,NA,193,93,45,339,13.28282828,19.6969697,13.62573099,2.222222222,7.424242424,1.432748538,-24.72222222,39.16666667,-46.94444444,5.3594,2.5654,5.842,17.6984127,5.714285714,23.88888889,5.4864,19.81481481,7.925925926,58.05555556,6.3754
2012,3H,SALE12,3H SALE12,U,5/19/2012,2012140,4/23/2012,2012114,25,26,25.9,20.7,32.5,11.7,12.4,72.8,11.8,146.3,195.8,40.3,57.5,167,109,53,332,11.21212121,20.45454545,14.18128655,0.909090909,7.474747475,1.374269006,-43.33333333,43.61111111,-42.22222222,6.223,4.4196,5.2578,16.9047619,5.238095238,15,5.4864,19.2962963,6.851851852,46.11111111,5.7404
2012,3S,SANC12,3S SANC12,U,5/16/2012,2012137,4/20/2012,2012111,24,26,25.5,24.2,35.2,13.7,13.1,79.1,11,144.1,235.8,43.9,60.2,164,101,48,435,11.66666667,18.98989899,13.42105263,0.606060606,7.676767677,0.497076023,-42.5,36.66666667,-57.77777778,6.35,5.4864,1.7272,15.91269841,3.650793651,-3.055555556,5.5118,16.96296296,4.888888889,13.88888889,6.4008
2012,4T,SANC12,4T SANC12,U,5/16/2012,2012137,4/21/2012,2012112,24,25,25.2,21.8,31.7,12.5,12.6,75.5,9.9,124.7,198.9,43.8,59.8,155,94,46,428,11.11111111,19.09090909,14.44444444,0.202020202,7.676767677,0.994152047,-47.77777778,37.22222222,-43.33333333,6.9088,4.9276,0.4572,16.58730159,4.444444444,7.222222222,6.2484,16.96296296,5.074074074,15.27777778,5.4864
2012,5U,SANC12,5U SANC12,U,5/16/2012,2012137,4/21/2012,2012112,24,25,25.3,22.7,34.6,12.8,12.6,75,11.9,149.9,219.7,40.4,59,153,94,47,425,11.11111111,19.09090909,14.44444444,0.202020202,7.676767677,0.994152047,-47.77777778,37.22222222,-43.33333333,6.9088,4.9276,0.4572,16.58730159,4.444444444,7.222222222,6.2484,16.96296296,5.074074074,15.27777778,5.4864
2012,3R,SMU212,3R SMU212,U,5/25/2012,2012146,4/29/2012,2012120,26,26,26.4,21.7,34.7,11.4,12.4,76.6,13,161.2,206.5,41.9,59,169,117,62,354,17.92929293,21.31313131,13.65497076,6.161616162,6.717171717,1.929824561,22.5,44.16666667,-41.94444444,5.334,1.0922,6.8072,20.83333333,7.936507937,61.38888889,5.1054,20.2962963,6.814814815,53.33333333,2.6162
2012,4S,SMU212,4S SMU212,U,5/25/2012,2012146,4/29/2012,2012120,26,26,25.9,23.9,33.2,12,12.9,76.9,9.3,120,206.7,43.7,57.1,167,110,55,342,17.92929293,21.31313131,13.65497076,6.161616162,6.717171717,1.929824561,22.5,44.16666667,-41.94444444,5.334,1.0922,6.8072,20.83333333,7.936507937,61.38888889,5.1054,20.2962963,6.814814815,53.33333333,2.6162
2012,5T,SMU212,5T SMU212,U,5/25/2012,2012146,4/29/2012,2012120,26,26,25.9,23.1,35.4,11.7,12.6,76.4,12.3,155,215.1,41,58.2,166,110,52,371,17.92929293,21.31313131,13.65497076,6.161616162,6.717171717,1.929824561,22.5,44.16666667,-41.94444444,5.334,1.0922,6.8072,20.83333333,7.936507937,61.38888889,5.1054,20.2962963,6.814814815,53.33333333,2.6162
2012,6U,SMU212,6U SMU212,U,5/25/2012,2012146,4/30/2012,2012121,25,25,25.2,22.5,35,13,12.3,75,12.5,153.8,221.4,40,58.7,153,97,40,328,18.83838384,22.22222222,13.71345029,7.272727273,7.070707071,1.754385965,33.61111111,51.11111111,-43.05555556,5.4864,0.9398,6.7564,20,7.023809524,49.16666667,2.6162,21.18518519,7.37037037,64.16666667,2.6162
2012,1P,SPRK12,1P SPRK12,U,5/23/2012,2012144,4/27/2012,2012118,24,26,25.7,22.4,33.3,11,13,73.9,10.9,141.7,199.8,40.6,57.1,158,105,53,379,17.02020202,19.8989899,14.26900585,3.787878788,7.525252525,2.280701754,4.444444444,40.83333333,-32.77777778,4.7244,2.6162,6.8072,20.03968254,8.293650794,58.33333333,5.8166,20.51851852,7.481481481,60,5.1054
2012,7L,SPRK12,7L SPRK12,U,5/23/2012,2012144,4/28/2012,2012119,24,25,25,21.5,34.8,12.4,12.8,72.6,13.3,170.2,219.2,37.8,56.3,155,93,34,327,17.02020202,20.35353535,13.80116959,4.797979798,7.02020202,2.01754386,10,40.55555556,-39.72222222,4.5466,1.8796,6.8072,20.51587302,8.611111111,63.88888889,5.842,20.18518519,6.925925926,53.33333333,2.6162
2012,9N,SPRK12,9N SPRK12,U,5/23/2012,2012144,4/28/2012,2012119,24,25,25.1,21.5,34.1,12.1,13.3,74.2,12.6,167.6,216.5,40.1,58.4,147,94,41,359,17.02020202,20.35353535,13.80116959,4.797979798,7.02020202,2.01754386,10,40.55555556,-39.72222222,4.5466,1.8796,6.8072,20.51587302,8.611111111,63.88888889,5.842,20.18518519,6.925925926,53.33333333,2.6162
2012,4H,SVP212,4H SVP212,U,6/1/2012,2012153,5/7/2012,2012128,22,25,25.1,22.7,35.2,12.4,12.9,76.6,12.5,161.3,222.6,41.4,57,147,96,35,354,20.2020202,25.55555556,14.9122807,7.676767677,11.66666667,3.128654971,43.33333333,94.72222222,-18.61111111,2.6162,0,10.16,23.65079365,9.801587302,94.16666667,0.9398,24.88888889,11.14814815,120.2777778,0.9398
2012,4I,TRAN12,4I TRAN12,U,5/19/2012,2012140,4/22/2012,2012113,27,27,26.8,22.1,33.4,10.6,12.4,73.9,11.3,140.1,192.1,40.5,57.2,176,124,68,348,10.3030303,20,14.53216374,0.101010101,7.575757576,1.315789474,-52.77777778,41.66666667,-39.44444444,6.9342,4.9022,1.905,17.22222222,5.119047619,16.38888889,6.4008,18.22222222,5.888888889,30.83333333,5.4864
2012,5J,TRAN12,5J TRAN12,U,5/19/2012,2012140,4/22/2012,2012113,27,27,26.6,22.2,33.4,10.4,12.6,74.1,11.2,141.1,192.1,40.7,55.2,173,123,62,310,10.3030303,20,14.53216374,0.101010101,7.575757576,1.315789474,-52.77777778,41.66666667,-39.44444444,6.9342,4.9022,1.905,17.22222222,5.119047619,16.38888889,6.4008,18.22222222,5.888888889,30.83333333,5.4864
2012,AY-SR,TRAN12,AY-SR TRAN12,U,5/19/2012,2012140,4/24/2012,2012115,24,25,25,20.7,33.3,11,12.4,70.6,12.6,156.2,194.8,37.3,54.8,150,94,35,287,13.28282828,19.6969697,13.62573099,2.222222222,7.424242424,1.432748538,-24.72222222,39.16666667,-46.94444444,5.3594,2.5654,5.842,17.6984127,5.714285714,23.88888889,5.4864,19.81481481,7.925925926,58.05555556,6.3754
2012,doa,TRAN12,doa TRAN12,U,5/19/2012,2012140,4/24/2012,2012115,24,25,25,19.5,32.1,10.6,11.6,69.7,12.6,146.2,178.2,37.6,55.1,146,89,40,258,13.28282828,19.6969697,13.62573099,2.222222222,7.424242424,1.432748538,-24.72222222,39.16666667,-46.94444444,5.3594,2.5654,5.842,17.6984127,5.714285714,23.88888889,5.4864,19.81481481,7.925925926,58.05555556,6.3754
2012,8L,VER212,8L VER212,U,6/16/2012,2012168,5/21/2012,2012142,25,26,25.6,22.4,33.7,12.6,13,74.8,11.3,146.9,215.7,41.1,60.2,158,103,49,368,27.57575758,21.61616162,21.4619883,14.39393939,10.3030303,7.807017544,120.8333333,65.55555556,88.05555556,0.9652,1.905,5.842,23.61111111,10.99206349,102.2222222,2.667,23.66666667,11.44444444,113.3333333,2.8702
2012,1O,WER212,1O WER212,U,6/24/2012,2012176,5/29/2012,2012150,25,26,25.9,22.1,36.3,12.3,12.9,76.3,14.2,183.2,228.7,40,60.5,173,110,53,405,22.27272727,25.35353535,24.29824561,10.25252525,13.53535354,10.55555556,68.88888889,103.8888889,141.1111111,2.667,1.7272,0.9398,22.93650794,10.83333333,96.38888889,2.2098,23.92592593,11.92592593,118.8888889,2.1844
2012,5V,WWCK12,5V WWCK12,F,5/12/2012,2012133,4/17/2012,2012108,24,25,25.2,22.3,33.1,12.6,12.1,74.5,10.8,130.7,204.4,41.4,55,154,95,45,301,14.54545455,17.02020202,11.60818713,2.373737374,4.797979798,0.204678363,-16.94444444,10,-77.77777778,6.35,4.5466,2.3622,13.37301587,2.53968254,-28.61111111,10.16,15,3.407407407,-11.94444444,6.096
2012,8Y,WWCK12,8Y WWCK12,U,5/12/2012,2012133,4/17/2012,2012108,24,25,25.1,22.8,35.2,12.5,12.1,74.8,12.4,150,216.5,39.6,57.1,155,92,40,344,14.54545455,17.02020202,11.60818713,2.373737374,4.797979798,0.204678363,-16.94444444,10,-77.77777778,6.35,4.5466,2.3622,13.37301587,2.53968254,-28.61111111,10.16,15,3.407407407,-11.94444444,6.096
2012,9Z,WWCK12,9Z WWCK12,U,5/12/2012,2012133,4/17/2012,2012108,24,25,25.4,23.1,35.3,12.7,12.7,76.1,12.2,154.9,224.2,40.8,57.2,162,99,46,338,14.54545455,17.02020202,11.60818713,2.373737374,4.797979798,0.204678363,-16.94444444,10,-77.77777778,6.35,4.5466,2.3622,13.37301587,2.53968254,-28.61111111,10.16,15,3.407407407,-11.94444444,6.096
2012,5L,YFER12,5L YFER12,U,5/13/2012,2012134,4/18/2012,2012109,24,25,25.2,22,34.2,12.5,12.2,74.2,12.2,148.8,211.2,40,60.6,150,90,47,355,12.37373737,17.92929293,12.28070175,1.262626263,6.161616162,0.204678363,-35,22.5,-71.38888889,6.35,5.334,2.286,13.76984127,2.619047619,-25.27777778,8.7122,15.96296296,4.148148148,0.833333333,6.2992
2012,6M,YFER12,6M YFER12,U,5/13/2012,2012134,4/18/2012,2012109,24,25,25.1,20.2,30.6,12,12.4,71.3,10.4,129,186.7,40.7,56.8,150,88,48,336,12.37373737,17.92929293,12.28070175,1.262626263,6.161616162,0.204678363,-35,22.5,-71.38888889,6.35,5.334,2.286,13.76984127,2.619047619,-25.27777778,8.7122,15.96296296,4.148148148,0.833333333,6.2992
2013,34,BIH213,34 BIH213,M,6/29/2013,2013180,6/2/2013,2013153,27,27,26.7,22.8,36.1,12.3,12.9,78.5,13.3,171.6,227.4,42.4,57.9,191,119,70,345,20.55555556,22.97979798,22.33918129,10.95959596,11.21212121,9.678362573,63.33333333,78.05555556,114.1666667,3.9624,0.9398,4.5466,19.88095238,10.79365079,74.72222222,4.699,22.07407407,11.44444444,101.3888889,2.2606
2013,0K,BIRN13,0K BIRN13,F,5/25/2013,2013145,4/30/2013,2013120,24,25,24.8,19.1,30.7,12,12.1,70.1,11.6,140.4,185,39.4,53.4,135,85,35,280,21.36363636,18.83838384,13.71345029,7.626262626,6.262626263,2.719298246,49.44444444,28.05555556,-33.88888889,0.3302,1.0668,4.7244,19.6031746,5.793650794,37.77777778,1.397,19.62962963,7.074074074,50.27777778,1.397
2013,5F,BIRN13,5F BIRN13,F,5/25/2013,2013145,4/29/2013,2013119,26,26,26.4,22,33.2,11.7,11.9,74.6,11.2,133.3,195.9,41.4,56.4,173,119,60,340,21.36363636,18.18181818,13.56725146,7.828282828,5.404040404,2.339181287,50.55555556,19.72222222,-38.88888889,0.5588,1.0668,5.7404,19.96031746,5.952380952,41.38888889,1.397,19.37037037,6.222222222,41.94444444,1.397
2013,6G,BIRN13,6G BIRN13,F,5/25/2013,2013145,4/28/2013,2013118,26,27,26.9,21.6,33.8,12.6,12.6,75.5,12.2,153.7,212.9,41.7,54.8,180,125,68,382,21.41414141,18.18181818,13.4502924,7.222222222,5.050505051,2.222222222,47.5,17.77777778,-41.11111111,0.2286,1.397,6.2992,19.96031746,6.428571429,44.72222222,1.397,19.62962963,5.888888889,41.38888889,1.397
2013,7H,BIRN13,7H BIRN13,M,5/25/2013,2013145,4/29/2013,2013119,25,26,25.7,22.8,33.6,12.7,12.4,75.9,10.8,133.9,210.8,42.3,55.9,163,108,50,362,21.36363636,18.18181818,13.56725146,7.828282828,5.404040404,2.339181287,50.55555556,19.72222222,-38.88888889,0.5588,1.0668,5.7404,19.96031746,5.952380952,41.38888889,1.397,19.37037037,6.222222222,41.94444444,1.397
2013,4F,BYWY13,4F BYWY13,F,5/19/2013,2013139,4/23/2013,2013113,24,26,25.6,21.8,32.9,12.3,12.7,74,11.1,141,205.6,41.1,55.4,161,102,50,386,17.52525253,19.5959596,12.69005848,4.343434343,6.464646465,1.578947368,10.27777778,33.33333333,-54.44444444,0.889,1.3462,5.6388,21.19047619,7.698412698,62.22222222,1.524,19.62962963,6.777777778,48.05555556,1.3462
2013,5G,BYWY13,5G BYWY13,M,5/19/2013,2013139,4/24/2013,2013114,23,25,25.1,21.1,33.7,11.9,11.7,74.9,12.6,147.4,198.8,41.2,59,154,93,40,380,18.28282828,18.73737374,12.83625731,4.646464646,6.262626263,2.01754386,16.11111111,27.5,-48.88888889,0.889,1.3462,5.6388,21.07142857,7.976190476,63.33333333,1.5748,19.59259259,6.222222222,43.61111111,1.3462
2013,6H,BYWY13,6H BYWY13,M,5/19/2013,2013139,4/24/2013,2013114,24,25,25.4,23.2,35.3,13,12.8,76.9,12.1,154.9,227.7,41.6,58.8,160,100,45,420,18.28282828,18.73737374,12.83625731,4.646464646,6.262626263,2.01754386,16.11111111,27.5,-48.88888889,0.889,1.3462,5.6388,21.07142857,7.976190476,63.33333333,1.5748,19.59259259,6.222222222,43.61111111,1.3462
2013,5Q,CWAR13,5Q CWAR13,M,5/21/2013,2013141,4/24/2013,2013114,28,27,27.1,22.2,34,11.9,12.6,75.2,11.8,148.7,208.3,41.2,54.8,183,133,68,300,18.28282828,18.73737374,12.83625731,4.646464646,6.262626263,2.01754386,16.11111111,27.5,-48.88888889,0.889,1.3462,5.6388,21.07142857,7.976190476,63.33333333,1.5748,19.59259259,6.222222222,43.61111111,1.3462
2013,6R,CWAR13,6R CWAR13,M,5/21/2013,2013141,4/24/2013,2013114,28,27,27.4,22.4,33.7,12,12.3,77.2,11.3,139,204.7,43.5,56.9,197,130,77,350,18.28282828,18.73737374,12.83625731,4.646464646,6.262626263,2.01754386,16.11111111,27.5,-48.88888889,0.889,1.3462,5.6388,21.07142857,7.976190476,63.33333333,1.5748,19.59259259,6.222222222,43.61111111,1.3462
2013,doa,CWAR13,doa CWAR13,U,5/21/2013,2013141,4/24/2013,2013114,28,27,27.4,21.5,34.2,11.1,12.2,74.8,12.7,154.9,199.2,40.6,56.5,186,131,76,295,18.28282828,18.73737374,12.83625731,4.646464646,6.262626263,2.01754386,16.11111111,27.5,-48.88888889,0.889,1.3462,5.6388,21.07142857,7.976190476,63.33333333,1.5748,19.59259259,6.222222222,43.61111111,1.3462
2013,0B,DBAR13,0B DBAR13,U,5/19/2013,2013139,4/23/2013,2013113,25,26,25.5,21.1,30.6,13.4,12.8,74.5,9.5,121.6,200.4,43.9,59,161,98,51,375,17.52525253,19.5959596,12.69005848,4.343434343,6.464646465,1.578947368,10.27777778,33.33333333,-54.44444444,0.889,1.3462,5.6388,21.19047619,7.698412698,62.22222222,1.524,19.62962963,6.777777778,48.05555556,1.3462
2013,1C,DBAR13,1C DBAR13,U,5/19/2013,2013139,4/24/2013,2013114,24,25,25.2,21.3,33.5,13.7,12.7,75.5,12.2,154.9,221.1,42,58.9,158,91,48,342,18.28282828,18.73737374,12.83625731,4.646464646,6.262626263,2.01754386,16.11111111,27.5,-48.88888889,0.889,1.3462,5.6388,21.07142857,7.976190476,63.33333333,1.5748,19.59259259,6.222222222,43.61111111,1.3462
2013,3E,DBAR13,3E DBAR13,F,5/19/2013,2013139,4/23/2013,2013113,25,26,25.8,20.7,33.7,12.6,12.8,75,13,166.4,214,41.3,57.2,163,102,57,351,17.52525253,19.5959596,12.69005848,4.343434343,6.464646465,1.578947368,10.27777778,33.33333333,-54.44444444,0.889,1.3462,5.6388,21.19047619,7.698412698,62.22222222,1.524,19.62962963,6.777777778,48.05555556,1.3462
2013,9A,DBAR13,9A DBAR13,M,5/19/2013,2013139,4/23/2013,2013113,25,26,25.5,21.8,33.2,13.9,13.3,76.1,11.4,151.6,225.8,42.9,60.1,158,98,52,386,17.52525253,19.5959596,12.69005848,4.343434343,6.464646465,1.578947368,10.27777778,33.33333333,-54.44444444,0.889,1.3462,5.6388,21.19047619,7.698412698,62.22222222,1.524,19.62962963,6.777777778,48.05555556,1.3462
2013,0A,DWEL13,0A DWEL13,M,5/22/2013,2013142,4/26/2013,2013116,24,26,25.9,21.7,34,11.3,12.2,74.1,12.3,150.1,199.8,40.1,56.8,152,103,60,349,19.44444444,19.14141414,13.74269006,5.303030303,6.111111111,2.543859649,26.11111111,28.88888889,-35.27777778,0.2794,1.397,6.2992,20.07936508,6.547619048,46.38888889,1.3462,20.25925926,6.148148148,48.05555556,1.397
2013,1B,DWEL13,1B DWEL13,M,5/22/2013,2013142,4/27/2013,2013117,24,25,25.2,22.8,33.7,11.9,11.4,76.3,10.9,124.3,196.3,42.6,60.7,148,89,48,370,20.25252525,18.58585859,13.39181287,5.95959596,5.555555556,2.30994152,34.16666667,22.77777778,-40.83333333,0.2286,1.397,6.2992,19.72222222,6.23015873,41.66666667,1.3462,19.77777778,5.666666667,40.83333333,1.397
2013,4Z,DWEL13,4Z DWEL13,F,5/22/2013,2013142,4/27/2013,2013117,24,25,25.1,21.8,32,11.8,12.4,75.1,10.2,126.5,193.6,43.1,57.6,145,85,48,336,20.25252525,18.58585859,13.39181287,5.95959596,5.555555556,2.30994152,34.16666667,22.77777778,-40.83333333,0.2286,1.397,6.2992,19.72222222,6.23015873,41.66666667,1.3462,19.77777778,5.666666667,40.83333333,1.397
2013,3F,ECRI13,3F ECRI13,M,5/12/2013,2013132,4/17/2013,2013107,23,25,24.9,23.5,33.9,12.6,12.4,75.4,10.4,129,211.9,41.5,58.5,145,80,46,420,14.39393939,21.41414141,10.38011696,1.818181818,7.222222222,-0.497076023,-20.83333333,47.5,-96.11111111,3.302,0.2286,5.1816,17.5,4.087301587,11.11111111,0.889,19.7037037,5.592592593,39.72222222,0.889
2013,5H,ECRI13,5H ECRI13,M,5/12/2013,2013132,4/17/2013,2013107,23,25,25.1,22,34.5,12.3,12.4,75.2,12.5,155,213,40.7,58,150,88,46,395,14.39393939,21.41414141,10.38011696,1.818181818,7.222222222,-0.497076023,-20.83333333,47.5,-96.11111111,3.302,0.2286,5.1816,17.5,4.087301587,11.11111111,0.889,19.7037037,5.592592593,39.72222222,0.889
2013,2E,FAIR13,2E FAIR13,M,5/12/2013,2013132,4/16/2013,2013106,25,26,25.6,22.8,34.6,12.9,12.1,78.5,11.8,142.8,216.3,43.9,61.8,165,101,52,417,15.1010101,20.25252525,9.766081871,2.474747475,5.95959596,-0.614035088,-13.33333333,34.16666667,-103.0555556,3.302,0.2286,4.1402,16.42857143,3.373015873,-1.388888889,0.889,19,4.777777778,28.33333333,0.889
2013,2X,FOPA13,2X FOPA13,U,5/22/2013,2013142,4/25/2013,2013115,28,27,27,22.3,34,12,12.5,78.5,11.7,146.3,208.3,44.5,60.6,185,128,68,360,19.04040404,19.09090909,13.42105263,5.151515152,6.262626263,2.397660819,23.05555556,29.44444444,-39.72222222,0.889,1.397,6.2484,20.43650794,7.5,55.55555556,1.3462,20.18518519,6.37037037,49.16666667,1.397
2013,3Y,FOPA13,3Y FOPA13,M,5/22/2013,2013142,4/25/2013,2013115,28,27,27.3,22.8,32.4,11.5,12.7,77.2,9.6,121.9,196,44.8,58.4,190,128,78,366,19.04040404,19.09090909,13.42105263,5.151515152,6.262626263,2.397660819,23.05555556,29.44444444,-39.72222222,0.889,1.397,6.2484,20.43650794,7.5,55.55555556,1.3462,20.18518519,6.37037037,49.16666667,1.397
2013,4E,JSUP13,4E JSUP13,F,5/25/2013,2013145,4/27/2013,2013117,28,28,27.5,25,38.6,14.1,13.2,80.4,13.6,179.5,263.4,41.8,60.8,198,129,82,390,20.25252525,18.58585859,13.39181287,5.95959596,5.555555556,2.30994152,34.16666667,22.77777778,-40.83333333,0.2286,1.397,6.2992,19.72222222,6.23015873,41.66666667,1.3462,19.77777778,5.666666667,40.83333333,1.397
2013,9B,MMUR13,9B MMUR13,M,5/11/2013,2013131,4/16/2013,2013106,23,25,25,20.4,29.2,13.3,12.1,75.2,8.8,106.5,185.4,46,56.9,158,89,42,370,15.1010101,20.25252525,9.766081871,2.474747475,5.95959596,-0.614035088,-13.33333333,34.16666667,-103.0555556,3.302,0.2286,4.1402,16.42857143,3.373015873,-1.388888889,0.889,19,4.777777778,28.33333333,0.889
2013,12,MNDY13,12 MNDY13,F,6/12/2013,2013163,5/18/2013,2013138,23,25,25.2,20.5,32.1,12,11.9,70.9,11.6,138,191.8,38.8,58.3,146,91,49,381,20.25252525,23.18181818,19.76608187,8.333333333,11.91919192,6.081871345,47.22222222,83.05555556,55.55555556,2.667,4.4704,1.397,22.06349206,9.603174603,81.66666667,3.683,20.51851852,9.666666667,76.38888889,4.8514
2013,5P,NMUR13,5P NMUR13,F,5/25/2013,2013145,4/28/2013,2013118,28,27,26.6,20.8,33,10.7,12.2,71.6,12.2,148.8,188.9,38.6,50.2,170,120,66,330,21.41414141,18.18181818,13.4502924,7.222222222,5.050505051,2.222222222,47.5,17.77777778,-41.11111111,0.2286,1.397,6.2992,19.96031746,6.428571429,44.72222222,1.397,19.62962963,5.888888889,41.38888889,1.397
2013,1X,OAKS13,1X OAKS13,U,5/18/2013,2013138,4/22/2013,2013112,25,26,25.6,23.2,34.9,12.8,12.9,78.7,11.7,150.9,224.2,43.8,62.7,159,102,53,410,15.95959596,21.06060606,12.01754386,3.282828283,7.575757576,1.111111111,-4.166666667,47.5,-65.27777778,0.889,1.3462,5.6388,20.47619048,6.785714286,50.83333333,0.5588,20.44444444,7.62962963,60.55555556,1.5748
2013,8U,OAKS13,8U OAKS13,F,5/18/2013,2013138,4/22/2013,2013112,25,26,25.6,21.4,31.9,11.8,12,73.3,10.5,126,189.8,41.4,59.2,157,99,54,330,15.95959596,21.06060606,12.01754386,3.282828283,7.575757576,1.111111111,-4.166666667,47.5,-65.27777778,0.889,1.3462,5.6388,20.47619048,6.785714286,50.83333333,0.5588,20.44444444,7.62962963,60.55555556,1.5748
2013,9V,OAKS13,9V OAKS13,U,5/18/2013,2013138,4/23/2013,2013113,24,25,25.1,21.9,37,12,12.3,75.7,15.1,185.7,224.8,38.7,60.8,149,92,40,350,17.52525253,19.5959596,12.69005848,4.343434343,6.464646465,1.578947368,10.27777778,33.33333333,-54.44444444,0.889,1.3462,5.6388,21.19047619,7.698412698,62.22222222,1.524,19.62962963,6.777777778,48.05555556,1.3462
2013,6S,PEAC13,6S PEAC13,F,5/16/2013,2013136,4/20/2013,2013110,24,26,25.5,22.6,34.6,13.8,12,75.7,12,144,223.2,41.1,57.8,160,100,49,380,14.94949495,22.12121212,11.60818713,2.424242424,7.777777778,0.760233918,-14.44444444,54.44444444,-72.5,2.4638,1.2954,5.6388,20.07936508,5.793650794,41.11111111,0.889,20.55555556,7.111111111,57.5,1.524
2013,7T,PEAC13,7T PEAC13,M,5/16/2013,2013136,4/21/2013,2013111,24,25,25.2,22.9,34.3,12.5,12,75.3,11.4,136.8,210.1,41,61.6,156,96,41,380,14.54545455,22.12121212,11.7251462,2.626262626,7.828282828,0.964912281,-15.55555556,54.72222222,-69.44444444,0.889,1.3462,5.6388,20.03968254,6.30952381,44.44444444,0.6096,20.96296296,7.62962963,64.44444444,1.5748
2013,2O,PIHI13,2O PIHI13,M,5/16/2013,2013136,4/21/2013,2013111,24,25,25.1,22.1,35.9,12.8,13.2,73.7,13.8,182.2,233.4,37.8,59.3,150,92,40,362,14.54545455,22.12121212,11.7251462,2.626262626,7.828282828,0.964912281,-15.55555556,54.72222222,-69.44444444,0.889,1.3462,5.6388,20.03968254,6.30952381,44.44444444,0.6096,20.96296296,7.62962963,64.44444444,1.5748
2013,2M,ROTA13,2M ROTA13,U,5/25/2013,2013145,4/30/2013,2013120,22,25,25,20.7,33,12.3,11.2,71.6,12.3,137.8,193.9,38.6,56.1,142,88,40,320,21.36363636,18.83838384,13.71345029,7.626262626,6.262626263,2.719298246,49.44444444,28.05555556,-33.88888889,0.3302,1.0668,4.7244,19.6031746,5.793650794,37.77777778,1.397,19.62962963,7.074074074,50.27777778,1.397
2013,45,SEP213,45 SEP213,F,6/29/2013,2013180,6/4/2013,2013155,22,25,24.9,21.7,34.1,13,12.8,72.5,12.4,158.7,219.9,38.4,56.7,137,83,42,320,18.78787879,25.15151515,22.60233918,10.15151515,12.32323232,9.970760234,49.16666667,96.11111111,119.4444444,4.4196,2.5908,4.5974,21.50793651,10.91269841,86.94444444,2.2606,23.40740741,12.51851852,119.4444444,4.4196
2013,1,SIHA13,1 SIHA13,M,6/12/2013,2013163,5/18/2013,2013138,24,25,25.2,23,34.9,13.1,12,75.4,11.9,142.8,219,40.5,57.1,161,94,46,380,20.25252525,23.18181818,19.76608187,8.333333333,11.91919192,6.081871345,47.22222222,83.05555556,55.55555556,2.667,4.4704,1.397,22.06349206,9.603174603,81.66666667,3.683,20.51851852,9.666666667,76.38888889,4.8514
2013,6I,SMUR13,6I SMUR13,M,5/15/2013,2013135,4/19/2013,2013109,25,26,25.5,21.4,31.9,11.8,12.3,72.3,10.5,129.2,192.2,40.4,59,160,103,45,344,15.35353535,21.36363636,11.02339181,2.626262626,7.626262626,0.701754386,-11.11111111,49.44444444,-78.61111111,2.4638,0.3302,5.1816,19.36507937,5.079365079,31.11111111,0.889,20.07407407,6.37037037,48.33333333,0.6096
2013,7J,SMUR13,7J SMUR13,M,5/15/2013,2013135,4/20/2013,2013110,25,25,25.4,21.4,32.3,11.2,12.1,73.7,10.9,131.9,188.1,41.4,60.5,160,103,42,332,14.94949495,22.12121212,11.60818713,2.424242424,7.777777778,0.760233918,-14.44444444,54.44444444,-72.5,2.4638,1.2954,5.6388,20.07936508,5.793650794,41.11111111,0.889,20.55555556,7.111111111,57.5,1.524
2013,8K,SMUR13,8K SMUR13,M,5/15/2013,2013135,4/20/2013,2013110,25,25,25.4,21.5,33.2,12.2,12.2,72,11.7,142.7,202.5,38.8,55.3,160,106,40,300,14.94949495,22.12121212,11.60818713,2.424242424,7.777777778,0.760233918,-14.44444444,54.44444444,-72.5,2.4638,1.2954,5.6388,20.07936508,5.793650794,41.11111111,0.889,20.55555556,7.111111111,57.5,1.524
2013,9L,SMUR13,9L SMUR13,M,5/15/2013,2013135,4/20/2013,2013110,24,25,25.1,19.9,32.3,12.2,11.7,71.5,12.4,145.1,193,39.2,55.8,144,90,43,310,14.94949495,22.12121212,11.60818713,2.424242424,7.777777778,0.760233918,-14.44444444,54.44444444,-72.5,2.4638,1.2954,5.6388,20.07936508,5.793650794,41.11111111,0.889,20.55555556,7.111111111,57.5,1.524
2013,0V,SSAP13,0V SSAP13,F,5/22/2013,2013142,4/27/2013,2013117,25,25,25.3,19.6,31.7,11.5,11.1,71.2,12.1,134.3,179.1,39.5,52.8,159,99,43,282,20.25252525,18.58585859,13.39181287,5.95959596,5.555555556,2.30994152,34.16666667,22.77777778,-40.83333333,0.2286,1.397,6.2992,19.72222222,6.23015873,41.66666667,1.3462,19.77777778,5.666666667,40.83333333,1.397
2013,1W,SSAP13,1W SSAP13,U,5/22/2013,2013142,4/25/2013,2013115,26,27,26.5,21.2,32.4,11.1,12.5,75.6,11.2,140,191.2,43.2,57,184,125,59,340,19.04040404,19.09090909,13.42105263,5.151515152,6.262626263,2.397660819,23.05555556,29.44444444,-39.72222222,0.889,1.397,6.2484,20.43650794,7.5,55.55555556,1.3462,20.18518519,6.37037037,49.16666667,1.397
2013,8T,SSAP13,8T SSAP13,F,5/22/2013,2013142,4/26/2013,2013116,26,26,26,19.7,31.8,11.3,11,71.4,12.1,133.1,177.3,39.6,54.7,162,113,53,275,19.44444444,19.14141414,13.74269006,5.303030303,6.111111111,2.543859649,26.11111111,28.88888889,-35.27777778,0.2794,1.397,6.2992,20.07936508,6.547619048,46.38888889,1.3462,20.25925926,6.148148148,48.05555556,1.397
2013,9U,SSAP13,9U SSAP13,F,5/22/2013,2013142,4/26/2013,2013116,26,26,25.9,21.9,34.2,12.2,12.8,76.1,12.3,157.4,213.8,41.9,55.3,167,112,53,345,19.44444444,19.14141414,13.74269006,5.303030303,6.111111111,2.543859649,26.11111111,28.88888889,-35.27777778,0.2794,1.397,6.2992,20.07936508,6.547619048,46.38888889,1.3462,20.25925926,6.148148148,48.05555556,1.397
2013,1Y,SWAH13,1Y SWAH13,F,5/11/2013,2013131,4/15/2013,2013105,26,26,26.3,24.9,35.4,13.7,13.1,76.6,10.5,137.6,237.2,41.2,57.8,175,112,63,378,14.54545455,19.44444444,9.152046784,2.323232323,5.303030303,-1.052631579,-17.22222222,26.11111111,-113.0555556,3.2512,0.2794,4.4196,16.42857143,3.373015873,-1.388888889,2.4638,17.92592593,4.074074074,15,0.889
2013,2Z,SWAH13,2Z SWAH13,F,5/11/2013,2013131,4/15/2013,2013105,26,26,25.9,22.5,34.6,12.6,12.8,76.1,12.1,154.9,219.7,41.5,62.4,169,107,57,410,14.54545455,19.44444444,9.152046784,2.323232323,5.303030303,-1.052631579,-17.22222222,26.11111111,-113.0555556,3.2512,0.2794,4.4196,16.42857143,3.373015873,-1.388888889,2.4638,17.92592593,4.074074074,15,0.889
2013,8A,SWAH13,8A SWAH13,M,5/11/2013,2013131,4/15/2013,2013105,26,26,26.3,25.2,38.1,12.8,13.4,82.2,12.9,172.9,249.6,44.1,63.7,180,112,65,482,14.54545455,19.44444444,9.152046784,2.323232323,5.303030303,-1.052631579,-17.22222222,26.11111111,-113.0555556,3.2512,0.2794,4.4196,16.42857143,3.373015873,-1.388888889,2.4638,17.92592593,4.074074074,15,0.889
2013,0L,TARY13,0L TARY13,F,5/19/2013,2013139,4/24/2013,2013114,23,25,25,21,33.6,12.3,12.3,74.4,12.6,155,206.6,40.8,58.5,146,88,40,341,18.28282828,18.73737374,12.83625731,4.646464646,6.262626263,2.01754386,16.11111111,27.5,-48.88888889,0.889,1.3462,5.6388,21.07142857,7.976190476,63.33333333,1.5748,19.59259259,6.222222222,43.61111111,1.3462
2013,2N,TARY13,2N TARY13,U,5/19/2013,2013139,4/24/2013,2013114,23,25,25.3,21.3,33.9,12.2,12,74.4,12.6,151.2,205.1,40.5,57.2,149,93,49,340,18.28282828,18.73737374,12.83625731,4.646464646,6.262626263,2.01754386,16.11111111,27.5,-48.88888889,0.889,1.3462,5.6388,21.07142857,7.976190476,63.33333333,1.5748,19.59259259,6.222222222,43.61111111,1.3462
2013,7R,TUCH13,7R TUCH13,M,5/25/2013,2013145,4/30/2013,2013120,21,25,25,21.4,33.3,13.1,13.7,74,11.9,163,223.1,40.7,57.2,151,90,38,324,21.36363636,18.83838384,13.71345029,7.626262626,6.262626263,2.719298246,49.44444444,28.05555556,-33.88888889,0.3302,1.0668,4.7244,19.6031746,5.793650794,37.77777778,1.397,19.62962963,7.074074074,50.27777778,1.397
2013,8S,TUCH13,8S TUCH13,F,5/25/2013,2013145,4/30/2013,2013120,21,25,24.8,19.5,30.6,12.4,11.5,69.5,11.1,127.7,182.8,38.9,54.9,143,85,35,285,21.36363636,18.83838384,13.71345029,7.626262626,6.262626263,2.719298246,49.44444444,28.05555556,-33.88888889,0.3302,1.0668,4.7244,19.6031746,5.793650794,37.77777778,1.397,19.62962963,7.074074074,50.27777778,1.397
2013,4Y,WAWD13,4Y WAWD13,M,5/29/2013,2013149,5/3/2013,2013123,24,26,25.7,21,32.7,12.6,11.7,73.4,11.7,136.9,198.7,40.7,54.7,165,106,50,353,21.06060606,22.02020202,16.05263158,7.575757576,7.878787879,3.567251462,47.5,54.44444444,-3.611111111,1.3462,2.3368,3.5306,19.36507937,7.023809524,44.72222222,1.397,20.92592593,7.666666667,64.44444444,3.3528
2013,5Z,WCRI13,5Z WCRI13,M,6/5/2013,2013156,5/10/2013,2013130,24,26,25.5,22,34.8,11.9,12.3,74.4,12.8,157.4,210.5,39.6,57.8,160,103,46,355,18.18181818,21.96969697,18.74269006,5.404040404,10.2020202,5.175438596,19.72222222,66.94444444,37.22222222,1.0668,4.4958,1.2192,20.47619048,7.420634921,55.27777778,2.7178,21.48148148,9.111111111,79.44444444,4.4958
2013,9W,YEFE13,9W YEFE13,F,5/11/2013,2013131,4/14/2013,2013104,27,27,26.5,24.2,37,13.1,14.3,77.5,12.8,183,253.5,40.5,61.6,176,121,62,405,13.53535354,19.04040404,9.093567251,2.272727273,5.151515152,-1.198830409,-23.05555556,23.05555556,-115,2.8194,0.889,4.4704,15.95238095,3.611111111,-3.055555556,2.4638,16.85185185,3.703703704,4.166666667,0.889
2013,2W,YFER13,2W YFER13,M,5/26/2013,2013146,4/28/2013,2013118,28,28,27.5,23,37.5,13.6,13.7,79.6,14.5,198.7,255.9,42.1,62.5,194,129,80,389,21.41414141,18.18181818,13.4502924,7.222222222,5.050505051,2.222222222,47.5,17.77777778,-41.11111111,0.2286,1.397,6.2992,19.96031746,6.428571429,44.72222222,1.397,19.62962963,5.888888889,41.38888889,1.397
2014,62,BIRN14,62 BIRN14,U,5/18/2014,2014138,4/23/2014,2014113,23,25,25.2,21.4,33.9,12.2,12.3,73.6,12.5,153.8,207.6,39.7,57.4,142,92,45,418,12.42424242,20.65656566,13.71345029,2.474747475,6.717171717,0.760233918,-28.05555556,40.55555556,-52.5,3.175,3.7084,4.7498,16.19047619,4.801587302,6.944444444,3.81,18.77777778,6.37037037,38.61111111,5.3086
2014,73,BIRN14,73 BIRN14,U,5/18/2014,2014138,4/23/2014,2014113,23,25,25.1,21.9,34.5,12.6,12.8,74.2,12.6,161.3,219.1,39.7,57.3,143,90,44,392,12.42424242,20.65656566,13.71345029,2.474747475,6.717171717,0.760233918,-28.05555556,40.55555556,-52.5,3.175,3.7084,4.7498,16.19047619,4.801587302,6.944444444,3.81,18.77777778,6.37037037,38.61111111,5.3086
2014,95,BIRN14,95 BIRN14,U,5/18/2014,2014138,4/23/2014,2014113,23,25,24.9,20.5,32.8,12.8,12.5,71.3,12.3,153.8,207.5,38.5,55.3,141,87,36,340,12.42424242,20.65656566,13.71345029,2.474747475,6.717171717,0.760233918,-28.05555556,40.55555556,-52.5,3.175,3.7084,4.7498,16.19047619,4.801587302,6.944444444,3.81,18.77777778,6.37037037,38.61111111,5.3086
2014,58,FAIR14,58 FAIR14,U,5/11/2014,2014131,4/15/2014,2014105,26,26,26.2,23.7,36.7,12.3,13.6,79.2,13,176.8,237.6,42.5,58.6,171,111,61,395,13.58585859,13.43434343,11.19883041,0.202020202,3.484848485,-0.467836257,-34.16666667,-16.94444444,-88.05555556,3.2766,2.5146,6.1976,13.53174603,1.944444444,-31.66666667,3.175,13.25925926,2.814814815,-29.44444444,3.5306
2014,69,FAIR14,69 FAIR14,U,5/11/2014,2014131,4/15/2014,2014105,26,26,25.6,22.5,32.9,11.8,13.8,74.8,10.4,143.5,210.6,41.9,57.7,156,100,54,358,13.58585859,13.43434343,11.19883041,0.202020202,3.484848485,-0.467836257,-34.16666667,-16.94444444,-88.05555556,3.2766,2.5146,6.1976,13.53174603,1.944444444,-31.66666667,3.175,13.25925926,2.814814815,-29.44444444,3.5306
2014,70,FAIR14,70 FAIR14,U,5/11/2014,2014131,4/15/2014,2014105,26,26,25.8,22.7,35.7,12.6,13.5,75.1,13,175.5,232.9,39.4,59,160,103,56,400,13.58585859,13.43434343,11.19883041,0.202020202,3.484848485,-0.467836257,-34.16666667,-16.94444444,-88.05555556,3.2766,2.5146,6.1976,13.53174603,1.944444444,-31.66666667,3.175,13.25925926,2.814814815,-29.44444444,3.5306
2014,81,FAIR14,81 FAIR14,U,5/11/2014,2014131,4/15/2014,2014105,26,26,25.9,22.6,36,11.8,13.2,76.6,13.4,176.9,225,40.6,62.2,168,109,56,392,13.58585859,13.43434343,11.19883041,0.202020202,3.484848485,-0.467836257,-34.16666667,-16.94444444,-88.05555556,3.2766,2.5146,6.1976,13.53174603,1.944444444,-31.66666667,3.175,13.25925926,2.814814815,-29.44444444,3.5306
2014,92,FAIR14,92 FAIR14,U,5/11/2014,2014131,4/15/2014,2014105,26,26,26.1,22.9,34.4,12.5,14.1,78.2,11.5,162.2,228.8,43.8,60.6,164,110,59,362,13.58585859,13.43434343,11.19883041,0.202020202,3.484848485,-0.467836257,-34.16666667,-16.94444444,-88.05555556,3.2766,2.5146,6.1976,13.53174603,1.944444444,-31.66666667,3.175,13.25925926,2.814814815,-29.44444444,3.5306
2014,77,LAPT14,77 LAPT14,U,5/28/2014,2014148,5/2/2014,2014122,27,26,26.1,22.9,36.2,13.9,13.2,79,13.3,175.6,245.3,42.8,60.2,165,108,62,465,18.43434343,20.80808081,14.26900585,5.808080808,8.03030303,2.01754386,23.33333333,48.61111111,-35.27777778,2.8194,7.239,5.4356,21.26984127,7.023809524,58.05555556,8.509,21.88888889,8.555555556,78.33333333,8.9662
2014,88,LAPT14,88 LAPT14,U,5/28/2014,2014148,5/1/2014,2014121,27,27,26.5,22.6,34,13.1,13.4,76.7,11.4,152.8,225.3,42.7,58.6,177,120,63,395,17.52525253,20.80808081,14.21052632,5.656565657,7.676767677,1.988304094,17.5,46.66666667,-36.11111111,3.429,7.2136,4.826,20.87301587,7.063492063,55.55555556,8.4582,21.59259259,7.925925926,71.38888889,9.0678
2014,99,LAPT14,99 LAPT14,U,5/28/2014,2014148,5/3/2014,2014123,26,25,25.3,23.5,35.2,12.4,13.1,77,11.7,153.3,224.4,41.8,59.2,153,95,46,395,19.24242424,19.64646465,13.56725146,6.262626263,8.131313131,1.549707602,30.27777778,42.77777778,-46.38888889,2.2098,7.239,5.4356,21.82539683,7.53968254,65.55555556,8.509,21.18518519,8.444444444,72.22222222,7.7978
2014,IR,LEOP14,IR LEOP14,U,6/14/2014,2014165,5/18/2014,2014138,27,27,26.6,23.9,35.1,12.5,13.2,78.5,11.2,147.8,225.5,43.4,58.4,182,124,63,342,20.2020202,22.07070707,18.88888889,8.03030303,8.98989899,6.695906433,45.27777778,60.83333333,53.05555556,1.3208,0.254,10.3886,22.46031746,9.444444444,83.33333333,0.8636,22.81481481,9.148148148,89.72222222,0.8382
2014,KP,LEOP14,KP LEOP14,U,6/14/2014,2014165,5/17/2014,2014137,30,28,28.2,24.4,37.4,12.5,13.1,81.7,13,170.3,239.4,44.3,61.1,202,142,85,370,18.73737374,22.27272727,19.00584795,7.424242424,9.343434343,6.637426901,33.88888889,63.88888889,53.61111111,3.9624,0.8382,10.3124,22.18253968,9.682539683,83.05555556,1.4224,22.03703704,9.296296296,85,0.8382
2014,LO,LEOP14,LO LEOP14,U,6/14/2014,2014165,5/19/2014,2014139,27,26,26,21.9,34.4,12.2,12.3,75.1,12.5,153.8,210.7,40.7,55.2,175,108,60,280,20.4040404,23.18181818,19.12280702,8.585858586,9.04040404,6.49122807,49.44444444,67.22222222,53.33333333,1.27,5.715,10.033,22.1031746,9.444444444,80.83333333,0.8382,23.25925926,9.481481481,95.55555556,6.3246
2014,28,MTPW14,28 MTPW14,U,5/16/2014,2014136,4/21/2014,2014111,23,25,24.7,20.7,33.6,12.5,12.9,71.7,12.9,166.4,213.4,38.1,56.5,138,80,38,355,13.43434343,18.43434343,12.77777778,1.767676768,5.808080808,-0.087719298,-26.38888889,23.33333333,-69.44444444,2.5654,2.8194,4.2418,14.64285714,3.69047619,-11.66666667,3.81,16.66666667,4.962962963,12.22222222,3.81
2014,39,MTPW14,39 MTPW14,U,5/16/2014,2014136,4/21/2014,2014111,23,25,25.1,20.9,33.2,13.5,13,71.9,12.3,159.9,220,38.7,57.7,147,89,47,405,13.43434343,18.43434343,12.77777778,1.767676768,5.808080808,-0.087719298,-26.38888889,23.33333333,-69.44444444,2.5654,2.8194,4.2418,14.64285714,3.69047619,-11.66666667,3.81,16.66666667,4.962962963,12.22222222,3.81
2014,6,MTPW14,6 MTPW14,U,5/16/2014,2014136,4/21/2014,2014111,23,25,25.3,23.1,35.8,13.8,13.3,78.1,12.7,168.9,242.5,42.3,60.5,157,94,50,425,13.43434343,18.43434343,12.77777778,1.767676768,5.808080808,-0.087719298,-26.38888889,23.33333333,-69.44444444,2.5654,2.8194,4.2418,14.64285714,3.69047619,-11.66666667,3.81,16.66666667,4.962962963,12.22222222,3.81
2014,68,NBUR14,68 NBUR14,M,5/10/2014,2014130,4/13/2014,2014103,26,27,26.5,24.8,37.1,12.6,13.7,80.1,12.3,168.5,243.9,43,59.2,177,116,68,430,16.31313131,12.37373737,8.304093567,2.272727273,2.575757576,-3.245614035,-7.777777778,-27.77777778,-141.9444444,2.8702,2.921,5.715,13.17460317,1.111111111,-40,2.5654,13.59259259,2.074074074,-32.5,3.5306
2014,79,NBUR14,79 NBUR14,F,5/10/2014,2014130,4/14/2014,2014104,26,26,25.7,20.9,31.1,11.8,12.2,72.6,10.2,124.4,186.6,41.5,56,155,102,54,345,15.15151515,13.13131313,9.590643275,1.868686869,2.929292929,-1.929824561,-16.38888889,-21.66666667,-117.2222222,3.2766,2.5146,5.6388,13.61111111,1.587301587,-33.61111111,3.175,13.7037037,2.555555556,-28.05555556,3.5306
2014,80,NBUR14,80 NBUR14,M,5/10/2014,2014130,4/14/2014,2014104,26,26,26.1,24,35.2,12.1,13.1,79.4,11.2,146.7,221.8,44.2,60.9,173,114,57,385,15.15151515,13.13131313,9.590643275,1.868686869,2.929292929,-1.929824561,-16.38888889,-21.66666667,-117.2222222,3.2766,2.5146,5.6388,13.61111111,1.587301587,-33.61111111,3.175,13.7037037,2.555555556,-28.05555556,3.5306
2014,91,NBUR14,91 NBUR14,F,5/10/2014,2014130,4/14/2014,2014104,26,26,25.6,21.5,31.3,12.8,12.3,73.6,9.8,120.5,196.4,42.3,56.8,151,101,51,360,15.15151515,13.13131313,9.590643275,1.868686869,2.929292929,-1.929824561,-16.38888889,-21.66666667,-117.2222222,3.2766,2.5146,5.6388,13.61111111,1.587301587,-33.61111111,3.175,13.7037037,2.555555556,-28.05555556,3.5306
2014,63,ROTA14,63 ROTA14,U,5/19/2014,2014139,4/23/2014,2014113,26,26,25.9,22,33.8,12.7,12.7,75,11.8,149.9,214.6,41.2,57.1,162,109,55,417,12.42424242,20.65656566,13.71345029,2.474747475,6.717171717,0.760233918,-28.05555556,40.55555556,-52.5,3.175,3.7084,4.7498,16.19047619,4.801587302,6.944444444,3.81,18.77777778,6.37037037,38.61111111,5.3086
2014,74,ROTA14,74 ROTA14,U,5/19/2014,2014139,4/23/2014,2014113,26,26,25.6,21.1,31.3,11.5,11.7,72.8,10.2,119.3,181.5,41.5,55.3,154,102,53,362,12.42424242,20.65656566,13.71345029,2.474747475,6.717171717,0.760233918,-28.05555556,40.55555556,-52.5,3.175,3.7084,4.7498,16.19047619,4.801587302,6.944444444,3.81,18.77777778,6.37037037,38.61111111,5.3086
2014,85,ROTA14,85 ROTA14,U,5/19/2014,2014139,4/23/2014,2014113,26,26,25.6,23,35.6,13,13,76.5,12.6,163.8,231.4,40.9,58,157,100,52,422,12.42424242,20.65656566,13.71345029,2.474747475,6.717171717,0.760233918,-28.05555556,40.55555556,-52.5,3.175,3.7084,4.7498,16.19047619,4.801587302,6.944444444,3.81,18.77777778,6.37037037,38.61111111,5.3086
2014,10,SEPG14,10 SEPG14,U,5/23/2014,2014143,4/25/2014,2014115,28,28,27.5,24,36.2,12.6,13.5,77.6,12.2,164.7,236.2,41.4,58,183,128,82,398,13.13131313,23.03030303,13.83040936,2.929292929,8.03030303,0.81871345,-21.66666667,60.83333333,-50.83333333,2.5146,5.1308,4.8768,18.05555556,5.952380952,28.05555556,3.81,20.74074074,7.148148148,59.16666667,6.096
2014,21,SEPG14,21 SEPG14,M,5/23/2014,2014143,4/26/2014,2014116,27,27,26.8,24.9,37.6,12.1,13.6,82.2,12.7,172.7,241.6,44.6,61.3,182,123,69,460,13.43434343,22.92929293,14.15204678,3.484848485,8.181818182,1.081871345,-16.94444444,61.11111111,-45.27777778,2.5146,8.3566,5.3086,19.4047619,6.507936508,41.38888889,4.9276,20.33333333,7.222222222,56.66666667,8.7122
2014,32,SEPG14,32 SEPG14,U,5/23/2014,2014143,4/27/2014,2014117,26,26,26.1,22,34.2,12.9,12.2,76.2,12.2,148.8,214.6,42,56.5,168,113,57,363,13.13131313,22.82828283,14.29824561,3.282828283,8.636363636,1.111111111,-19.72222222,63.05555556,-43.61111111,2.0828,8.4328,4.1402,20.3968254,7.023809524,51.94444444,4.318,20.2962963,7.037037037,55,8.7884
2014,9,SEPG14,9 SEPG14,M,5/23/2014,2014143,4/26/2014,2014116,28,27,26.6,25.9,37.7,13.1,13.8,80.8,11.8,162.8,253.5,43.1,60.8,180,120,67,456,13.43434343,22.92929293,14.15204678,3.484848485,8.181818182,1.081871345,-16.94444444,61.11111111,-45.27777778,2.5146,8.3566,5.3086,19.4047619,6.507936508,41.38888889,4.9276,20.33333333,7.222222222,56.66666667,8.7122
2014,97,SEPG14,97 SEPG14,U,5/23/2014,2014143,4/25/2014,2014115,28,28,27.5,23,35.8,12.8,12.7,78.3,12.8,162.6,228.2,42.5,59.1,188,133,78,390,13.13131313,23.03030303,13.83040936,2.929292929,8.03030303,0.81871345,-21.66666667,60.83333333,-50.83333333,2.5146,5.1308,4.8768,18.05555556,5.952380952,28.05555556,3.81,20.74074074,7.148148148,59.16666667,6.096
2014,25,SICH14,25 SICH14,U,5/10/2014,2014130,4/15/2014,2014105,23,25,25.1,21.7,35.3,14.1,14,77.2,13.6,190.4,248,41.9,60,151,90,44,355,13.58585859,13.43434343,11.19883041,0.202020202,3.484848485,-0.467836257,-34.16666667,-16.94444444,-88.05555556,3.2766,2.5146,6.1976,13.53174603,1.944444444,-31.66666667,3.175,13.25925926,2.814814815,-29.44444444,3.5306
2014,3,SICH14,3 SICH14,U,5/10/2014,2014130,4/15/2014,2014105,23,25,25.1,21,32,12.5,12.8,72.4,11,140.8,202.4,40.4,57.2,144,90,45,330,13.58585859,13.43434343,11.19883041,0.202020202,3.484848485,-0.467836257,-34.16666667,-16.94444444,-88.05555556,3.2766,2.5146,6.1976,13.53174603,1.944444444,-31.66666667,3.175,13.25925926,2.814814815,-29.44444444,3.5306
2014,47,SICH14,47 SICH14,F,5/10/2014,2014130,4/15/2014,2014105,23,25,25.2,20.4,32,11.7,12.7,72.2,11.6,147.3,195.2,40.2,57.7,145,90,47,348,13.58585859,13.43434343,11.19883041,0.202020202,3.484848485,-0.467836257,-34.16666667,-16.94444444,-88.05555556,3.2766,2.5146,6.1976,13.53174603,1.944444444,-31.66666667,3.175,13.25925926,2.814814815,-29.44444444,3.5306
2014,20,SINE14,20 SINE14,M,5/20/2014,2014140,4/24/2014,2014114,25,26,26,21.8,34.2,12.2,12.5,75.5,12.4,155,211.2,41.3,60.3,165,105,62,415,12.37373737,21.81818182,13.47953216,2.575757576,7.525252525,0.614035088,-27.77777778,51.38888889,-56.11111111,2.921,3.3528,4.8768,17.22222222,5.515873016,19.16666667,3.81,19.92592593,6.925925926,51.38888889,4.9276
2014,31,SINE14,31 SINE14,F,5/20/2014,2014140,4/25/2014,2014115,25,25,24.8,20,30.5,12.5,11.2,67.6,10.5,117.6,180.7,37.1,52.4,140,79,43,300,13.13131313,23.03030303,13.83040936,2.929292929,8.03030303,0.81871345,-21.66666667,60.83333333,-50.83333333,2.5146,5.1308,4.8768,18.05555556,5.952380952,28.05555556,3.81,20.74074074,7.148148148,59.16666667,6.096
2014,16,SMUR14,16 SMUR14,U,5/14/2014,2014134,4/18/2014,2014108,25,26,25.5,24,36.3,13.7,12.9,77.2,12.3,158.7,241.4,40.9,61.6,162,103,46,395,13.28282828,15.1010101,11.4619883,0.202020202,4.494949495,-0.614035088,-35.83333333,-2.222222222,-86.94444444,1.5748,3.2512,4.2418,12.57936508,2.738095238,-32.77777778,3.5306,14.2962963,3.296296296,-18.05555556,3.81
2014,5,SMUR14,5 SMUR14,U,5/14/2014,2014134,4/18/2014,2014108,25,26,25.9,22.3,33,11.8,12.1,74.8,10.7,129.5,197.2,41.8,59.2,158,105,60,345,13.28282828,15.1010101,11.4619883,0.202020202,4.494949495,-0.614035088,-35.83333333,-2.222222222,-86.94444444,1.5748,3.2512,4.2418,12.57936508,2.738095238,-32.77777778,3.5306,14.2962963,3.296296296,-18.05555556,3.81
2014,82,SMUR14,82 SMUR14,U,5/14/2014,2014134,4/18/2014,2014108,25,26,25.8,22.5,35.1,12.4,13.5,77.3,12.6,170.1,227.3,42.2,61.8,161,106,54,400,13.28282828,15.1010101,11.4619883,0.202020202,4.494949495,-0.614035088,-35.83333333,-2.222222222,-86.94444444,1.5748,3.2512,4.2418,12.57936508,2.738095238,-32.77777778,3.5306,14.2962963,3.296296296,-18.05555556,3.81
2014,93,SMUR14,93 SMUR14,U,5/14/2014,2014134,4/18/2014,2014108,25,26,25.5,23,34.7,13.7,12.8,76.4,11.7,149.8,229.9,41.7,59.8,152,99,50,370,13.28282828,15.1010101,11.4619883,0.202020202,4.494949495,-0.614035088,-35.83333333,-2.222222222,-86.94444444,1.5748,3.2512,4.2418,12.57936508,2.738095238,-32.77777778,3.5306,14.2962963,3.296296296,-18.05555556,3.81
2014,38,SSAP14,38 SSAP14,M,5/14/2014,2014134,4/18/2014,2014108,25,26,25.7,23.8,36.3,12.8,13.7,79.3,12.5,171.3,240.5,43,61.2,166,96,59,440,13.28282828,15.1010101,11.4619883,0.202020202,4.494949495,-0.614035088,-35.83333333,-2.222222222,-86.94444444,1.5748,3.2512,4.2418,12.57936508,2.738095238,-32.77777778,3.5306,14.2962963,3.296296296,-18.05555556,3.81
2014,49,SSAP14,49 SSAP14,U,5/14/2014,2014134,4/18/2014,2014108,25,26,25.6,22.1,34,12.6,12.5,75.4,11.9,148.8,213.4,41.4,57.9,160,102,50,350,13.28282828,15.1010101,11.4619883,0.202020202,4.494949495,-0.614035088,-35.83333333,-2.222222222,-86.94444444,1.5748,3.2512,4.2418,12.57936508,2.738095238,-32.77777778,3.5306,14.2962963,3.296296296,-18.05555556,3.81
2014,50,SSAP14,50 SSAP14,U,5/14/2014,2014134,4/18/2014,2014108,25,26,25.7,21.9,33.5,12.4,11.8,74.8,11.6,136.9,202.7,41.3,58.4,162,107,51,342,13.28282828,15.1010101,11.4619883,0.202020202,4.494949495,-0.614035088,-35.83333333,-2.222222222,-86.94444444,1.5748,3.2512,4.2418,12.57936508,2.738095238,-32.77777778,3.5306,14.2962963,3.296296296,-18.05555556,3.81
2014,15,STEX14,15 STEX14,U,5/11/2014,2014131,4/16/2014,2014106,22,25,24.7,20.8,34,12.7,12.7,73,13.2,167.6,215.9,39,59.5,140,82,33,420,12.92929293,13.13131313,11.7251462,-0.909090909,3.282828283,-0.263157895,-43.88888889,-19.72222222,-81.11111111,3.1496,2.0828,7.6708,13.80952381,2.5,-25.83333333,3.5306,12.66666667,2.518518519,-36.11111111,3.5306
2014,4,STEX14,4 STEX14,M,5/11/2014,2014131,4/16/2014,2014106,22,25,24.7,21.9,34.9,12.5,12.9,74.1,13,167.7,221.6,39.2,58.8,139,81,35,374,12.92929293,13.13131313,11.7251462,-0.909090909,3.282828283,-0.263157895,-43.88888889,-19.72222222,-81.11111111,3.1496,2.0828,7.6708,13.80952381,2.5,-25.83333333,3.5306,12.66666667,2.518518519,-36.11111111,3.5306
2014,AZ,SWST14,AZ SWST14,U,5/30/2014,2014150,5/5/2014,2014125,24,25,25.1,22.5,34.6,12.6,13.4,77.5,12.1,162.1,224.9,42.9,61.9,149,92,43,405,21.81818182,18.53535354,12.86549708,7.525252525,6.96969697,1.520467836,51.38888889,30.27777778,-53.33333333,3.3528,5.7404,3.5306,21.70634921,8.293650794,70,7.7978,20.66666667,7.888888889,64.16666667,7.239
2014,BY,SWST14,BY SWST14,U,5/30/2014,2014150,5/4/2014,2014124,24,26,25.6,22.2,34,13.2,12.8,76.9,11.8,151,221,42.9,59.4,158,102,53,362,20.65656566,18.88888889,13.04093567,6.717171717,7.575757576,1.023391813,40.55555556,35.55555556,-56.38888889,3.7084,5.7404,5.2324,21.78571429,8.373015873,71.11111111,8.9408,20.7037037,7.814814815,63.88888889,7.239
2014,42,THOR14,42 THOR14,U,5/21/2014,2014141,4/25/2014,2014115,26,26,26.1,23.3,35.3,13,12.8,78.9,12,153.6,227.7,43.6,63.6,168,113,58,447,13.13131313,23.03030303,13.83040936,2.929292929,8.03030303,0.81871345,-21.66666667,60.83333333,-50.83333333,2.5146,5.1308,4.8768,18.05555556,5.952380952,28.05555556,3.81,20.74074074,7.148148148,59.16666667,6.096
2014,64,THOR14,64 THOR14,U,5/21/2014,2014141,4/25/2014,2014115,25,26,25.6,22.9,35.2,13.2,13.2,77.5,12.3,162.4,232.3,42.3,64.4,163,99,55,427,13.13131313,23.03030303,13.83040936,2.929292929,8.03030303,0.81871345,-21.66666667,60.83333333,-50.83333333,2.5146,5.1308,4.8768,18.05555556,5.952380952,28.05555556,3.81,20.74074074,7.148148148,59.16666667,6.096
2014,75,THOR14,75 THOR14,F,5/21/2014,2014141,4/25/2014,2014115,25,26,25.5,20.8,32.5,13.3,13.3,74.2,11.7,155.6,216.1,41.7,59.9,153,100,50,363,13.13131313,23.03030303,13.83040936,2.929292929,8.03030303,0.81871345,-21.66666667,60.83333333,-50.83333333,2.5146,5.1308,4.8768,18.05555556,5.952380952,28.05555556,3.81,20.74074074,7.148148148,59.16666667,6.096
2014,86,THOR14,86 THOR14,U,5/21/2014,2014141,4/26/2014,2014116,24,25,25.2,21.5,34.3,13.2,13.4,75.6,12.8,171.5,228.1,41.3,62.7,155,94,43,402,13.43434343,22.92929293,14.15204678,3.484848485,8.181818182,1.081871345,-16.94444444,61.11111111,-45.27777778,2.5146,8.3566,5.3086,19.4047619,6.507936508,41.38888889,4.9276,20.33333333,7.222222222,56.66666667,8.7122
2014,18,UPLA14,18 UPLA14,U,5/19/2014,2014139,4/23/2014,2014113,24,26,25.5,21.6,33.2,12.3,12.6,73,11.6,146.2,206.7,39.8,56.5,153,99,50,367,12.42424242,20.65656566,13.71345029,2.474747475,6.717171717,0.760233918,-28.05555556,40.55555556,-52.5,3.175,3.7084,4.7498,16.19047619,4.801587302,6.944444444,3.81,18.77777778,6.37037037,38.61111111,5.3086
2014,29,UPLA14,29 UPLA14,U,5/19/2014,2014139,4/23/2014,2014113,24,26,25.5,21.7,33.4,13.9,12.8,75.3,11.7,149.8,222.9,41.9,58.4,156,100,49,350,12.42424242,20.65656566,13.71345029,2.474747475,6.717171717,0.760233918,-28.05555556,40.55555556,-52.5,3.175,3.7084,4.7498,16.19047619,4.801587302,6.944444444,3.81,18.77777778,6.37037037,38.61111111,5.3086
2014,30,UPLA14,30 UPLA14,U,5/19/2014,2014139,4/23/2014,2014113,24,26,25.6,22.8,35.5,13.3,13.6,76.7,12.7,172.7,238.7,41.2,57.9,160,103,50,414,12.42424242,20.65656566,13.71345029,2.474747475,6.717171717,0.760233918,-28.05555556,40.55555556,-52.5,3.175,3.7084,4.7498,16.19047619,4.801587302,6.944444444,3.81,18.77777778,6.37037037,38.61111111,5.3086
2014,41,UPLA14,41 UPLA14,U,5/19/2014,2014139,4/23/2014,2014113,24,26,25.6,22.6,34.1,13,13.1,74.1,11.5,150.7,222.5,40,58.2,157,101,53,390,12.42424242,20.65656566,13.71345029,2.474747475,6.717171717,0.760233918,-28.05555556,40.55555556,-52.5,3.175,3.7084,4.7498,16.19047619,4.801587302,6.944444444,3.81,18.77777778,6.37037037,38.61111111,5.3086
2014,CX,WAWD14,CX WAWD14,U,5/30/2014,2014150,5/5/2014,2014125,24,25,25.2,21.4,32.5,12.6,12.6,72.3,11.1,139.9,204.8,39.8,55,150,94,45,343,21.81818182,18.53535354,12.86549708,7.525252525,6.96969697,1.520467836,51.38888889,30.27777778,-53.33333333,3.3528,5.7404,3.5306,21.70634921,8.293650794,70,7.7978,20.66666667,7.888888889,64.16666667,7.239
2014,DW,WAWD14,DW WAWD14,U,5/30/2014,2014150,5/4/2014,2014124,24,26,25.5,21.3,33.3,12.9,13.4,74.3,12,160.8,218.9,41,58.9,156,100,48,375,20.65656566,18.88888889,13.04093567,6.717171717,7.575757576,1.023391813,40.55555556,35.55555556,-56.38888889,3.7084,5.7404,5.2324,21.78571429,8.373015873,71.11111111,8.9408,20.7037037,7.814814815,63.88888889,7.239
2014,FU,WAWD14,FU WAWD14,U,5/30/2014,2014150,5/5/2014,2014125,23,25,25,21.5,33.2,12.5,12,72.6,11.7,140.4,203.4,39.4,56.9,141,85,43,345,21.81818182,18.53535354,12.86549708,7.525252525,6.96969697,1.520467836,51.38888889,30.27777778,-53.33333333,3.3528,5.7404,3.5306,21.70634921,8.293650794,70,7.7978,20.66666667,7.888888889,64.16666667,7.239
2014,76,WCRI14,76 WCRI14,U,5/25/2014,2014145,4/28/2014,2014118,27,27,27.3,23.8,37.7,12.3,12.7,78.9,13.9,176.5,235.6,41.2,60.6,183,126,78,370,13.68686869,22.42424242,14.18128655,3.131313131,8.535353535,1.081871345,-17.5,60.27777778,-45,2.0828,8.3312,4.1148,20.95238095,7.341269841,58.05555556,5.4864,20.2962963,6.814814815,53.33333333,8.4582
2014,87,WCRI14,87 WCRI14,U,5/25/2014,2014145,4/28/2014,2014118,27,27,26.7,22.4,34.6,11.9,12.7,75.8,12.2,154.9,212.8,41.2,58.8,174,117,71,340,13.68686869,22.42424242,14.18128655,3.131313131,8.535353535,1.081871345,-17.5,60.27777778,-45,2.0828,8.3312,4.1148,20.95238095,7.341269841,58.05555556,5.4864,20.2962963,6.814814815,53.33333333,8.4582
2014,98,WCRI14,98 WCRI14,U,5/25/2014,2014145,4/28/2014,2014118,27,27,26.9,23.4,35.9,13.5,13.7,79,12.5,171.3,244.1,43.1,62.2,178,121,73,367,13.68686869,22.42424242,14.18128655,3.131313131,8.535353535,1.081871345,-17.5,60.27777778,-45,2.0828,8.3312,4.1148,20.95238095,7.341269841,58.05555556,5.4864,20.2962963,6.814814815,53.33333333,8.4582
2014,11,WERO14,11 WERO14,U,5/26/2014,2014146,4/30/2014,2014120,26,26,26.2,23.8,36.3,13.3,13.5,77.9,12.5,168.8,243.2,41.6,60.5,171,113,59,409,16.26262626,21.31313131,14.12280702,5.606060606,6.919191919,1.637426901,10.27777778,45.27777778,-40.27777778,3.81,6.6548,4.3942,20.71428571,7.261904762,55.83333333,8.4328,21.2962963,7,62.22222222,8.509
2014,22,WERO14,22 WERO14,U,5/26/2014,2014146,4/30/2014,2014120,26,26,26.2,23,34.4,11.7,13.3,74.4,11.4,151.6,215,40,59.7,166,112,62,370,16.26262626,21.31313131,14.12280702,5.606060606,6.919191919,1.637426901,10.27777778,45.27777778,-40.27777778,3.81,6.6548,4.3942,20.71428571,7.261904762,55.83333333,8.4328,21.2962963,7,62.22222222,8.509
2014,33,WERO14,33 WERO14,U,5/26/2014,2014146,5/1/2014,2014121,25,25,25.1,21.7,32.8,13.3,12.3,74.1,11.1,136.5,209.9,41.3,56.7,145,91,41,372,17.52525253,20.80808081,14.21052632,5.656565657,7.676767677,1.988304094,17.5,46.66666667,-36.11111111,3.429,7.2136,4.826,20.87301587,7.063492063,55.55555556,8.4582,21.59259259,7.925925926,71.38888889,9.0678
2014,44,WERO14,44 WERO14,U,5/26/2014,2014146,5/1/2014,2014121,25,25,25.4,23.1,34.7,13.3,12.9,77.7,11.6,149.6,227.3,43,59.9,159,101,45,406,17.52525253,20.80808081,14.21052632,5.656565657,7.676767677,1.988304094,17.5,46.66666667,-36.11111111,3.429,7.2136,4.826,20.87301587,7.063492063,55.55555556,8.4582,21.59259259,7.925925926,71.38888889,9.0678
2014,37,YEFE14,37 YEFE14,U,5/11/2014,2014131,4/15/2014,2014105,26,26,25.6,24.1,34.9,11.7,13.3,77,10.8,143.6,218.1,42.1,58.4,158,104,51,380,13.58585859,13.43434343,11.19883041,0.202020202,3.484848485,-0.467836257,-34.16666667,-16.94444444,-88.05555556,3.2766,2.5146,6.1976,13.53174603,1.944444444,-31.66666667,3.175,13.25925926,2.814814815,-29.44444444,3.5306
2014,48,YEFE14,48 YEFE14,U,5/11/2014,2014131,4/15/2014,2014105,26,26,26.1,25.7,38.7,12.2,13.5,79.3,13,175.5,248.6,40.6,62.9,170,112,59,463,13.58585859,13.43434343,11.19883041,0.202020202,3.484848485,-0.467836257,-34.16666667,-16.94444444,-88.05555556,3.2766,2.5146,6.1976,13.53174603,1.944444444,-31.66666667,3.175,13.25925926,2.814814815,-29.44444444,3.5306
2014,59,YEFE14,59 YEFE14,U,5/11/2014,2014131,4/15/2014,2014105,26,26,25.5,23.6,35.6,13.1,13.6,75.3,12,163.2,237.6,39.7,58.6,152,98,51,398,13.58585859,13.43434343,11.19883041,0.202020202,3.484848485,-0.467836257,-34.16666667,-16.94444444,-88.05555556,3.2766,2.5146,6.1976,13.53174603,1.944444444,-31.66666667,3.175,13.25925926,2.814814815,-29.44444444,3.5306
2014,60,YEFE14,60 YEFE14,U,5/11/2014,2014131,4/16/2014,2014106,25,25,25,23.2,34.5,12.6,12.6,75.3,11.3,142.4,217.4,40.8,61,138,88,40,362,12.92929293,13.13131313,11.7251462,-0.909090909,3.282828283,-0.263157895,-43.88888889,-19.72222222,-81.11111111,3.1496,2.0828,7.6708,13.80952381,2.5,-25.83333333,3.5306,12.66666667,2.518518519,-36.11111111,3.5306
2014,55,YETH14,55 YETH14,U,5/27/2014,2014147,4/30/2014,2014120,27,27,26.9,23,36,12.2,11.7,80.2,13,152.1,215.1,44.2,61.8,189,123,71,400,16.26262626,21.31313131,14.12280702,5.606060606,6.919191919,1.637426901,10.27777778,45.27777778,-40.27777778,3.81,6.6548,4.3942,20.71428571,7.261904762,55.83333333,8.4328,21.2962963,7,62.22222222,8.509
2014,66,YETH14,66 YETH14,U,5/27/2014,2014147,5/1/2014,2014121,26,26,26.1,22.7,34.8,12,12.5,79.4,12.1,151.3,213.2,44.6,63.8,171,109,62,400,17.52525253,20.80808081,14.21052632,5.656565657,7.676767677,1.988304094,17.5,46.66666667,-36.11111111,3.429,7.2136,4.826,20.87301587,7.063492063,55.55555556,8.4582,21.59259259,7.925925926,71.38888889,9.0678
2014,43,YFER14,43 YFER14,U,5/24/2014,2014144,4/27/2014,2014117,27,27,26.8,23.1,36.3,13.1,14.4,80.4,13.2,190.1,249.6,44.1,60.9,179,120,70,408,13.13131313,22.82828283,14.29824561,3.282828283,8.636363636,1.111111111,-19.72222222,63.05555556,-43.61111111,2.0828,8.4328,4.1402,20.3968254,7.023809524,51.94444444,4.318,20.2962963,7.037037037,55,8.7884
2014,54,YFER14,54 YFER14,U,5/24/2014,2014144,4/28/2014,2014118,26,26,26,23.2,37.8,12.7,12.8,78.3,14.6,186.9,241,40.5,61.2,170,108,60,380,13.68686869,22.42424242,14.18128655,3.131313131,8.535353535,1.081871345,-17.5,60.27777778,-45,2.0828,8.3312,4.1148,20.95238095,7.341269841,58.05555556,5.4864,20.2962963,6.814814815,53.33333333,8.4582
2014,65,YFER14,65 YFER14,U,5/24/2014,2014144,4/27/2014,2014117,27,27,26.7,22.9,34.6,13.2,13.2,78,11.7,154.4,228.4,43.4,60,180,123,66,368,13.13131313,22.82828283,14.29824561,3.282828283,8.636363636,1.111111111,-19.72222222,63.05555556,-43.61111111,2.0828,8.4328,4.1402,20.3968254,7.023809524,51.94444444,4.318,20.2962963,7.037037037,55,8.7884
2015,AW,BYWY15,AW BYWY15,F,5/19/2015,2015139,4/23/2015,2015113,25,26,26.2,23,35.7,12.7,12.5,76.9,12.7,158.8,224.9,41.2,57.1,163,111,61,362,12.27272727,24.84848485,13.1871345,0.454545455,10.75757576,0.730994152,-40,85.83333333,-57.77777778,0.2794,2.4892,7.5438,22.26190476,7.698412698,69.72222222,0.7874,23.33333333,8.481481481,88.61111111,2.4892
2015,CU,BYWY15,CU BYWY15,U,5/19/2015,2015139,4/22/2015,2015112,25,27,26.7,24.5,36.6,13.4,13,78.5,12.1,157.3,241.6,41.9,59.9,178,119,69,369,11.61616162,25.75757576,13.56725146,0.404040404,11.16161616,0.789473684,-43.88888889,93.05555556,-53.61111111,0.2794,2.4638,8.5598,20.75396825,6.746031746,52.5,0.1524,23.7037037,8.592592593,92.22222222,2.4638
2015,YZ,BYWY15,YZ BYWY15,F,5/19/2015,2015139,4/23/2015,2015113,25,26,26,23.7,35.9,13.2,12.6,76.2,12.2,153.7,231.6,40.3,56.8,170,110,56,372,12.27272727,24.84848485,13.1871345,0.454545455,10.75757576,0.730994152,-40,85.83333333,-57.77777778,0.2794,2.4892,7.5438,22.26190476,7.698412698,69.72222222,0.7874,23.33333333,8.481481481,88.61111111,2.4892
2015,ZY,BYWY15,ZY BYWY15,M,5/19/2015,2015139,4/23/2015,2015113,25,26,26.3,24.6,38.6,13.4,13.6,80,14,190.4,260.6,41.4,60,171,116,60,410,12.27272727,24.84848485,13.1871345,0.454545455,10.75757576,0.730994152,-40,85.83333333,-57.77777778,0.2794,2.4892,7.5438,22.26190476,7.698412698,69.72222222,0.7874,23.33333333,8.481481481,88.61111111,2.4892
2015,UB,CWAR15,UB CWAR15,U,5/26/2015,2015146,5/1/2015,2015121,24,25,25.1,20,32.5,12.6,12.1,69.4,12.5,151.3,200.7,36.9,53.3,144,85,48,320,24.34343434,21.36363636,14.64912281,9.242424242,9.04040404,0.730994152,74.72222222,57.22222222,-43.88888889,0.7874,5.3848,3.8608,24.36507937,11.70634921,112.5,6.1722,23.48148148,10.66666667,106.1111111,6.0198
2015,ER,DWEL15,ER DWEL15,U,5/23/2015,2015143,4/27/2015,2015117,25,26,25.9,21.4,32.3,11.3,11.7,72,10.9,127.5,185.7,39.7,56.9,155,99,63,374,18.53535354,24.5959596,12.95321637,4.545454545,11.81818182,0.526315789,16.94444444,90.27777778,-61.94444444,0.1524,3.2004,6.985,23.41269841,9.166666667,88.05555556,2.4892,24.25925926,10.85185185,113.3333333,3.3528
2015,FQ,DWEL15,FQ DWEL15,U,5/23/2015,2015143,4/27/2015,2015117,25,26,25.8,22,33.1,12,12.4,73.4,11.1,137.6,201.9,40.3,57.2,159,100,59,375,18.53535354,24.5959596,12.95321637,4.545454545,11.81818182,0.526315789,16.94444444,90.27777778,-61.94444444,0.1524,3.2004,6.985,23.41269841,9.166666667,88.05555556,2.4892,24.25925926,10.85185185,113.3333333,3.3528
2015,GP,DWEL15,GP DWEL15,U,5/23/2015,2015143,4/28/2015,2015118,24,25,25.1,21.1,33.4,10.9,11.8,72.3,12.3,145.1,189.5,38.9,58.6,146,87,49,350,20.15151515,24.74747475,13.0994152,5.252525253,12.42424242,0.643274854,29.72222222,94.44444444,-59.44444444,0.1524,6.0198,4.6736,23.84920635,9.920634921,96.38888889,3.2512,24.59259259,11.51851852,120.8333333,6.1722
2015,JO,ECRI15,JO ECRI15,U,5/17/2015,2015137,4/20/2015,2015110,26,27,27.4,24.6,37.1,12,13.2,78.7,12.5,165,233.7,41.6,58.6,179,132,75,365,11.56565657,24.34343434,13.21637427,1.161616162,9.242424242,-0.029239766,-40,74.72222222,-64.72222222,2.0828,0.7874,7.2644,17.38095238,3.611111111,6.944444444,0.1524,21.40740741,7.37037037,65.83333333,0.7874
2015,KN,ECRI15,KN ECRI15,U,5/17/2015,2015137,4/21/2015,2015111,26,26,26,21.3,35.1,12.9,13.6,75.3,13.8,187.7,232.5,40.2,57.5,159,102,65,387,11.71717172,25.1010101,13.83040936,0.858585859,10.60606061,0.760233918,-40.83333333,86.38888889,-51.38888889,1.8796,2.0828,8.8646,19.4047619,5.158730159,31.94444444,0.1524,22.7037037,8.333333333,82.77777778,2.0828
2015,JN,FAIR15,JN FAIR15,M,5/21/2015,2015141,4/24/2015,2015114,28,27,26.8,24.4,34.1,12,13,79.1,9.7,126.1,213.1,45,53,180,129,63,375,13.53535354,24.29292929,13.07017544,1.161616162,10.45454545,0.81871345,-29.16666667,81.11111111,-58.05555556,0.0762,2.4892,7.5692,23.73015873,8.611111111,86.38888889,2.0828,23.22222222,8.703703704,89.44444444,2.4892
2015,AV,LANG15,AV LANG15,F,5/23/2015,2015143,4/27/2015,2015117,25,26,25.6,20.8,32.1,13.2,12.9,72.8,11.3,145.8,209.5,40.7,57.8,162,103,51,345,18.53535354,24.5959596,12.95321637,4.545454545,11.81818182,0.526315789,16.94444444,90.27777778,-61.94444444,0.1524,3.2004,6.985,23.41269841,9.166666667,88.05555556,2.4892,24.25925926,10.85185185,113.3333333,3.3528
2015,BU,LANG15,BU LANG15,U,5/23/2015,2015143,4/28/2015,2015118,25,25,25.3,20.9,32.9,13.2,13.2,74.9,12,158.4,217.1,42,60.3,161,94,50,349,20.15151515,24.74747475,13.0994152,5.252525253,12.42424242,0.643274854,29.72222222,94.44444444,-59.44444444,0.1524,6.0198,4.6736,23.84920635,9.920634921,96.38888889,3.2512,24.59259259,11.51851852,120.8333333,6.1722
2015,DS,LANG15,DS LANG15,F,5/23/2015,2015143,4/28/2015,2015118,24,25,25,20.2,32.1,12.8,12.3,71.4,11.9,146.4,201.4,39.3,56.6,150,89,41,320,20.15151515,24.74747475,13.0994152,5.252525253,12.42424242,0.643274854,29.72222222,94.44444444,-59.44444444,0.1524,6.0198,4.6736,23.84920635,9.920634921,96.38888889,3.2512,24.59259259,11.51851852,120.8333333,6.1722
2015,ZX,LANG15,ZX LANG15,U,5/23/2015,2015143,4/27/2015,2015117,25,26,25.8,21.5,33.9,12.7,12.8,76.4,12.4,158.7,216.1,42.5,59.1,163,109,50,380,18.53535354,24.5959596,12.95321637,4.545454545,11.81818182,0.526315789,16.94444444,90.27777778,-61.94444444,0.1524,3.2004,6.985,23.41269841,9.166666667,88.05555556,2.4892,24.25925926,10.85185185,113.3333333,3.3528
2015,AX,LAPT15,AX LAPT15,U,5/16/2015,2015136,4/19/2015,2015109,25,27,26.9,23.3,35.3,13.8,13.3,79.3,12,159.6,239.2,44,60.8,180,119,74,462,11.76767677,23.33333333,12.33918129,0.858585859,7.828282828,-0.730994152,-40.55555556,61.38888889,-79.72222222,2.0828,0.1524,7.0612,15.5952381,2.738095238,-11.66666667,0.2286,20.03703704,5.962962963,45,0.1524
2015,BW,LAPT15,BW LAPT15,U,5/16/2015,2015136,4/20/2015,2015110,25,26,25.7,21.7,35,13,11.5,75.7,13.3,153,214.4,40.7,57.2,154,104,52,387,11.56565657,24.34343434,13.21637427,1.161616162,9.242424242,-0.029239766,-40,74.72222222,-64.72222222,2.0828,0.7874,7.2644,17.38095238,3.611111111,6.944444444,0.1524,21.40740741,7.37037037,65.83333333,0.7874
2015,CV,LAPT15,CV LAPT15,U,5/16/2015,2015136,4/21/2015,2015111,24,25,25,20.7,34,12.8,11.9,71.8,13.3,158.3,210,37.8,53.7,143,87,44,367,11.71717172,25.1010101,13.83040936,0.858585859,10.60606061,0.760233918,-40.83333333,86.38888889,-51.38888889,1.8796,2.0828,8.8646,19.4047619,5.158730159,31.94444444,0.1524,22.7037037,8.333333333,82.77777778,2.0828
2015,IP,LAPT15,IP LAPT15,U,5/16/2015,2015136,4/21/2015,2015111,24,25,24.9,22.6,34.5,13.5,13,75.9,11.9,154.7,228.6,41.4,58.1,144,83,41,420,11.71717172,25.1010101,13.83040936,0.858585859,10.60606061,0.760233918,-40.83333333,86.38888889,-51.38888889,1.8796,2.0828,8.8646,19.4047619,5.158730159,31.94444444,0.1524,22.7037037,8.333333333,82.77777778,2.0828
2015,ls,NDYC15,ls NDYC15,U,5/26/2015,2015146,5/1/2015,2015121,24,25,25,19.9,32,12.3,11.6,70.7,12.1,140.4,191.2,38.7,54.3,145,88,40,262,24.34343434,21.36363636,14.64912281,9.242424242,9.04040404,0.730994152,74.72222222,57.22222222,-43.88888889,0.7874,5.3848,3.8608,24.36507937,11.70634921,112.5,6.1722,23.48148148,10.66666667,106.1111111,6.0198
2015,SD,NDYC15,SD NDYC15,U,5/26/2015,2015146,4/30/2015,2015120,24,26,25.5,20.3,31.1,11.4,12.7,70.8,10.8,137.2,187.4,39.7,54.9,150,101,47,319,23.33333333,22.72727273,13.91812865,7.828282828,10.15151515,0.438596491,61.38888889,70.83333333,-53.61111111,0.1524,6.0198,3.8608,24.28571429,11.11111111,107.7777778,3.3528,23.85185185,10.81481481,110,6.0198
2015,QG,PALM15,QG PALM15,F,5/22/2015,2015142,4/26/2015,2015116,25,26,26,21.8,34.2,11.2,12.8,75.8,12.4,158.7,205.2,41.6,60.1,162,105,61,400,17.52525253,24.14141414,12.71929825,3.535353535,11.06060606,0.438596491,5.833333333,83.61111111,-65,0.1524,3.2004,7.3914,23.61111111,9.047619048,88.61111111,2.4892,23.88888889,10.14814815,105.2777778,3.3528
2015,RF,PALM15,RF PALM15,F,5/22/2015,2015142,4/26/2015,2015116,25,26,25.8,22.3,34.7,11.6,13.1,76.1,12.4,162.4,214.3,41.4,61.8,159,105,57,410,17.52525253,24.14141414,12.71929825,3.535353535,11.06060606,0.438596491,5.833333333,83.61111111,-65,0.1524,3.2004,7.3914,23.61111111,9.047619048,88.61111111,2.4892,23.88888889,10.14814815,105.2777778,3.3528
2015,UC,PALM15,UC PALM15,M,5/22/2015,2015142,4/27/2015,2015117,24,25,25.3,21,34.5,13.1,12.8,75.1,13.5,172.8,223.4,40.6,61.6,146,94,49,430,18.53535354,24.5959596,12.95321637,4.545454545,11.81818182,0.526315789,16.94444444,90.27777778,-61.94444444,0.1524,3.2004,6.985,23.41269841,9.166666667,88.05555556,2.4892,24.25925926,10.85185185,113.3333333,3.3528
2015,VB,PALM15,VB PALM15,U,5/22/2015,2015142,4/26/2015,2015116,25,26,26.2,22.4,35.6,12.6,12.7,74.9,13.2,167.6,225.2,39.3,62.6,171,112,61,397,17.52525253,24.14141414,12.71929825,3.535353535,11.06060606,0.438596491,5.833333333,83.61111111,-65,0.1524,3.2004,7.3914,23.61111111,9.047619048,88.61111111,2.4892,23.88888889,10.14814815,105.2777778,3.3528
2015,WA,PALM15,WA PALM15,M,5/22/2015,2015142,4/26/2015,2015116,25,26,25.7,22.7,35.8,12.1,12.7,76.8,13.1,166.4,222,41,61,160,103,55,406,17.52525253,24.14141414,12.71929825,3.535353535,11.06060606,0.438596491,5.833333333,83.61111111,-65,0.1524,3.2004,7.3914,23.61111111,9.047619048,88.61111111,2.4892,23.88888889,10.14814815,105.2777778,3.3528
2015,WZ,SMU215,WZ SMU215,U,6/22/2015,2015173,5/28/2015,2015148,24,25,25,20.9,30.3,11.8,12.4,70.6,9.4,116.6,183.3,40.3,55.6,149,89,40,305,20.85858586,25.3030303,23.01169591,9.747474747,13.98989899,10.29239766,58.33333333,106.1111111,126.3888889,2.413,9.5504,6.0198,22.73809524,11.34920635,98.61111111,9.652,24.40740741,12.7037037,128.3333333,10.1346
2015,PI,THOR15,PI THOR15,U,5/18/2015,2015138,4/23/2015,2015113,24,25,25.3,22.1,29.9,11.6,12.5,73.2,7.8,97.5,180.1,43.3,57.6,153,98,45,365,12.27272727,24.84848485,13.1871345,0.454545455,10.75757576,0.730994152,-40,85.83333333,-57.77777778,0.2794,2.4892,7.5438,22.26190476,7.698412698,69.72222222,0.7874,23.33333333,8.481481481,88.61111111,2.4892
2015,QH,THOR15,QH THOR15,U,5/18/2015,2015138,4/23/2015,2015113,24,25,25.1,22.1,31.3,13.8,14,74,9.2,128.8,217.5,42.7,57.2,154,97,38,397,12.27272727,24.84848485,13.1871345,0.454545455,10.75757576,0.730994152,-40,85.83333333,-57.77777778,0.2794,2.4892,7.5438,22.26190476,7.698412698,69.72222222,0.7874,23.33333333,8.481481481,88.61111111,2.4892
2015,SF,THOR15,SF THOR15,U,5/18/2015,2015138,4/23/2015,2015113,24,25,24.9,21.5,32.7,12.4,13.9,76,11.2,155.7,215,43.3,61.3,149,88,38,430,12.27272727,24.84848485,13.1871345,0.454545455,10.75757576,0.730994152,-40,85.83333333,-57.77777778,0.2794,2.4892,7.5438,22.26190476,7.698412698,69.72222222,0.7874,23.33333333,8.481481481,88.61111111,2.4892
2015,XA,THOR15,XA THOR15,F,5/18/2015,2015138,4/23/2015,2015113,24,25,24.9,19.3,27.3,12.6,11.6,69.9,8,92.8,165.2,42.6,56.1,140,86,38,334,12.27272727,24.84848485,13.1871345,0.454545455,10.75757576,0.730994152,-40,85.83333333,-57.77777778,0.2794,2.4892,7.5438,22.26190476,7.698412698,69.72222222,0.7874,23.33333333,8.481481481,88.61111111,2.4892
2015,LM,UPLA15,LM UPLA15,U,5/17/2015,2015137,4/21/2015,2015111,25,26,26,23.3,30.9,12.8,13.3,78.8,7.6,101.1,201.6,47.9,58.4,168,111,55,378,11.71717172,25.1010101,13.83040936,0.858585859,10.60606061,0.760233918,-40.83333333,86.38888889,-51.38888889,1.8796,2.0828,8.8646,19.4047619,5.158730159,31.94444444,0.1524,22.7037037,8.333333333,82.77777778,2.0828
2015,NK,UPLA15,NK UPLA15,U,5/17/2015,2015137,4/21/2015,2015111,25,26,25.5,22.1,32.3,11.8,12.7,75.1,10.2,129.5,197.8,42.8,54.7,163,106,43,350,11.71717172,25.1010101,13.83040936,0.858585859,10.60606061,0.760233918,-40.83333333,86.38888889,-51.38888889,1.8796,2.0828,8.8646,19.4047619,5.158730159,31.94444444,0.1524,22.7037037,8.333333333,82.77777778,2.0828
2015,OJ,UPLA15,OJ UPLA15,U,5/17/2015,2015137,4/21/2015,2015111,25,26,25.7,21.6,33.3,12.4,11.7,74.4,11.7,136.9,200.6,41.1,56.9,155,117,37,333,11.71717172,25.1010101,13.83040936,0.858585859,10.60606061,0.760233918,-40.83333333,86.38888889,-51.38888889,1.8796,2.0828,8.8646,19.4047619,5.158730159,31.94444444,0.1524,22.7037037,8.333333333,82.77777778,2.0828
2015,NI,YESR15,NI YESR15,U,5/23/2015,2015143,4/27/2015,2015117,25,26,26.4,22,34.7,13.1,13.8,77.3,12.7,175.3,233.4,42.6,57.7,169,111,67,437,18.53535354,24.5959596,12.95321637,4.545454545,11.81818182,0.526315789,16.94444444,90.27777778,-61.94444444,0.1524,3.2004,6.985,23.41269841,9.166666667,88.05555556,2.4892,24.25925926,10.85185185,113.3333333,3.3528
2015,QF,YESR15,QF YESR15,U,5/23/2015,2015143,4/27/2015,2015117,25,26,26,22.3,35.3,13.8,13.7,77.3,13,178.1,242.7,42,62.6,172,105,62,455,18.53535354,24.5959596,12.95321637,4.545454545,11.81818182,0.526315789,16.94444444,90.27777778,-61.94444444,0.1524,3.2004,6.985,23.41269841,9.166666667,88.05555556,2.4892,24.25925926,10.85185185,113.3333333,3.3528
2015,JM,YLBA15,JM YLBA15,U,5/23/2015,2015143,4/26/2015,2015116,27,27,26.7,22.5,35.4,11.5,12.3,75.1,12.9,158.7,210.6,39.7,59.9,182,121,67,370,17.52525253,24.14141414,12.71929825,3.535353535,11.06060606,0.438596491,5.833333333,83.61111111,-65,0.1524,3.2004,7.3914,23.61111111,9.047619048,88.61111111,2.4892,23.88888889,10.14814815,105.2777778,3.3528
2015,KL,YLBA15,KL YLBA15,U,5/23/2015,2015143,4/26/2015,2015116,27,27,27,24.4,36.3,13.5,13.6,80.8,11.9,161.8,245.9,44.5,58.9,190,128,70,415,17.52525253,24.14141414,12.71929825,3.535353535,11.06060606,0.438596491,5.833333333,83.61111111,-65,0.1524,3.2004,7.3914,23.61111111,9.047619048,88.61111111,2.4892,23.88888889,10.14814815,105.2777778,3.3528
2015,LK,YLBA15,LK YLBA15,U,5/23/2015,2015143,4/26/2015,2015116,27,27,27.1,21.9,34.4,11.7,12.6,74.3,12.5,157.5,209,39.9,59,190,128,72,347,17.52525253,24.14141414,12.71929825,3.535353535,11.06060606,0.438596491,5.833333333,83.61111111,-65,0.1524,3.2004,7.3914,23.61111111,9.047619048,88.61111111,2.4892,23.88888889,10.14814815,105.2777778,3.3528
2015,MJ,YLBA15,MJ YLBA15,U,5/23/2015,2015143,4/27/2015,2015117,26,26,26.1,21,33.2,11.7,11.2,72.3,12.2,136.6,190.1,39.1,58.8,165,117,52,309,18.53535354,24.5959596,12.95321637,4.545454545,11.81818182,0.526315789,16.94444444,90.27777778,-61.94444444,0.1524,3.2004,6.985,23.41269841,9.166666667,88.05555556,2.4892,24.25925926,10.85185185,113.3333333,3.3528
2016,PB,BEAR16,PB BEAR16,U,6/4/2016,2016156,5/9/2016,2016130,NA,26,25.9,23.6,35.1,12.2,13.6,77.6,11.5,156.4,226.4,42.5,61.4,165,109,55,400,17.22222222,25.2020202,13.62573099,2.727272727,10.55555556,3.65497076,-0.277777778,86.66666667,-25.83333333,0.6604,1.0922,5.3848,19.96031746,5.793650794,40.27777778,0.635,22.18518519,8.185185185,77.77777778,1.0922
2016,QA,BEAR16,QA BEAR16,U,6/4/2016,2016156,5/9/2016,2016130,NA,26,26,24.6,36.5,11.8,13.2,78,11.9,157.1,228.1,41.5,60.1,163,109,59,370,17.22222222,25.2020202,13.62573099,2.727272727,10.55555556,3.65497076,-0.277777778,86.66666667,-25.83333333,0.6604,1.0922,5.3848,19.96031746,5.793650794,40.27777778,0.635,22.18518519,8.185185185,77.77777778,1.0922
2016,RZ,BEAR16,RZ BEAR16,U,6/4/2016,2016156,5/9/2016,2016130,NA,26,26,22.8,33.6,12.2,13,76.8,10.8,140.4,211.7,43.2,57.5,161,108,60,340,17.22222222,25.2020202,13.62573099,2.727272727,10.55555556,3.65497076,-0.277777778,86.66666667,-25.83333333,0.6604,1.0922,5.3848,19.96031746,5.793650794,40.27777778,0.635,22.18518519,8.185185185,77.77777778,1.0922
2016,SY,BEAR16,SY BEAR16,U,6/4/2016,2016156,5/10/2016,2016131,NA,25,25.1,22.9,34.4,10.9,12.3,75.5,11.5,141.5,199.5,41.1,56.6,142,88,45,310,17.72727273,26.01010101,13.56725146,2.474747475,11.36363636,3.538011696,1.111111111,95.55555556,-27.5,0.6604,1.0922,5.3848,20.67460317,6.388888889,49.44444444,0.5588,23.40740741,8.888888889,92.22222222,1.0922
2016,YS,BRA216,YS BRA216,U,6/18/2016,2016170,5/23/2016,2016144,NA,26,26,21.8,32.9,10.7,12.2,71.8,11.1,135.4,188.4,38.9,55.1,166,111,56,312,27.27272727,22.52525253,17.25146199,11.71717172,10.35353535,3.976608187,104.4444444,70.83333333,11.66666667,1.0414,2.3368,1.905,25.27777778,11.9047619,120.2777778,3.2766,23.88888889,10.7037037,109.4444444,3.0988
2016,FO,CHAF16,FO CHAF16,M,5/8/2016,2016129,4/12/2016,2016103,NA,26,25.8,22.2,36.1,14.2,13.2,77.7,13.9,183.5,247.3,41.6,61.9,167,106,55,421,15.35353535,12.12121212,9.210526316,-0.151515152,2.272727273,-3.421052632,-26.38888889,-30.83333333,-135,1.4224,3.9116,4.9276,15.1984127,1.626984127,-22.22222222,2.3114,13.88888889,2.555555556,-26.66666667,4.191
2016,GN,CHAF16,GN CHAF16,F,5/8/2016,2016129,4/12/2016,2016103,NA,26,25.9,21.8,34.2,13,12.5,73.7,12.4,155,218,39.5,60,165,103,62,385,15.35353535,12.12121212,9.210526316,-0.151515152,2.272727273,-3.421052632,-26.38888889,-30.83333333,-135,1.4224,3.9116,4.9276,15.1984127,1.626984127,-22.22222222,2.3114,13.88888889,2.555555556,-26.66666667,4.191
2016,HM,CHAF16,HM CHAF16,M,5/8/2016,2016129,4/12/2016,2016103,NA,26,26.2,22.9,33.2,14,13.9,77.7,10.3,143.2,231.6,44.5,60.9,175,108,65,405,15.35353535,12.12121212,9.210526316,-0.151515152,2.272727273,-3.421052632,-26.38888889,-30.83333333,-135,1.4224,3.9116,4.9276,15.1984127,1.626984127,-22.22222222,2.3114,13.88888889,2.555555556,-26.66666667,4.191
2016,BP,DART16,BP DART16,U,5/21/2016,2016142,4/24/2016,2016115,NA,27,27.2,23.3,34.5,13.8,13.3,79.3,11.2,149,233.7,44.8,57.9,186,125,78,387,11.61616162,17.67676768,11.52046784,2.474747475,4.141414141,-1.929824561,-32.5,10,-98.88888889,3.302,1.8288,3.4544,14.24603175,4.007936508,-12.22222222,3.3782,16.03703704,4.518518519,4.166666667,3.7338
2016,ZS,DART16,ZS DART16,U,5/21/2016,2016142,4/23/2016,2016114,NA,28,27.8,23.5,35.2,11.7,13.4,79.4,11.7,156.8,220.9,44.2,59.2,192,131,85,415,12.12121212,17.07070707,10.90643275,2.272727273,4.343434343,-2.69005848,-30.83333333,7.777777778,-111.9444444,3.9116,1.6256,3.7338,13.53174603,3.69047619,-19.44444444,3.3782,15.62962963,4.592592593,1.666666667,3.81
2016,QC,DBAR16,QC DBAR16,M,5/14/2016,2016135,4/18/2016,2016109,NA,26,26.1,24.3,37.3,13,13.5,80,13,175.5,247.1,42.7,62.8,172,108,62,443,15.4040404,13.13131313,9.239766082,1.363636364,5.151515152,-3.888888889,-17.77777778,-9.444444444,-139.1666667,2.0066,3.3782,4.318,12.42063492,3.174603175,-30.83333333,4.5466,12.77777778,3.851851852,-25.27777778,4.4704
2016,RB,DBAR16,RB DBAR16,M,5/14/2016,2016135,4/18/2016,2016109,NA,26,25.5,23.8,37.3,13.8,14.3,78.8,13.5,193.1,262,41.5,61.5,160,99,50,425,15.4040404,13.13131313,9.239766082,1.363636364,5.151515152,-3.888888889,-17.77777778,-9.444444444,-139.1666667,2.0066,3.3782,4.318,12.42063492,3.174603175,-30.83333333,4.5466,12.77777778,3.851851852,-25.27777778,4.4704
2016,SA,DBAR16,SA DBAR16,F,5/14/2016,2016135,4/18/2016,2016109,NA,26,26,23.3,32,12.3,13.6,75.6,8.7,118.3,207.2,43.6,59.5,170,108,60,400,15.4040404,13.13131313,9.239766082,1.363636364,5.151515152,-3.888888889,-17.77777778,-9.444444444,-139.1666667,2.0066,3.3782,4.318,12.42063492,3.174603175,-30.83333333,4.5466,12.77777778,3.851851852,-25.27777778,4.4704
2016,DO,DOGS16,DO DOGS16,U,5/19/2016,2016140,4/22/2016,2016113,NA,27,26.5,23.9,37,13.2,13.7,81.5,13.1,179.5,248.8,44.5,62.2,177,116,68,495,13.43434343,16.01010101,9.85380117,2.828282828,4.191919192,-3.245614035,-20.55555556,1.111111111,-127.2222222,3.2766,2.2098,3.429,12.81746032,3.531746032,-25.55555556,4.191,15.07407407,4.333333333,-4.444444444,3.4798
2016,EN,DOGS16,EN DOGS16,U,5/19/2016,2016140,4/22/2016,2016113,NA,27,26.9,23.1,36.2,13.6,13.6,78.5,13.1,178.2,246.2,42.3,59.5,180,124,70,405,13.43434343,16.01010101,9.85380117,2.828282828,4.191919192,-3.245614035,-20.55555556,1.111111111,-127.2222222,3.2766,2.2098,3.429,12.81746032,3.531746032,-25.55555556,4.191,15.07407407,4.333333333,-4.444444444,3.4798
2016,FM,DOGS16,FM DOGS16,U,5/19/2016,2016140,4/23/2016,2016114,NA,26,26.1,24.1,35.1,13.3,13.3,76.5,11,146.3,233.4,41.4,58.4,170,110,60,387,12.12121212,17.07070707,10.90643275,2.272727273,4.343434343,-2.69005848,-30.83333333,7.777777778,-111.9444444,3.9116,1.6256,3.7338,13.53174603,3.69047619,-19.44444444,3.3782,15.62962963,4.592592593,1.666666667,3.81
2016,GL,DOGS16,GL DOGS16,U,5/19/2016,2016140,4/24/2016,2016115,NA,25,25.1,23.9,36.7,14.7,12.6,76.9,12.8,161.3,250.5,40.2,59.6,154,90,45,442,11.61616162,17.67676768,11.52046784,2.474747475,4.141414141,-1.929824561,-32.5,10,-98.88888889,3.302,1.8288,3.4544,14.24603175,4.007936508,-12.22222222,3.3782,16.03703704,4.518518519,4.166666667,3.7338
2016,UX,DWEL16,UX DWEL16,U,5/21/2016,2016142,4/25/2016,2016116,NA,26,26.2,21.5,34.4,11.5,12.9,75.3,12.9,166.4,209.8,40.9,57.7,170,114,60,360,12.17171717,17.07070707,12.30994152,3.383838384,3.585858586,-1.198830409,-24.44444444,3.611111111,-84.44444444,3.9116,1.2192,3.4544,15.23809524,4.444444444,-2.222222222,3.4798,15.66666667,4.148148148,-1.388888889,3.1242
2016,VW,DWEL16,VW DWEL16,U,5/21/2016,2016142,4/25/2016,2016116,NA,26,26.3,21.6,36.7,11.6,12.5,77.3,15.1,188.8,221.1,40.6,58.5,168,114,64,385,12.17171717,17.07070707,12.30994152,3.383838384,3.585858586,-1.198830409,-24.44444444,3.611111111,-84.44444444,3.9116,1.2192,3.4544,15.23809524,4.444444444,-2.222222222,3.4798,15.66666667,4.148148148,-1.388888889,3.1242
2016,WV,DWEL16,WV DWEL16,U,5/21/2016,2016142,4/24/2016,2016115,NA,27,26.8,21.9,33,11,11.6,73.6,11.1,128.8,186.5,40.6,54.5,177,122,70,308,11.61616162,17.67676768,11.52046784,2.474747475,4.141414141,-1.929824561,-32.5,10,-98.88888889,3.302,1.8288,3.4544,14.24603175,4.007936508,-12.22222222,3.3782,16.03703704,4.518518519,4.166666667,3.7338
2016,AS,FOWA16,AS FOWA16,F,5/11/2016,2016132,4/15/2016,2016106,NA,26,26.3,24.5,37.2,11.2,12.1,78.1,12.7,153.7,216.7,40.9,62.8,175,115,61,395,16.61616162,12.17171717,8.070175439,0.757575758,3.98989899,-4.035087719,-14.44444444,-21.11111111,-151.6666667,0.9144,3.9116,4.6228,13.33333333,2.341269841,-30.27777778,4.191,13.18518519,3.703703704,-23.33333333,4.826
2016,BR,FOWA16,BR FOWA16,F,5/11/2016,2016132,4/14/2016,2016105,NA,27,26.6,23.9,36.9,12.6,11.6,79.2,13,150.8,223.2,42.3,62,179,119,67,380,16.06060606,12.17171717,8.070175439,0.353535354,3.383838384,-3.888888889,-19.72222222,-24.44444444,-150.2777778,0.9144,3.9116,4.6228,14.20634921,2.380952381,-23.88888889,3.2766,13.40740741,3.259259259,-25,4.826
2016,CQ,FOWA16,CQ FOWA16,M,5/11/2016,2016132,4/15/2016,2016106,NA,26,25.5,25,37.6,13.5,13.2,79.7,12.6,166.3,251,42.1,63,163,100,50,415,16.61616162,12.17171717,8.070175439,0.757575758,3.98989899,-4.035087719,-14.44444444,-21.11111111,-151.6666667,0.9144,3.9116,4.6228,13.33333333,2.341269841,-30.27777778,4.191,13.18518519,3.703703704,-23.33333333,4.826
2016,UW,GASP16,UW GASP16,U,6/10/2016,2016162,5/16/2016,2016137,NA,25,25,21.9,33,13.2,12.4,73.4,11.1,137.6,211.2,40.4,58.6,140,86,42,383,19.24242424,27.62626263,15.0877193,4.848484848,14.14141414,3.859649123,22.5,119.7222222,-10,0.0762,3.048,4.0386,25.87301587,11.50793651,121.6666667,1.397,26.77777778,12.37037037,143.6111111,3.0734
2016,IJ,HICI16,IJ HICI16,U,5/19/2016,2016140,4/23/2016,2016114,NA,26,25.6,23.4,36.6,12.4,13.2,78.4,13.2,174.2,234.2,41.8,60.8,156,99,56,400,12.12121212,17.07070707,10.90643275,2.272727273,4.343434343,-2.69005848,-30.83333333,7.777777778,-111.9444444,3.9116,1.6256,3.7338,13.53174603,3.69047619,-19.44444444,3.3782,15.62962963,4.592592593,1.666666667,3.81
2016,JI,HICI16,JI HICI16,U,5/19/2016,2016140,4/23/2016,2016114,NA,26,25.5,23,34.4,12.6,12.9,75.2,11.4,147.1,219.3,40.8,58.1,156,101,48,357,12.12121212,17.07070707,10.90643275,2.272727273,4.343434343,-2.69005848,-30.83333333,7.777777778,-111.9444444,3.9116,1.6256,3.7338,13.53174603,3.69047619,-19.44444444,3.3782,15.62962963,4.592592593,1.666666667,3.81
2016,KH,HICI16,KH HICI16,U,5/19/2016,2016140,4/23/2016,2016114,NA,26,25.7,23.2,35.3,13.4,13.1,78.4,12.1,158.5,233.9,43.1,58.7,160,101,56,407,12.12121212,17.07070707,10.90643275,2.272727273,4.343434343,-2.69005848,-30.83333333,7.777777778,-111.9444444,3.9116,1.6256,3.7338,13.53174603,3.69047619,-19.44444444,3.3782,15.62962963,4.592592593,1.666666667,3.81
2016,LG,HICI16,LG HICI16,U,5/19/2016,2016140,4/24/2016,2016115,NA,25,24.8,23.1,35.7,12.1,12.8,75.9,12.6,161.3,222.2,40.2,60,135,81,39,383,11.61616162,17.67676768,11.52046784,2.474747475,4.141414141,-1.929824561,-32.5,10,-98.88888889,3.302,1.8288,3.4544,14.24603175,4.007936508,-12.22222222,3.3782,16.03703704,4.518518519,4.166666667,3.7338
2016,UY,JSUP16,UY JSUP16,F,5/14/2016,2016135,4/19/2016,2016110,NA,25,25,22.4,34,13.5,12.4,73.5,11.6,143.8,220.2,39.5,60.5,145,90,38,382,14.6969697,13.38383838,9.561403509,1.565656566,4.747474747,-3.274853801,-20.55555556,-10.27777778,-130.2777778,2.0066,3.3782,4.318,12.22222222,3.134920635,-32.5,4.3434,12.92592593,3.703703704,-25.27777778,4.4704
2016,VX,JSUP16,VX JSUP16,U,5/14/2016,2016135,4/18/2016,2016109,NA,26,26,24.7,35.7,13.2,13.7,79,11,150.7,240.1,43.3,63.5,170,109,59,440,15.4040404,13.13131313,9.239766082,1.363636364,5.151515152,-3.888888889,-17.77777778,-9.444444444,-139.1666667,2.0066,3.3782,4.318,12.42063492,3.174603175,-30.83333333,4.5466,12.77777778,3.851851852,-25.27777778,4.4704
2016,WW,JSUP16,WW JSUP16,F,5/14/2016,2016135,4/18/2016,2016109,NA,26,25.7,23.8,34.2,12.8,12.3,76.4,10.4,127.9,214.6,42.2,58.4,162,105,53,370,15.4040404,13.13131313,9.239766082,1.363636364,5.151515152,-3.888888889,-17.77777778,-9.444444444,-139.1666667,2.0066,3.3782,4.318,12.42063492,3.174603175,-30.83333333,4.5466,12.77777778,3.851851852,-25.27777778,4.4704
2016,XV,JSUP16,XV JSUP16,U,5/14/2016,2016135,4/18/2016,2016109,NA,26,25.6,23.4,35.1,14.1,12.7,75.7,11.7,148.6,235.2,40.6,60,160,104,49,393,15.4040404,13.13131313,9.239766082,1.363636364,5.151515152,-3.888888889,-17.77777778,-9.444444444,-139.1666667,2.0066,3.3782,4.318,12.42063492,3.174603175,-30.83333333,4.5466,12.77777778,3.851851852,-25.27777778,4.4704
2016,HL,LANG16,HL LANG16,F,5/12/2016,2016133,4/15/2016,2016106,NA,27,26.8,21.3,33.1,11.4,12.4,75.5,11.8,146.3,196.9,42.4,57.3,174,120,71,340,16.61616162,12.17171717,8.070175439,0.757575758,3.98989899,-4.035087719,-14.44444444,-21.11111111,-151.6666667,0.9144,3.9116,4.6228,13.33333333,2.341269841,-30.27777778,4.191,13.18518519,3.703703704,-23.33333333,4.826
2016,JJ,LANG16,JJ LANG16,F,5/12/2016,2016133,4/16/2016,2016107,NA,26,25.7,21.6,33.1,12,12.5,73.4,11.5,143.8,202.7,40.3,57.3,160,100,57,330,16.86868687,12.17171717,8.187134503,1.717171717,3.737373737,-4.298245614,-7.777777778,-22.5,-153.0555556,1.1938,4.064,4.572,13.25396825,3.055555556,-25.83333333,4.2164,12.55555556,3.185185185,-31.94444444,4.9784
2016,KI,LANG16,KI LANG16,F,5/12/2016,2016133,4/16/2016,2016107,NA,26,25.8,19.9,31.6,12.3,12.9,71.9,11.7,150.9,199.1,40.3,57.9,163,105,57,345,16.86868687,12.17171717,8.187134503,1.717171717,3.737373737,-4.298245614,-7.777777778,-22.5,-153.0555556,1.1938,4.064,4.572,13.25396825,3.055555556,-25.83333333,4.2164,12.55555556,3.185185185,-31.94444444,4.9784
2016,LH,LANG16,LH LANG16,M,5/12/2016,2016133,4/17/2016,2016108,NA,25,25,20.7,31.6,12.6,12.5,72.6,10.9,136.3,198.3,41,57.7,150,88,40,345,15.95959596,13.08080808,8.391812865,1.565656566,4.545454545,-4.269005848,-13.61111111,-13.05555556,-150.8333333,2.0066,3.3782,4.318,13.17460317,3.452380952,-23.61111111,4.826,12.55555556,3.296296296,-31.11111111,4.4704
2016,ND,LAPT16,ND LAPT16,U,5/27/2016,2016148,5/1/2016,2016122,NA,26,26,24.7,36.2,12.1,13.6,81,11.5,156.4,232.6,44.8,60.9,171,106,62,412,13.83838384,18.38383838,14.23976608,4.191919192,4.090909091,0.67251462,-10.83333333,13.61111111,-48.33333333,3.0734,0.7112,2.921,16.74603175,3.293650794,0.277777778,1.2192,17.66666667,3.481481481,8.611111111,0.8382
2016,OC,LAPT16,OC LAPT16,U,5/27/2016,2016148,5/1/2016,2016122,NA,26,25.9,22.1,32.5,11.6,12.5,76.5,10.4,130,195.8,44,58.1,157,103,60,379,13.83838384,18.38383838,14.23976608,4.191919192,4.090909091,0.67251462,-10.83333333,13.61111111,-48.33333333,3.0734,0.7112,2.921,16.74603175,3.293650794,0.277777778,1.2192,17.66666667,3.481481481,8.611111111,0.8382
2016,SZ,NBUR16,SZ NBUR16,U,5/21/2016,2016142,4/24/2016,2016115,NA,27,27.3,24,35.7,13.8,13.2,79,11.7,154.4,241,43.3,60.5,188,128,78,388,11.61616162,17.67676768,11.52046784,2.474747475,4.141414141,-1.929824561,-32.5,10,-98.88888889,3.302,1.8288,3.4544,14.24603175,4.007936508,-12.22222222,3.3782,16.03703704,4.518518519,4.166666667,3.7338
2016,TY,NBUR16,TY NBUR16,U,5/21/2016,2016142,4/23/2016,2016114,NA,28,27.7,23.7,35.4,12.8,12.9,78.2,11.7,150.9,227.4,42.8,61.5,192,132,83,384,12.12121212,17.07070707,10.90643275,2.272727273,4.343434343,-2.69005848,-30.83333333,7.777777778,-111.9444444,3.9116,1.6256,3.7338,13.53174603,3.69047619,-19.44444444,3.3782,15.62962963,4.592592593,1.666666667,3.81
2016,DQ,NMUR16,DQ NMUR16,M,5/8/2016,2016129,4/13/2016,2016104,NA,25,25.1,19.9,29,13.4,12,71.9,9.1,109.2,184.2,42.9,52.4,142,87,46,367,15.85858586,11.61616162,8.421052632,0.202020202,2.474747475,-3.771929825,-21.66666667,-32.5,-145.8333333,0.9144,3.302,4.6228,14.92063492,2.023809524,-21.38888889,2.921,13.22222222,2.592592593,-31.38888889,4.2164
2016,XW,SEPG16,XW SEPG16,M,5/11/2016,2016132,4/16/2016,2016107,NA,25,25.3,22.9,36.1,13,12.9,78.1,13.2,170.3,233.7,42,61.4,160,96,48,445,16.86868687,12.17171717,8.187134503,1.717171717,3.737373737,-4.298245614,-7.777777778,-22.5,-153.0555556,1.1938,4.064,4.572,13.25396825,3.055555556,-25.83333333,4.2164,12.55555556,3.185185185,-31.94444444,4.9784
2016,YV,SEPG16,YV SEPG16,F,5/11/2016,2016132,4/15/2016,2016106,NA,26,26.3,22.6,33.5,12,12.4,74.7,10.9,135.2,204.4,41.2,57.5,160,117,60,367,16.61616162,12.17171717,8.070175439,0.757575758,3.98989899,-4.035087719,-14.44444444,-21.11111111,-151.6666667,0.9144,3.9116,4.6228,13.33333333,2.341269841,-30.27777778,4.191,13.18518519,3.703703704,-23.33333333,4.826
2016,ZU,SEPG16,ZU SEPG16,M,5/11/2016,2016132,4/15/2016,2016106,NA,26,26.2,23.6,34.6,12.7,13.2,77.9,11,145.2,224,43.3,59.8,172,112,62,442,16.61616162,12.17171717,8.070175439,0.757575758,3.98989899,-4.035087719,-14.44444444,-21.11111111,-151.6666667,0.9144,3.9116,4.6228,13.33333333,2.341269841,-30.27777778,4.191,13.18518519,3.703703704,-23.33333333,4.826
2016,JK,SMUR16,JK SMUR16,F,5/10/2016,2016131,4/13/2016,2016104,NA,27,27,23.8,35.6,13,13.9,79.2,11.8,164,239.4,43.6,61,181,124,73,385,15.85858586,11.61616162,8.421052632,0.202020202,2.474747475,-3.771929825,-21.66666667,-32.5,-145.8333333,0.9144,3.302,4.6228,14.92063492,2.023809524,-21.38888889,2.921,13.22222222,2.592592593,-31.38888889,4.2164
2016,LI,SMUR16,LI SMUR16,U,5/10/2016,2016131,4/13/2016,2016104,NA,27,26.6,24.5,35.1,11.4,13.2,78.2,10.6,139.9,215.9,43.1,61.5,182,121,65,455,15.85858586,11.61616162,8.421052632,0.202020202,2.474747475,-3.771929825,-21.66666667,-32.5,-145.8333333,0.9144,3.302,4.6228,14.92063492,2.023809524,-21.38888889,2.921,13.22222222,2.592592593,-31.38888889,4.2164
2016,NG,SMUR16,NG SMUR16,F,5/10/2016,2016131,4/13/2016,2016104,NA,27,26.8,23.5,35.1,12.2,12.9,75.9,11.6,149.6,220.3,40.8,59.4,176,119,73,366,15.85858586,11.61616162,8.421052632,0.202020202,2.474747475,-3.771929825,-21.66666667,-32.5,-145.8333333,0.9144,3.302,4.6228,14.92063492,2.023809524,-21.38888889,2.921,13.22222222,2.592592593,-31.38888889,4.2164
2016,OF,SMUR16,OF SMUR16,M,5/10/2016,2016131,4/14/2016,2016105,NA,26,26,22.6,34.7,12.4,13.5,77.7,12.1,163.4,224.7,43,61.3,170,110,56,444,16.06060606,12.17171717,8.070175439,0.353535354,3.383838384,-3.888888889,-19.72222222,-24.44444444,-150.2777778,0.9144,3.9116,4.6228,14.20634921,2.380952381,-23.88888889,3.2766,13.40740741,3.259259259,-25,4.826
2016,PE,SMUR16,PE SMUR16,F,5/10/2016,2016131,4/13/2016,2016104,NA,27,26.9,23.2,35.7,12.1,12,76,12.5,150,215.1,40.3,59.7,178,124,70,362,15.85858586,11.61616162,8.421052632,0.202020202,2.474747475,-3.771929825,-21.66666667,-32.5,-145.8333333,0.9144,3.302,4.6228,14.92063492,2.023809524,-21.38888889,2.921,13.22222222,2.592592593,-31.38888889,4.2164
2016,QD,SSAP16,QD SSAP16,F,5/11/2016,2016132,4/15/2016,2016106,NA,26,25.6,22.1,34.2,12.3,12,75.5,12.1,145.2,207.8,41.3,56.8,162,104,50,380,16.61616162,12.17171717,8.070175439,0.757575758,3.98989899,-4.035087719,-14.44444444,-21.11111111,-151.6666667,0.9144,3.9116,4.6228,13.33333333,2.341269841,-30.27777778,4.191,13.18518519,3.703703704,-23.33333333,4.826
2016,RC,SSAP16,RC SSAP16,M,5/11/2016,2016132,4/14/2016,2016105,NA,27,26.9,23,36.4,14.8,13.8,80,13.4,184.9,260.3,43.6,60.8,182,123,71,400,16.06060606,12.17171717,8.070175439,0.353535354,3.383838384,-3.888888889,-19.72222222,-24.44444444,-150.2777778,0.9144,3.9116,4.6228,14.20634921,2.380952381,-23.88888889,3.2766,13.40740741,3.259259259,-25,4.826
2016,UZ,SSAP16,UZ SSAP16,F,5/11/2016,2016132,4/14/2016,2016105,NA,27,27.3,23,36,13.6,13,75.7,13,169,239.4,39.7,58.7,182,125,79,357,16.06060606,12.17171717,8.070175439,0.353535354,3.383838384,-3.888888889,-19.72222222,-24.44444444,-150.2777778,0.9144,3.9116,4.6228,14.20634921,2.380952381,-23.88888889,3.2766,13.40740741,3.259259259,-25,4.826
2016,WX,SSAP16,WX SSAP16,F,5/11/2016,2016132,4/13/2016,2016104,NA,28,27.5,22.3,35.1,12.7,12.2,75.8,12.8,156.2,218.5,40.7,58.5,185,128,82,330,15.85858586,11.61616162,8.421052632,0.202020202,2.474747475,-3.771929825,-21.66666667,-32.5,-145.8333333,0.9144,3.302,4.6228,14.92063492,2.023809524,-21.38888889,2.921,13.22222222,2.592592593,-31.38888889,4.2164
2016,MG,THOR16,MG THOR16,M,5/13/2016,2016134,4/15/2016,2016106,NA,28,27.5,26.2,36.7,12.6,14.1,83.5,10.5,148.1,245,46.8,62.9,195,135,76,500,16.61616162,12.17171717,8.070175439,0.757575758,3.98989899,-4.035087719,-14.44444444,-21.11111111,-151.6666667,0.9144,3.9116,4.6228,13.33333333,2.341269841,-30.27777778,4.191,13.18518519,3.703703704,-23.33333333,4.826
2016,NF,THOR16,NF THOR16,M,5/13/2016,2016134,4/16/2016,2016107,NA,27,27,24.9,37.9,12.6,14,81.4,13,182,252,43.5,60.7,186,127,70,430,16.86868687,12.17171717,8.187134503,1.717171717,3.737373737,-4.298245614,-7.777777778,-22.5,-153.0555556,1.1938,4.064,4.572,13.25396825,3.055555556,-25.83333333,4.2164,12.55555556,3.185185185,-31.94444444,4.9784
2016,OE,THOR16,OE THOR16,M,5/13/2016,2016134,4/16/2016,2016107,NA,27,27.2,25.7,38,13,13.9,82.8,12.3,171,255.6,44.8,63.6,185,129,74,499,16.86868687,12.17171717,8.187134503,1.717171717,3.737373737,-4.298245614,-7.777777778,-22.5,-153.0555556,1.1938,4.064,4.572,13.25396825,3.055555556,-25.83333333,4.2164,12.55555556,3.185185185,-31.94444444,4.9784
2016,PD,THOR16,PD THOR16,M,5/13/2016,2016134,4/17/2016,2016108,NA,26,26,24.1,36.4,12.3,13.5,78.1,12.3,166.1,234.8,41.7,59.8,169,112,56,435,15.95959596,13.08080808,8.391812865,1.565656566,4.545454545,-4.269005848,-13.61111111,-13.05555556,-150.8333333,2.0066,3.3782,4.318,13.17460317,3.452380952,-23.61111111,4.826,12.55555556,3.296296296,-31.11111111,4.4704
2016,MF,WAWD16,MF WAWD16,U,5/21/2016,2016142,4/23/2016,2016114,NA,28,27.5,23.6,35.6,14.1,14.1,79.1,12,169.2,251,43.5,60.2,192,132,78,422,12.12121212,17.07070707,10.90643275,2.272727273,4.343434343,-2.69005848,-30.83333333,7.777777778,-111.9444444,3.9116,1.6256,3.7338,13.53174603,3.69047619,-19.44444444,3.3782,15.62962963,4.592592593,1.666666667,3.81
2016,NE,WAWD16,NE WAWD16,U,5/21/2016,2016142,4/24/2016,2016115,NA,27,26.5,23.5,35.5,11.9,13.4,77.1,12,160.8,224.5,41.6,57.8,178,116,68,425,11.61616162,17.67676768,11.52046784,2.474747475,4.141414141,-1.929824561,-32.5,10,-98.88888889,3.302,1.8288,3.4544,14.24603175,4.007936508,-12.22222222,3.3782,16.03703704,4.518518519,4.166666667,3.7338
2016,OD,WAWD16,OD WAWD16,U,5/21/2016,2016142,4/23/2016,2016114,NA,28,27.5,24.9,37.8,12.4,13.2,82.6,12.9,170.3,241.9,44.8,63.7,198,138,74,442,12.12121212,17.07070707,10.90643275,2.272727273,4.343434343,-2.69005848,-30.83333333,7.777777778,-111.9444444,3.9116,1.6256,3.7338,13.53174603,3.69047619,-19.44444444,3.3782,15.62962963,4.592592593,1.666666667,3.81
2016,PC,WAWD16,PC WAWD16,U,5/21/2016,2016142,4/24/2016,2016115,NA,27,27.1,23.7,35,12.4,13.9,76.9,11.3,157.1,230.1,41.9,59.5,187,126,75,387,11.61616162,17.67676768,11.52046784,2.474747475,4.141414141,-1.929824561,-32.5,10,-98.88888889,3.302,1.8288,3.4544,14.24603175,4.007936508,-12.22222222,3.3782,16.03703704,4.518518519,4.166666667,3.7338
2016,QB,WAWD16,QB WAWD16,U,5/21/2016,2016142,4/24/2016,2016115,NA,27,26.8,21.1,33,11.5,12.5,74,11.9,148.8,198,41,57.7,178,122,69,350,11.61616162,17.67676768,11.52046784,2.474747475,4.141414141,-1.929824561,-32.5,10,-98.88888889,3.302,1.8288,3.4544,14.24603175,4.007936508,-12.22222222,3.3782,16.03703704,4.518518519,4.166666667,3.7338
2016,HK,WICT16,HK WICT16,U,5/19/2016,2016140,4/23/2016,2016114,NA,26,25.6,20.4,32.3,14,11.8,72.8,11.9,140.4,208.3,40.5,55.9,157,97,55,365,12.12121212,17.07070707,10.90643275,2.272727273,4.343434343,-2.69005848,-30.83333333,7.777777778,-111.9444444,3.9116,1.6256,3.7338,13.53174603,3.69047619,-19.44444444,3.3782,15.62962963,4.592592593,1.666666667,3.81
2016,DP,YESR16,DP YESR16,F,5/12/2016,2016133,4/15/2016,2016106,NA,27,27.2,23.4,35.5,12,12.6,78.3,12.1,152.5,218.3,42.8,59.8,181,124,79,412,16.61616162,12.17171717,8.070175439,0.757575758,3.98989899,-4.035087719,-14.44444444,-21.11111111,-151.6666667,0.9144,3.9116,4.6228,13.33333333,2.341269841,-30.27777778,4.191,13.18518519,3.703703704,-23.33333333,4.826
2016,EO,YESR16,EO YESR16,F,5/12/2016,2016133,4/15/2016,2016106,NA,27,27.4,23.5,36.5,12.2,13.9,77.7,13,180.7,238.2,41.2,59.1,183,128,79,420,16.61616162,12.17171717,8.070175439,0.757575758,3.98989899,-4.035087719,-14.44444444,-21.11111111,-151.6666667,0.9144,3.9116,4.6228,13.33333333,2.341269841,-30.27777778,4.191,13.18518519,3.703703704,-23.33333333,4.826
2016,FN,YESR16,FN YESR16,M,5/12/2016,2016133,4/16/2016,2016107,NA,26,26.4,23.2,36.8,13.2,14.4,79.3,13.6,195.8,253.9,42.5,62.3,175,118,62,468,16.86868687,12.17171717,8.187134503,1.717171717,3.737373737,-4.298245614,-7.777777778,-22.5,-153.0555556,1.1938,4.064,4.572,13.25396825,3.055555556,-25.83333333,4.2164,12.55555556,3.185185185,-31.94444444,4.9784
2016,GM,YESR16,GM YESR16,F,5/12/2016,2016133,4/15/2016,2016106,NA,27,26.9,22.9,35.2,12.6,12.9,78.1,12.3,158.7,224.4,42.9,59,180,124,71,424,16.61616162,12.17171717,8.070175439,0.757575758,3.98989899,-4.035087719,-14.44444444,-21.11111111,-151.6666667,0.9144,3.9116,4.6228,13.33333333,2.341269841,-30.27777778,4.191,13.18518519,3.703703704,-23.33333333,4.826
2016,JH,YETH16,JH YETH16,U,5/22/2016,2016143,4/26/2016,2016117,NA,26,26.3,21.5,33.8,12.1,12.2,73.3,12.3,150.1,205.3,39.5,56.6,171,117,61,305,12.17171717,17.32323232,12.69005848,3.98989899,3.484848485,-0.67251462,-21.11111111,4.444444444,-75.83333333,3.9116,1.2192,3.7338,15.87301587,4.563492063,3.055555556,3.5052,16.03703704,4.185185185,1.666666667,2.7686
2016,EM,YFER16,EM YFER16,U,5/22/2016,2016143,4/24/2016,2016115,NA,28,27.5,23.8,35,11,12.8,77.5,11.2,143.4,208.3,42.5,59.5,189,131,79,350,11.61616162,17.67676768,11.52046784,2.474747475,4.141414141,-1.929824561,-32.5,10,-98.88888889,3.302,1.8288,3.4544,14.24603175,4.007936508,-12.22222222,3.3782,16.03703704,4.518518519,4.166666667,3.7338
2017,HF,BEAR17,HF BEAR17,U,5/28/2017,2017148,5/1/2017,2017121,NA,27,27.4,23.5,35.8,14.4,13.1,77.2,12.3,161.1,246.1,41.4,59.7,184,127,80,390,13.48484848,19.94949495,17.33918129,3.232323232,8.03030303,5.175438596,-18.05555556,43.88888889,23.88888889,6.2484,1.6256,6.2738,16.23015873,5.555555556,12.5,4.2164,17.25925926,6.111111111,25.27777778,2.0066
2017,IE,BEAR17,IE BEAR17,U,5/28/2017,2017148,5/1/2017,2017121,NA,27,27.1,24.2,35.5,13.2,13.2,78.2,11.3,149.2,234.3,42.7,59.3,182,127,72,348,13.48484848,19.94949495,17.33918129,3.232323232,8.03030303,5.175438596,-18.05555556,43.88888889,23.88888889,6.2484,1.6256,6.2738,16.23015873,5.555555556,12.5,4.2164,17.25925926,6.111111111,25.27777778,2.0066
2017,AN,DANK17,AN DANK17,U,5/23/2017,2017143,4/26/2017,2017116,NA,27,27.2,23.2,35.2,11.2,12.9,75.4,12,154.8,212.1,40.2,55.8,180,126,76,351,18.28282828,13.53535354,15.99415205,6.919191919,3.535353535,3.596491228,28.61111111,-16.11111111,-3.888888889,5.0292,2.9464,6.4008,13.80952381,3.650793651,-17.77777778,6.731,13.51851852,3.481481481,-22.5,5.0292
2017,BM,DANK17,BM DANK17,F,5/23/2017,2017143,4/27/2017,2017117,NA,26,25.7,21.2,31.7,11.7,11.9,71.1,10.5,125,187,39.4,53.6,157,106,50,305,17.97979798,15.2020202,17.19298246,6.565656566,4.545454545,4.269005848,25,-1.388888889,13.88888889,6.1214,1.7526,6.1214,13.53174603,3.69047619,-19.44444444,7.5946,14.59259259,4.074074074,-10,4.7498
2017,XR,DANK17,XR DANK17,U,5/23/2017,2017143,4/27/2017,2017117,NA,26,26.2,22.1,34,11.7,12.6,74,11.9,149.9,206.6,40,54.4,170,110,63,320,17.97979798,15.2020202,17.19298246,6.565656566,4.545454545,4.269005848,25,-1.388888889,13.88888889,6.1214,1.7526,6.1214,13.53174603,3.69047619,-19.44444444,7.5946,14.59259259,4.074074074,-10,4.7498
2017,YQ,DANK17,YQ DANK17,M,5/23/2017,2017143,4/26/2017,2017116,NA,27,27.1,22.8,34.3,12.4,13.5,77,11.5,155.3,222.1,42.7,57.3,182,128,71,389,18.28282828,13.53535354,15.99415205,6.919191919,3.535353535,3.596491228,28.61111111,-16.11111111,-3.888888889,5.0292,2.9464,6.4008,13.80952381,3.650793651,-17.77777778,6.731,13.51851852,3.481481481,-22.5,5.0292
2017,IG,DART17,IG DART17,U,5/18/2017,2017138,4/23/2017,2017113,NA,25,25.4,23.4,35.6,13.1,13.2,77.3,12.2,161,234.1,41.7,59.3,153,97,50,434,18.98989899,12.37373737,15.05847953,6.313131313,2.727272727,3.50877193,29.16666667,-26.94444444,-13.61111111,3.2258,3.8608,9.5504,15.1984127,4.563492063,-1.666666667,6.5024,13.96296296,3.592592593,-18.33333333,6.731
2017,JF,DART17,JF DART17,U,5/18/2017,2017138,4/23/2017,2017113,NA,25,25.3,23.6,35.8,12.9,13.1,78.7,12.2,159.8,232.7,42.9,59.5,155,95,47,410,18.98989899,12.37373737,15.05847953,6.313131313,2.727272727,3.50877193,29.16666667,-26.94444444,-13.61111111,3.2258,3.8608,9.5504,15.1984127,4.563492063,-1.666666667,6.5024,13.96296296,3.592592593,-18.33333333,6.731
2017,KE,DART17,KE DART17,U,5/18/2017,2017138,4/23/2017,2017113,NA,25,24.8,21.7,32.3,12.3,13.3,74.9,10.6,141,206.7,42.6,59.8,135,83,38,365,18.98989899,12.37373737,15.05847953,6.313131313,2.727272727,3.50877193,29.16666667,-26.94444444,-13.61111111,3.2258,3.8608,9.5504,15.1984127,4.563492063,-1.666666667,6.5024,13.96296296,3.592592593,-18.33333333,6.731
2017,LD,DART17,LD DART17,U,5/18/2017,2017138,4/23/2017,2017113,NA,25,25,20.7,31.5,12.7,12.3,73,10.8,132.8,196.9,41.5,57.7,142,86,43,320,18.98989899,12.37373737,15.05847953,6.313131313,2.727272727,3.50877193,29.16666667,-26.94444444,-13.61111111,3.2258,3.8608,9.5504,15.1984127,4.563492063,-1.666666667,6.5024,13.96296296,3.592592593,-18.33333333,6.731
2017,TU,ECLO17,TU ECLO17,U,5/26/2017,2017146,4/30/2017,2017120,NA,26,25.5,24.1,38.2,14.1,13.5,81.8,14.1,190.4,263.6,43.6,63.9,164,99,50,464,13.88888889,19.34343434,17.69005848,3.383838384,7.171717172,5.350877193,-15,35.83333333,28.88888889,6.2484,1.6002,6.3754,14.8015873,4.484126984,-5,4.7498,16.88888889,5.703703704,19.44444444,3.175
2017,UT,ECLO17,UT ECLO17,U,5/26/2017,2017146,4/30/2017,2017120,NA,26,25.7,21.6,34.9,12.5,12.8,75.1,13.3,170.2,220.7,40.2,59.8,160,106,50,370,13.88888889,19.34343434,17.69005848,3.383838384,7.171717172,5.350877193,-15,35.83333333,28.88888889,6.2484,1.6002,6.3754,14.8015873,4.484126984,-5,4.7498,16.88888889,5.703703704,19.44444444,3.175
2017,VS,ECLO17,VS ECLO17,U,5/26/2017,2017146,5/1/2017,2017121,NA,25,25.1,21.9,33.9,13.6,13,76.1,12,156,225.4,42.2,59.3,155,93,40,386,13.48484848,19.94949495,17.33918129,3.232323232,8.03030303,5.175438596,-18.05555556,43.88888889,23.88888889,6.2484,1.6256,6.2738,16.23015873,5.555555556,12.5,4.2164,17.25925926,6.111111111,25.27777778,2.0066
2017,US,ECRI17,US ECRI17,M,6/2/2017,2017153,5/8/2017,2017128,22,25,25.2,20.2,33.3,11.6,11.9,73,13.1,155.9,195.6,39.7,54.3,152,95,45,321,15.2020202,21.06060606,16.37426901,4.545454545,9.949494949,5.350877193,-1.388888889,60.55555556,16.38888889,1.7526,2.032,11.8364,20.31746032,8.412698413,61.11111111,2.9464,20.96296296,9.37037037,77.5,2.921
2017,NA,FAIR17,NA FAIR17,U,5/24/2017,2017144,4/27/2017,2017117,NA,27,27.2,23.2,34.5,12.7,13.5,78.9,11.3,152.6,226,44.4,62.6,185,124,77,424,17.97979798,15.2020202,17.19298246,6.565656566,4.545454545,4.269005848,25,-1.388888889,13.88888889,6.1214,1.7526,6.1214,13.53174603,3.69047619,-19.44444444,7.5946,14.59259259,4.074074074,-10,4.7498
2017,FJ,FOPA17,FJ FOPA17,U,5/16/2017,2017136,4/21/2017,2017111,NA,25,24.9,21.7,34.1,12.1,12.2,73,12.4,151.3,207.2,38.9,58.7,147,85,42,376,18.38383838,13.28282828,15.32163743,6.01010101,2.929292929,3.245614035,24.16666667,-20.83333333,-13.61111111,4.8006,6.2484,10.0838,16.38888889,5.833333333,15.55555556,6.604,15.2962963,4.444444444,-1.944444444,6.5024
2017,GI,FOPA17,GI FOPA17,U,5/16/2017,2017136,4/21/2017,2017111,NA,25,24.8,19.5,31.1,11.7,11.5,70.7,11.6,133.4,180.4,39.6,55.7,135,83,40,335,18.38383838,13.28282828,15.32163743,6.01010101,2.929292929,3.245614035,24.16666667,-20.83333333,-13.61111111,4.8006,6.2484,10.0838,16.38888889,5.833333333,15.55555556,6.604,15.2962963,4.444444444,-1.944444444,6.5024
2017,JD,FOWA17,JD FOWA17,M,5/29/2017,2017149,5/3/2017,2017123,26,26,25.6,24.5,37.3,12.9,12.8,78.1,12.8,163.8,239.7,40.8,62.4,163,104,50,390,12.72727273,20.75757576,18.21637427,2.878787879,8.03030303,5.935672515,-24.16666667,48.33333333,39.44444444,4.1148,1.7272,9.144,17.18253968,5.793650794,20.83333333,1.9812,19.07407407,6.740740741,43.61111111,2.1844
2017,KC,FOWA17,KC FOWA17,U,5/29/2017,2017149,5/3/2017,2017123,26,26,26,24.3,37.2,11.9,13,79,12.9,167.7,231.6,41.8,60.1,169,107,60,380,12.72727273,20.75757576,18.21637427,2.878787879,8.03030303,5.935672515,-24.16666667,48.33333333,39.44444444,4.1148,1.7272,9.144,17.18253968,5.793650794,20.83333333,1.9812,19.07407407,6.740740741,43.61111111,2.1844
2017,LB,FOWA17,LB FOWA17,U,5/29/2017,2017149,5/4/2017,2017124,25,25,24.9,24,36.7,12.8,13.6,77.3,12.7,172.7,242.2,40.6,63.7,153,86,39,420,12.37373737,21.81818182,17.95321637,2.727272727,8.434343434,5.81871345,-26.94444444,56.38888889,35.83333333,3.8608,1.7018,9.144,18.01587302,6.428571429,31.11111111,1.6256,19.77777778,7.296296296,53.05555556,2.1844
2017,SU,ICCL17,SU ICCL17,U,5/30/2017,2017150,5/4/2017,2017124,NA,26,26.2,21.6,32.8,11.7,12.2,73.5,11.2,136.6,196,40.7,55.8,170,109,65,324,12.37373737,21.81818182,17.95321637,2.727272727,8.434343434,5.81871345,-26.94444444,56.38888889,35.83333333,3.8608,1.7018,9.144,18.01587302,6.428571429,31.11111111,1.6256,19.77777778,7.296296296,53.05555556,2.1844
2017,TT,ICCL17,TT ICCL17,F,5/30/2017,2017150,5/5/2017,2017125,NA,25,25.4,21.4,33.6,12.6,12,71.3,12.2,146.4,206.6,37.7,56.1,155,98,47,343,12.67676768,21.91919192,17.45614035,3.484848485,8.939393939,5.292397661,-21.11111111,59.72222222,26.11111111,4.7244,1.6002,9.7028,18.84920635,6.746031746,39.16666667,2.1844,20.07407407,8.037037037,60.83333333,2.9464
2017,CJ,JSU217,CJ JSU217,U,6/5/2017,2017156,5/9/2017,2017129,NA,27,26.7,24.6,35.8,12.9,13.4,78.3,11.2,150.1,235.4,42.5,57.2,180,126,64,356,17.47474747,20.1010101,16.19883041,5.808080808,9.696969697,4.912280702,18.05555556,53.88888889,10.55555556,1.6002,1.9812,11.049,20.23809524,8.76984127,63.05555556,2.5908,21.37037037,9.777777778,83.61111111,2.2352
2017,DI,JSU217,DI JSU217,F,6/5/2017,2017156,5/9/2017,2017129,NA,27,27.2,24.2,34.2,11.1,11.6,75.9,10,116,194.1,41.7,56.4,183,130,72,345,17.47474747,20.1010101,16.19883041,5.808080808,9.696969697,4.912280702,18.05555556,53.88888889,10.55555556,1.6002,1.9812,11.049,20.23809524,8.76984127,63.05555556,2.5908,21.37037037,9.777777778,83.61111111,2.2352
2017,EH,JSU217,EH JSU217,U,6/5/2017,2017156,5/10/2017,2017130,NA,26,25.6,20.7,31.2,11,10.8,70.8,10.5,113.4,170,39.6,54.1,161,108,45,277,18.63636364,19.84848485,16.11111111,6.616161616,10.15151515,4.619883041,28.88888889,55,6.944444444,1.6002,3.5052,6.8326,20.75396825,9.126984127,69.16666667,2.5908,21.51851852,10.44444444,89.72222222,3.7592
2017,FG,JSU217,FG JSU217,U,6/5/2017,2017156,5/10/2017,2017130,NA,26,26.1,21,32.5,11.2,11.3,71.7,11.5,130,182.8,39.2,52.6,164,116,55,253,18.63636364,19.84848485,16.11111111,6.616161616,10.15151515,4.619883041,28.88888889,55,6.944444444,1.6002,3.5052,6.8326,20.75396825,9.126984127,69.16666667,2.5908,21.51851852,10.44444444,89.72222222,3.7592
2017,PX,LANG17,PX LANG17,U,5/29/2017,2017149,5/1/2017,2017121,28,28,27.6,24.4,37.7,12.7,12.6,79.5,13.3,167.6,238.5,41.8,58.6,195,137,75,404,13.48484848,19.94949495,17.33918129,3.232323232,8.03030303,5.175438596,-18.05555556,43.88888889,23.88888889,6.2484,1.6256,6.2738,16.23015873,5.555555556,12.5,4.2164,17.25925926,6.111111111,25.27777778,2.0066
2017,LA,MINO17,LA MINO17,F,6/14/2017,2017165,5/20/2017,2017140,NA,25,25.4,21.8,34.4,12.7,12.8,75.2,12.6,161.3,219.3,40.8,59.4,160,101,46,388,20.1010101,20.85858586,16.34502924,9.696969697,7.929292929,5.263157895,53.88888889,48.33333333,15.27777778,1.9812,3.4544,7.8486,19.84126984,9.484126984,65.27777778,4.8514,20.59259259,9.037037037,72.22222222,4.0894
2017,AL,MNDY17,AL MNDY17,U,6/3/2017,2017154,5/7/2017,2017127,NA,27,27.4,27.1,40.1,12.7,12.5,81.8,13,162.5,252.6,41.7,62,189,133,76,405,13.53535354,21.71717172,16.78362573,3.535353535,10.2020202,5.321637427,-16.11111111,65.55555556,20,2.9464,1.7018,11.4554,20.35714286,7.738095238,56.66666667,2.1844,20.11111111,8.851851852,67.22222222,2.6162
2017,BK,MNDY17,BK MNDY17,U,6/3/2017,2017154,5/7/2017,2017127,NA,27,27.3,23.5,35.4,11.1,12.6,77.5,11.9,149.9,209.7,42.1,61.6,188,125,80,394,13.53535354,21.71717172,16.78362573,3.535353535,10.2020202,5.321637427,-16.11111111,65.55555556,20,2.9464,1.7018,11.4554,20.35714286,7.738095238,56.66666667,2.1844,20.11111111,8.851851852,67.22222222,2.6162
2017,ZN,MNDY17,ZN MNDY17,U,6/3/2017,2017154,5/6/2017,2017126,NA,28,28.2,26.5,39.7,13.5,13.8,84.7,13.2,182.2,271,45,62.4,200,141,86,450,13.13131313,21.86868687,16.87134503,3.737373737,9.797979798,5.175438596,-17.22222222,64.16666667,19.44444444,3.9624,1.7018,10.2616,19.56349206,7.142857143,46.94444444,2.1844,20.03703704,8.703703704,65.55555556,3.048
2017,HE,NDYC17,HE NDYC17,U,6/5/2017,2017156,5/10/2017,2017130,NA,26,26.2,22.6,35.1,11.3,13.5,77.3,12.5,168.8,217.6,42.2,57.6,175,116,56,427,18.63636364,19.84848485,16.11111111,6.616161616,10.15151515,4.619883041,28.88888889,55,6.944444444,1.6002,3.5052,6.8326,20.75396825,9.126984127,69.16666667,2.5908,21.51851852,10.44444444,89.72222222,3.7592
2017,ID,NDYC17,ID NDYC17,M,6/5/2017,2017156,5/9/2017,2017129,NA,27,26.5,22.7,35.5,12.2,13,78,12.8,166.4,223.7,42.5,60.8,182,121,63,400,17.47474747,20.1010101,16.19883041,5.808080808,9.696969697,4.912280702,18.05555556,53.88888889,10.55555556,1.6002,1.9812,11.049,20.23809524,8.76984127,63.05555556,2.5908,21.37037037,9.777777778,83.61111111,2.2352
2017,CL,ROTA17,CL ROTA17,U,5/23/2017,2017143,4/26/2017,2017116,NA,27,26.8,25.2,37.9,13.7,13.8,82.3,12.7,175.3,260.6,44.4,64.3,182,121,71,475,18.28282828,13.53535354,15.99415205,6.919191919,3.535353535,3.596491228,28.61111111,-16.11111111,-3.888888889,5.0292,2.9464,6.4008,13.80952381,3.650793651,-17.77777778,6.731,13.51851852,3.481481481,-22.5,5.0292
2017,GH,ROTA17,GH ROTA17,U,5/23/2017,2017143,4/26/2017,2017116,NA,27,26.7,21.9,34.1,11.6,12.8,77.8,12.2,156.2,208,43.7,61.3,173,115,72,400,18.28282828,13.53535354,15.99415205,6.919191919,3.535353535,3.596491228,28.61111111,-16.11111111,-3.888888889,5.0292,2.9464,6.4008,13.80952381,3.650793651,-17.77777778,6.731,13.51851852,3.481481481,-22.5,5.0292
2017,JE,ROTA17,JE ROTA17,U,5/23/2017,2017143,4/26/2017,2017116,NA,27,26.5,24.3,37.1,12.7,14.1,80.1,12.8,180.5,248.6,43,63.9,176,119,65,446,18.28282828,13.53535354,15.99415205,6.919191919,3.535353535,3.596491228,28.61111111,-16.11111111,-3.888888889,5.0292,2.9464,6.4008,13.80952381,3.650793651,-17.77777778,6.731,13.51851852,3.481481481,-22.5,5.0292
2017,MB,ROTA17,MB ROTA17,U,5/23/2017,2017143,4/27/2017,2017117,NA,26,26.2,23.8,36.4,11.9,13.1,80.2,12.6,165.1,227.5,43.8,61.8,168,112,61,420,17.97979798,15.2020202,17.19298246,6.565656566,4.545454545,4.269005848,25,-1.388888889,13.88888889,6.1214,1.7526,6.1214,13.53174603,3.69047619,-19.44444444,7.5946,14.59259259,4.074074074,-10,4.7498
2017,HH,SALE17,HH SALE17,M,5/17/2017,2017137,4/22/2017,2017112,NA,25,25.3,21.3,33.3,11.9,12.2,77,12,146.4,200.6,43.7,61.5,154,96,47,410,19.24242424,12.72727273,15.55555556,6.161616162,2.878787879,3.684210526,29.72222222,-24.16666667,-7.222222222,3.175,4.1148,10.3124,16.11111111,5.317460317,10,6.5024,14.81481481,4.148148148,-7.777777778,6.7056
2017,AO,SMUR17,AO SMUR17,U,5/10/2017,2017130,4/14/2017,2017104,26,26,25.5,22.8,31.4,12.6,12.9,73.9,8.6,110.9,200.2,42.5,59.4,160,101,50,385,15.80808081,18.63636364,11.75438596,3.585858586,6.414141414,1.023391813,-3.333333333,27.77777778,-68.61111111,5.9182,3.9878,6.3246,18.01587302,5.952380952,27.77777778,8.1788,17.59259259,5.333333333,21.94444444,8.4328
2017,CM,SMUR17,CM SMUR17,U,5/10/2017,2017130,4/14/2017,2017104,26,26,26.3,22.5,34.2,13.1,12.6,76.5,11.7,147.4,219.7,42.3,60.3,174,116,60,390,15.80808081,18.63636364,11.75438596,3.585858586,6.414141414,1.023391813,-3.333333333,27.77777778,-68.61111111,5.9182,3.9878,6.3246,18.01587302,5.952380952,27.77777778,8.1788,17.59259259,5.333333333,21.94444444,8.4328
2017,SW,SSAP17,SW SSAP17,U,5/20/2017,2017140,4/24/2017,2017114,NA,26,25.5,21.7,32.7,11.5,12.6,70.8,11,138.6,197,38.1,55.5,156,99,52,334,19.34343434,12.67676768,15.14619883,6.363636364,3.484848485,3.245614035,31.38888889,-21.11111111,-15.27777778,3.2258,4.7244,9.3472,14.64285714,3.888888889,-10.27777778,6.2484,13.88888889,3.851851852,-16.94444444,7.5946
2017,TV,SSAP17,TV SSAP17,U,5/20/2017,2017140,4/25/2017,2017115,NA,25,25,20.8,33.2,12.6,11.7,74.2,12.4,145.1,201.7,41,56,150,91,40,330,18.63636364,13.13131313,15.58479532,6.414141414,3.737373737,3.157894737,27.77777778,-17.22222222,-11.94444444,3.9878,3.9624,9.3472,14.16666667,3.492063492,-16.38888889,6.7056,13.74074074,3.666666667,-19.44444444,7.5946
2017,Dead in nest,SWAH17,Dead in nest SWAH17,U,5/23/2017,2017143,4/27/2017,2017117,NA,26,26.3,22.2,35.2,11.9,13,75.9,13,169,219.1,40.7,60.3,166,117,60,427,17.97979798,15.2020202,17.19298246,6.565656566,4.545454545,4.269005848,25,-1.388888889,13.88888889,6.1214,1.7526,6.1214,13.53174603,3.69047619,-19.44444444,7.5946,14.59259259,4.074074074,-10,4.7498
2017,XQ,WAWD17,XQ WAWD17,U,5/27/2017,2017147,5/2/2017,2017122,NA,25,24.9,21,31.8,12.1,12.3,73,10.8,132.8,194,41.2,56.3,144,85,41,336,13.28282828,20.3030303,17.92397661,2.929292929,8.131313131,5.497076023,-20.83333333,46.38888889,32.5,6.2484,2.1844,8.8646,16.66666667,5.595238095,15.83333333,3.175,18.18518519,6.259259259,33.33333333,2.1844
2017,ZO,WAWD17,ZO WAWD17,U,5/27/2017,2017147,5/2/2017,2017122,NA,25,24.6,20.2,31.6,12,12.7,69.4,11.4,144.8,195.1,37.8,53.5,130,77,35,314,13.28282828,20.3030303,17.92397661,2.929292929,8.131313131,5.497076023,-20.83333333,46.38888889,32.5,6.2484,2.1844,8.8646,16.66666667,5.595238095,15.83333333,3.175,18.18518519,6.259259259,33.33333333,2.1844
2017,PZ,WCRI17,PZ WCRI17,U,5/19/2017,2017139,4/23/2017,2017113,NA,26,26.4,23.8,35.8,14.2,12.4,77.8,12,148.8,238.1,42,62.8,173,116,63,418,18.98989899,12.37373737,15.05847953,6.313131313,2.727272727,3.50877193,29.16666667,-26.94444444,-13.61111111,3.2258,3.8608,9.5504,15.1984127,4.563492063,-1.666666667,6.5024,13.96296296,3.592592593,-18.33333333,6.731
2017,QY,WCRI17,QY WCRI17,U,5/19/2017,2017139,4/21/2017,2017111,NA,28,28.1,23.2,34.1,12.9,12.7,77.1,10.9,138.4,218.2,43,61.1,192,139,86,394,18.38383838,13.28282828,15.32163743,6.01010101,2.929292929,3.245614035,24.16666667,-20.83333333,-13.61111111,4.8006,6.2484,10.0838,16.38888889,5.833333333,15.55555556,6.604,15.2962963,4.444444444,-1.944444444,6.5024
2017,RX,WCRI17,RX WCRI17,U,5/19/2017,2017139,4/21/2017,2017111,NA,28,27.7,23.7,36.9,11.5,13.7,78.1,13.2,180.8,232.5,41.2,61.8,193,132,84,418,18.38383838,13.28282828,15.32163743,6.01010101,2.929292929,3.245614035,24.16666667,-20.83333333,-13.61111111,4.8006,6.2484,10.0838,16.38888889,5.833333333,15.55555556,6.604,15.2962963,4.444444444,-1.944444444,6.5024
2017,OZ,YETH17,OZ YETH17,U,5/24/2017,2017144,4/27/2017,2017117,NA,27,27,23.3,34.2,12.2,12.7,77,10.9,138.4,212.9,42.8,58.1,180,121,76,350,17.97979798,15.2020202,17.19298246,6.565656566,4.545454545,4.269005848,25,-1.388888889,13.88888889,6.1214,1.7526,6.1214,13.53174603,3.69047619,-19.44444444,7.5946,14.59259259,4.074074074,-10,4.7498
2017,PY,YETH17,PY YETH17,U,5/24/2017,2017144,4/26/2017,2017116,NA,28,28.1,25.5,37.5,13.3,14.2,82.7,12,170.4,257.8,45.2,59,197,137,88,418,18.28282828,13.53535354,15.99415205,6.919191919,3.535353535,3.596491228,28.61111111,-16.11111111,-3.888888889,5.0292,2.9464,6.4008,13.80952381,3.650793651,-17.77777778,6.731,13.51851852,3.481481481,-22.5,5.0292
2017,QX,YETH17,QX YETH17,U,5/24/2017,2017144,4/27/2017,2017117,NA,27,26.7,23.6,35.1,12.7,13.2,77.9,11.5,151.8,227.3,42.8,56.6,178,124,66,346,17.97979798,15.2020202,17.19298246,6.565656566,4.545454545,4.269005848,25,-1.388888889,13.88888889,6.1214,1.7526,6.1214,13.53174603,3.69047619,-19.44444444,7.5946,14.59259259,4.074074074,-10,4.7498
2017,CK,YFER17,CK YFER17,U,5/28/2017,2017148,5/1/2017,2017121,NA,27,27.2,22.7,34.4,12.4,13.2,75.7,11.7,154.4,220.2,41.3,56.6,189,131,73,343,13.48484848,19.94949495,17.33918129,3.232323232,8.03030303,5.175438596,-18.05555556,43.88888889,23.88888889,6.2484,1.6256,6.2738,16.23015873,5.555555556,12.5,4.2164,17.25925926,6.111111111,25.27777778,2.0066
2017,DJ,YFER17,DJ YFER17,U,5/28/2017,2017148,4/30/2017,2017120,NA,28,28,22.8,35.3,13,13.2,78.9,12.5,165,231.2,43.6,59.8,195,136,87,408,13.88888889,19.34343434,17.69005848,3.383838384,7.171717172,5.350877193,-15,35.83333333,28.88888889,6.2484,1.6002,6.3754,14.8015873,4.484126984,-5,4.7498,16.88888889,5.703703704,19.44444444,3.175
2017,EI,YFER17,EI YFER17,U,5/28/2017,2017148,5/1/2017,2017121,NA,27,27.2,23.6,35.1,13.2,13.9,79.5,11.5,159.9,237.8,44.4,61.5,186,130,73,395,13.48484848,19.94949495,17.33918129,3.232323232,8.03030303,5.175438596,-18.05555556,43.88888889,23.88888889,6.2484,1.6256,6.2738,16.23015873,5.555555556,12.5,4.2164,17.25925926,6.111111111,25.27777778,2.0066
2017,FH,YFER17,FH YFER17,U,5/28/2017,2017148,5/3/2017,2017123,NA,25,25.3,20.9,31.7,13.3,13.4,74.5,10.8,144.7,211.6,42.8,56.7,157,96,45,285,12.72727273,20.75757576,18.21637427,2.878787879,8.03030303,5.935672515,-24.16666667,48.33333333,39.44444444,4.1148,1.7272,9.144,17.18253968,5.793650794,20.83333333,1.9812,19.07407407,6.740740741,43.61111111,2.1844
2018,RS,BEAR18,RS BEAR18,U,5/25/2018,2018145,4/29/2018,2018119,25,26,26.1,24.4,36.3,11.2,13,74.9,11.9,154.7,219.6,38.6,59.4,165,108,63,414,20.75757576,19.8989899,10.64327485,4.646464646,8.080808081,-0.321637427,29.72222222,43.88888889,-91.94444444,1.1176,3.9624,3.683,20.75396825,7.182539683,55.55555556,3.7592,20.14814815,7.222222222,55.27777778,4.0386
2018,SR,BEAR18,SR BEAR18,U,5/25/2018,2018145,4/29/2018,2018119,25,26,26,24.1,34.9,10.5,12.1,77.5,10.8,130.7,197.2,42.6,57.3,160,108,60,360,20.75757576,19.8989899,10.64327485,4.646464646,8.080808081,-0.321637427,29.72222222,43.88888889,-91.94444444,1.1176,3.9624,3.683,20.75396825,7.182539683,55.55555556,3.7592,20.14814815,7.222222222,55.27777778,4.0386
2018,TQ,BEAR18,TQ BEAR18,U,5/25/2018,2018145,4/29/2018,2018119,25,26,25.7,23.2,35.2,11.4,13,77.4,12,156,214.7,42.2,58.2,159,103,55,364,20.75757576,19.8989899,10.64327485,4.646464646,8.080808081,-0.321637427,29.72222222,43.88888889,-91.94444444,1.1176,3.9624,3.683,20.75396825,7.182539683,55.55555556,3.7592,20.14814815,7.222222222,55.27777778,4.0386
2018,UP,BEAR18,UP BEAR18,U,5/25/2018,2018145,4/29/2018,2018119,25,26,26.1,23.4,34,11.1,13.1,76.2,10.6,138.9,205.7,42.2,57.7,161,106,63,369,20.75757576,19.8989899,10.64327485,4.646464646,8.080808081,-0.321637427,29.72222222,43.88888889,-91.94444444,1.1176,3.9624,3.683,20.75396825,7.182539683,55.55555556,3.7592,20.14814815,7.222222222,55.27777778,4.0386
2018,FD,BYW218,FD BYW218,U,6/17/2018,2018168,5/23/2018,2018143,23,25,25.2,21.8,33.1,12.2,12.7,70.3,11.3,143.5,206,37.2,55.6,139,88,49,305,26.41414141,21.11111111,20.52631579,13.43434343,9.595959596,7.426900585,109.1666667,58.88888889,75.55555556,5.334,1.1938,8.7376,23.17460317,11.98412698,106.1111111,1.778,23.07407407,11.2962963,107.7777778,1.6002
2018,OV,COGO18,OV COGO18,M,5/23/2018,2018143,4/27/2018,2018117,27,26,26.2,24,35,12.3,13.4,78.9,11,147.4,224.9,43.9,60.6,170,116,57,420,19.54545455,20,9.298245614,4.595959596,6.919191919,-1.286549708,22.77777778,38.05555556,-113.8888889,1.27,3.0226,3.4798,21.58730159,7.023809524,60.27777778,2.6162,21.07407407,7.296296296,62.77777778,3.7592
2018,PU,COGO18,PU COGO18,M,5/23/2018,2018143,4/27/2018,2018117,27,26,26.4,25.7,37.5,14,14.1,80.8,11.8,166.4,263.4,43.3,60.2,179,119,62,405,19.54545455,20,9.298245614,4.595959596,6.919191919,-1.286549708,22.77777778,38.05555556,-113.8888889,1.27,3.0226,3.4798,21.58730159,7.023809524,60.27777778,2.6162,21.07407407,7.296296296,62.77777778,3.7592
2018,QT,COGO18,QT COGO18,M,5/23/2018,2018143,4/26/2018,2018116,27,27,26.5,22.8,33.5,12.3,13.3,78.6,10.7,142.3,214.4,45.1,60.2,177,119,65,410,19.09090909,19.39393939,8.625730994,4.343434343,6.868686869,-1.812865497,18.88888889,34.44444444,-125.2777778,1.4986,3.0988,3.4798,20.87301587,6.111111111,48.88888889,2.5908,21.33333333,7.555555556,66.66666667,3.7592
2018,CG,DAN218,CG DAN218,U,6/12/2018,2018163,5/17/2018,2018137,25,26,25.6,22.3,33.2,10.9,12.5,75,10.9,136.3,194.2,41.8,56.6,155,99,55,310,23.13131313,23.03030303,20.0877193,9.444444444,13.03030303,5.964912281,69.16666667,88.33333333,57.5,5.2324,1.778,4.1402,25.11904762,12.77777778,125.2777778,5.461,24.11111111,12.14814815,121.9444444,1.8542
2018,DF,DAN218,DF DAN218,U,6/12/2018,2018163,5/18/2018,2018138,24,25,25.1,23,34.8,11.5,12.4,70.1,11.8,146.3,207.9,35.3,57.6,157,92,43,312,23.18181818,23.28282828,20.64327485,10.1010101,12.37373737,6.403508772,73.05555556,86.11111111,66.94444444,5.9182,1.0922,4.0386,25,12.73809524,124.1666667,5.4356,24.03703704,12.33333333,122.7777778,1.8542
2018,OW,ECRI18,OW ECRI18,U,5/15/2018,2018135,4/20/2018,2018110,25,25,25.4,22.2,36,12.9,12.8,78.1,13.8,176.6,231.3,42.1,60.2,161,100,45,390,12.47474747,23.38383838,6.228070175,0.252525253,6.363636364,-2.923976608,-40,53.61111111,-158.6111111,1.2192,1.8796,4.2926,19.00793651,4.682539683,25.83333333,1.7526,20.40740741,5,40.55555556,2.413
2018,PV,ECRI18,PV ECRI18,U,5/15/2018,2018135,4/19/2018,2018109,25,26,25.7,22.8,34.5,11.7,13.3,74.3,11.7,155.6,215.6,39.8,58.1,162,103,54,392,12.32323232,21.76767677,6.695906433,0.202020202,5.858585859,-3.070175439,-41.11111111,41.94444444,-155.5555556,1.0668,1.016,4.1402,19.24603175,4.523809524,26.38888889,1.7526,19.74074074,5,35.55555556,1.5748
2018,XM,HORC18,XM HORC18,U,6/3/2018,2018154,5/7/2018,2018127,27,27,26.8,22.9,35.6,11.5,12.9,76.4,12.7,163.8,217.2,40.8,59.6,180,118,73,418,19.39393939,23.18181818,16.19883041,6.868686869,10.1010101,2.514619883,34.44444444,73.05555556,-12.22222222,3.0988,5.9182,2.0828,20,8.174603175,57.22222222,7.0358,22.40740741,9.555555556,89.72222222,7.112
2018,YL,HORC18,YL HORC18,U,6/3/2018,2018154,5/8/2018,2018128,25,26,25.7,20.5,32.1,10.6,12.2,71.3,11.6,141.5,183,39.2,53.2,159,103,55,320,20,23.43434343,16.87134503,6.919191919,10.75757576,2.602339181,38.05555556,78.05555556,-5,3.0226,6.0452,1.9558,21.19047619,8.452380952,67.5,7.0358,23.44444444,10.2962963,103.0555556,7.2136
2018,BJ,LANG18,BJ LANG18,U,5/13/2018,2018133,4/17/2018,2018107,25,26,25.8,22.4,34.4,14,13.8,76.4,12,165.6,239.1,42,62.4,171,102,57,445,10.80808081,19.8989899,7.222222222,-0.303030303,4.545454545,-3.040935673,-52.22222222,24.44444444,-150.2777778,3.1242,1.27,5.8674,18.13492063,2.976190476,7.777777778,1.6764,19.11111111,4.296296296,25.55555556,1.7526
2018,CI,LANG18,CI LANG18,U,5/13/2018,2018133,4/18/2018,2018108,24,25,25.1,21.9,32.7,13.3,12.6,74.5,10.8,136.1,211.7,41.8,62.4,154,90,44,378,11.21212121,20.75757576,6.725146199,-0.050505051,4.646464646,-3.333333333,-48.61111111,29.72222222,-157.7777778,1.4732,1.1176,4.1402,18.96825397,3.69047619,18.61111111,1.6764,19.33333333,4.62962963,29.72222222,1.7526
2018,EG,LANG18,EG LANG18,U,5/13/2018,2018133,4/18/2018,2018108,24,25,25.2,20.9,31.7,12.6,12.3,72.8,10.8,132.8,197.3,41.1,57.1,148,94,46,360,11.21212121,20.75757576,6.725146199,-0.050505051,4.646464646,-3.333333333,-48.61111111,29.72222222,-157.7777778,1.4732,1.1176,4.1402,18.96825397,3.69047619,18.61111111,1.6764,19.33333333,4.62962963,29.72222222,1.7526
2018,DOA1,LISP18,DOA1 LISP18,U,5/27/2018,2018147,5/2/2018,2018122,25,25,25.3,24.7,36.2,12.8,14.4,72.2,11.5,165.6,246.2,36,58.4,156,97,43,417,23.13131313,19.74747475,11.66666667,7.121212121,8.383838384,0.175438596,56.38888889,44.72222222,-77.5,1.8796,7.0358,3.81,19.92063492,7.301587302,50.55555556,4.0386,20.22222222,8.148148148,62.77777778,8.1788
2018,DOA2,LISP18,DOA2 LISP18,U,5/27/2018,2018147,5/1/2018,2018121,26,26,26.1,22.7,34.3,13.2,13.6,76.7,11.6,157.8,229.8,42.4,58.6,170,111,60,388,23.38383838,19.09090909,11.14035088,6.363636364,7.828282828,0.029239766,53.61111111,38.05555556,-83.88888889,1.8796,2.9972,3.9624,20.31746032,7.103174603,51.94444444,3.4544,20.07407407,7.37037037,55.83333333,4.1402
2018,DOA3,LISP18,DOA3 LISP18,U,5/27/2018,2018147,4/30/2018,2018120,27,27,26.8,23.4,37.8,13.3,14.2,81.5,14.4,204.5,259.9,43.7,60.9,180,123,68,426,21.76767677,19.19191919,10.76023392,5.858585859,7.474747475,-0.058479532,41.94444444,36.66666667,-88.33333333,1.016,4.064,3.9624,20.67460317,6.706349206,51.66666667,3.5814,19.81481481,7.296296296,53.33333333,4.1402
2018,WN,LISP18,WN LISP18,F,5/27/2018,2018147,4/30/2018,2018120,27,27,26.7,23.7,35.5,11.6,13,78.2,11.8,153.4,218.3,42.7,58.4,179,124,64,370,21.76767677,19.19191919,10.76023392,5.858585859,7.474747475,-0.058479532,41.94444444,36.66666667,-88.33333333,1.016,4.064,3.9624,20.67460317,6.706349206,51.66666667,3.5814,19.81481481,7.296296296,53.33333333,4.1402
2018,VO,MINO18,VO MINO18,M,5/27/2018,2018147,4/30/2018,2018120,27,27,26.7,24.2,36.6,11.6,13,80.6,12.4,161.2,225.1,44,NA,175,115,72,440,21.76767677,19.19191919,10.76023392,5.858585859,7.474747475,-0.058479532,41.94444444,36.66666667,-88.33333333,1.016,4.064,3.9624,20.67460317,6.706349206,51.66666667,3.5814,19.81481481,7.296296296,53.33333333,4.1402
2018,YM,NBUR18,YM NBUR18,U,5/17/2018,2018137,4/21/2018,2018111,25,26,25.9,22.1,34.2,12,13.8,75.1,12.1,167,220.6,40.9,60,161,103,60,385,13.63636364,23.13131313,6.315789474,0.353535354,7.121212121,-3.040935673,-33.05555556,56.38888889,-158.8888889,1.016,1.8796,4.2926,19.28571429,4.365079365,25.55555556,1.5748,20.33333333,5.333333333,42.5,2.413
2018,ZL,NBUR18,ZL NBUR18,F,5/17/2018,2018137,4/22/2018,2018112,24,25,25.4,21.8,33.4,12.3,12.6,75.3,11.6,146.2,207.9,41.9,56.9,150,93,53,357,15.50505051,21.71717172,6.520467836,0.909090909,7.373737374,-3.099415205,-19.72222222,50,-157.5,1.016,2.5654,4.2926,20.15873016,4.96031746,35.83333333,1.27,20.03703704,5.407407407,40.83333333,2.9464
2018,RT,NEPO18,RT NEPO18,U,5/16/2018,2018136,4/21/2018,2018111,22,25,25.3,22,33.1,12.4,13.2,74.3,11.1,146.5,211.8,41.2,58.3,149,92,50,382,13.63636364,23.13131313,6.315789474,0.353535354,7.121212121,-3.040935673,-33.05555556,56.38888889,-158.8888889,1.016,1.8796,4.2926,19.28571429,4.365079365,25.55555556,1.5748,20.33333333,5.333333333,42.5,2.413
2018,JA,NMUR18,JA NMUR18,F,5/20/2018,2018140,4/24/2018,2018114,25,26,25.5,22.4,35,11.3,11.3,71.8,12.6,142.4,197.8,36.8,59.9,161,101,50,370,18.18181818,20.05050505,7.251461988,4.141414141,6.262626263,-3.157894737,12.77777778,34.72222222,-151.1111111,1.1938,2.4384,3.175,20.75396825,5.515873016,43.88888889,2.2606,21.14814815,6.444444444,56.94444444,2.6162
2018,KZ,NMUR18,KZ NMUR18,U,5/20/2018,2018140,4/24/2018,2018114,25,26,25.6,22.4,34.5,12.9,12.5,74.8,12.1,151.3,219.1,40.3,59.5,157,104,50,370,18.18181818,20.05050505,7.251461988,4.141414141,6.262626263,-3.157894737,12.77777778,34.72222222,-151.1111111,1.1938,2.4384,3.175,20.75396825,5.515873016,43.88888889,2.2606,21.14814815,6.444444444,56.94444444,2.6162
2018,LY,NMUR18,LY NMUR18,U,5/20/2018,2018140,4/24/2018,2018114,25,26,26,22.2,33.5,11.3,11.4,74.5,11.3,128.8,190.1,41,58.1,162,110,57,354,18.18181818,20.05050505,7.251461988,4.141414141,6.262626263,-3.157894737,12.77777778,34.72222222,-151.1111111,1.1938,2.4384,3.175,20.75396825,5.515873016,43.88888889,2.2606,21.14814815,6.444444444,56.94444444,2.6162
2018,MX,NMUR18,MX NMUR18,U,5/20/2018,2018140,4/25/2018,2018115,24,25,25,20.5,32.1,11.4,12,76.2,11.6,139.2,187.8,44.1,61.3,157,89,40,350,18.78787879,19.6969697,8.274853801,4.545454545,6.616161616,-2.339181287,18.33333333,34.72222222,-133.6111111,1.6764,3.0988,3.3528,20.3968254,5.753968254,43.05555556,2.8448,21.7037037,7.037037037,65.55555556,3.7592
2018,NW,NMUR18,NW NMUR18,M,5/20/2018,2018140,4/25/2018,2018115,24,25,24.8,21.8,34.5,11.8,12.1,74.4,12.7,153.7,206.1,39.9,55.3,146,83,39,365,18.78787879,19.6969697,8.274853801,4.545454545,6.616161616,-2.339181287,18.33333333,34.72222222,-133.6111111,1.6764,3.0988,3.3528,20.3968254,5.753968254,43.05555556,2.8448,21.7037037,7.037037037,65.55555556,3.7592
2018,JB,SALE18,JB SALE18,U,5/13/2018,2018133,4/17/2018,2018107,25,26,25.7,21.5,33.5,13.9,11.9,74.2,12,142.8,216.1,40.7,61.1,159,100,56,395,10.80808081,19.8989899,7.222222222,-0.303030303,4.545454545,-3.040935673,-52.22222222,24.44444444,-150.2777778,3.1242,1.27,5.8674,18.13492063,2.976190476,7.777777778,1.6764,19.11111111,4.296296296,25.55555556,1.7526
2018,KA,SALE18,KA SALE18,U,5/13/2018,2018133,4/18/2018,2018108,24,25,25.3,21.1,31.1,12,12.3,72.3,10,123,188.9,41.2,56.1,149,94,49,365,11.21212121,20.75757576,6.725146199,-0.050505051,4.646464646,-3.333333333,-48.61111111,29.72222222,-157.7777778,1.4732,1.1176,4.1402,18.96825397,3.69047619,18.61111111,1.6764,19.33333333,4.62962963,29.72222222,1.7526
2018,LZ,SALE18,LZ SALE18,M,5/13/2018,2018133,4/17/2018,2018107,25,26,25.6,22.8,35,12.8,12.8,76.9,12.2,156.2,224,41.9,59.2,157,100,52,420,10.80808081,19.8989899,7.222222222,-0.303030303,4.545454545,-3.040935673,-52.22222222,24.44444444,-150.2777778,3.1242,1.27,5.8674,18.13492063,2.976190476,7.777777778,1.6764,19.11111111,4.296296296,25.55555556,1.7526
2018,MY,SALE18,MY SALE18,F,5/13/2018,2018133,4/17/2018,2018107,25,26,25.5,21.1,33,11.8,12.5,72.2,11.9,148.8,200.5,39.2,57,150,99,51,340,10.80808081,19.8989899,7.222222222,-0.303030303,4.545454545,-3.040935673,-52.22222222,24.44444444,-150.2777778,3.1242,1.27,5.8674,18.13492063,2.976190476,7.777777778,1.6764,19.11111111,4.296296296,25.55555556,1.7526
2018,XN,STEX18,XN STEX18,U,5/16/2018,2018136,4/19/2018,2018109,28,27,27.1,23.8,35.5,12.1,13.6,78.6,11.7,159.1,228.1,43.1,57,177,121,77,405,12.32323232,21.76767677,6.695906433,0.202020202,5.858585859,-3.070175439,-41.11111111,41.94444444,-155.5555556,1.0668,1.016,4.1402,19.24603175,4.523809524,26.38888889,1.7526,19.74074074,5,35.55555556,1.5748
2018,BI,WCRI18,BI WCRI18,U,5/19/2018,2018139,4/23/2018,2018113,25,26,26.1,22.4,34.2,12,12.2,74.8,11.8,144,206.9,40.6,57.9,162,109,60,350,17.12121212,20.2020202,6.783625731,2.424242424,6.666666667,-3.362573099,-2.5,37.77777778,-157.5,1.016,2.5908,3.6576,20.91269841,5.238095238,43.05555556,2.413,19.88888889,5.703703704,41.94444444,2.8702
2018,CH,WCRI18,CH WCRI18,U,5/19/2018,2018139,4/23/2018,2018113,25,26,25.7,23,35.9,13.5,13.4,76.9,12.9,172.9,241.4,41,61.2,164,105,50,360,17.12121212,20.2020202,6.783625731,2.424242424,6.666666667,-3.362573099,-2.5,37.77777778,-157.5,1.016,2.5908,3.6576,20.91269841,5.238095238,43.05555556,2.413,19.88888889,5.703703704,41.94444444,2.8702
2018,DG,WCRI18,DG WCRI18,U,5/19/2018,2018139,4/23/2018,2018113,25,26,26.2,22.7,36.3,12.5,12.9,76.8,13.6,175.4,230.5,40.5,59.8,172,112,60,410,17.12121212,20.2020202,6.783625731,2.424242424,6.666666667,-3.362573099,-2.5,37.77777778,-157.5,1.016,2.5908,3.6576,20.91269841,5.238095238,43.05555556,2.413,19.88888889,5.703703704,41.94444444,2.8702
2018,EF,WCRI18,EF WCRI18,U,5/19/2018,2018139,4/23/2018,2018113,25,26,25.9,22,34,12.9,13.1,74.9,12,157.2,221,40.9,60,169,108,55,380,17.12121212,20.2020202,6.783625731,2.424242424,6.666666667,-3.362573099,-2.5,37.77777778,-157.5,1.016,2.5908,3.6576,20.91269841,5.238095238,43.05555556,2.413,19.88888889,5.703703704,41.94444444,2.8702
2019,LW,SALE19,LW SALE19,F,5/15/2019,2019135,4/18/2019,2019108,26,27,26.8,21.43,33.5,11.2,11.4,75.2,12.1,137.6,189.28,41.7,58.3,NA,NA,NA,395,16.86868687,14.34343434,12.25146199,3.686868687,4.898989899,-0.350877193,3.055555556,-4.166666667,-76.94444444,4.3688,2.1082,5.3594,14.44444444,3.492063492,-14.44444444,3.3274,14.22222222,3.962962963,-13.61111111,3.683
2019,MV,SALE19,MV SALE19,M,5/15/2019,2019135,4/19/2019,2019109,26,26,26.4,21.65,36.2,12,11.27,77.6,14.6,163.98,210.59,41.4,59.82,NA,NA,NA,431,16.01010101,15.3030303,12.28070175,3.232323232,6.161616162,0.058479532,-4.166666667,8.055555556,-72.77777778,4.445,2.794,4.8768,14.96031746,4.007936508,-7.222222222,3.3274,14.59259259,4.62962963,-5.833333333,4.4704
2019,NU,ROTA19,NU ROTA19,F,5/15/2019,2019135,4/19/2019,2019109,26,26,26.4,21.04,36.1,11.03,11.45,77.85,15.1,172.44,202.88,41.75,59.26,NA,NA,NA,370,16.01010101,15.3030303,12.28070175,3.232323232,6.161616162,0.058479532,-4.166666667,8.055555556,-72.77777778,4.445,2.794,4.8768,14.96031746,4.007936508,-7.222222222,3.3274,14.59259259,4.62962963,-5.833333333,4.4704
2019,OT,ROTA19,OT ROTA19,M,5/15/2019,2019135,4/19/2019,2019109,24,26,25.7,22.16,35.6,12.71,12.02,78.3,13.4,161.55,220.1,42.7,57.9,NA,NA,NA,375,16.01010101,15.3030303,12.28070175,3.232323232,6.161616162,0.058479532,-4.166666667,8.055555556,-72.77777778,4.445,2.794,4.8768,14.96031746,4.007936508,-7.222222222,3.3274,14.59259259,4.62962963,-5.833333333,4.4704
2019,PS,ROTA19,PS ROTA19,F,5/15/2019,2019135,4/19/2019,2019109,25,26,26,22.9,34.6,12.3,11.7,76.5,11.7,136.89,207.6,41.9,54.5,NA,NA,NA,340,16.01010101,15.3030303,12.28070175,3.232323232,6.161616162,0.058479532,-4.166666667,8.055555556,-72.77777778,4.445,2.794,4.8768,14.96031746,4.007936508,-7.222222222,3.3274,14.59259259,4.62962963,-5.833333333,4.4704
2019,QR,ROTA19,QR ROTA19,F,5/15/2019,2019135,4/19/2019,2019109,26,26,26,21.7,33.5,11.6,11.4,75.5,11.8,134.52,192.63,42,55.6,NA,NA,NA,330,16.01010101,15.3030303,12.28070175,3.232323232,6.161616162,0.058479532,-4.166666667,8.055555556,-72.77777778,4.445,2.794,4.8768,14.96031746,4.007936508,-7.222222222,3.3274,14.59259259,4.62962963,-5.833333333,4.4704
2019,RQ,ROTA19,RQ ROTA19,M,5/15/2019,2019135,4/18/2019,2019108,26,27,26.5,23.2,34.9,12.5,11.8,77.5,11.7,138.06,212.02,42.6,58.6,NA,NA,NA,362,16.86868687,14.34343434,12.25146199,3.686868687,4.898989899,-0.350877193,3.055555556,-4.166666667,-76.94444444,4.3688,2.1082,5.3594,14.44444444,3.492063492,-14.44444444,3.3274,14.22222222,3.962962963,-13.61111111,3.683
2019,SP,THOR19,SP THOR19,F,5/18/2019,2019138,4/23/2019,2019113,25,25,25.3,20.8,32.9,12,12,73.4,12.1,145.2,197.4,40.5,57.4,NA,NA,NA,362,13.98989899,15.1010101,14.70760234,2.424242424,6.464646465,2.251461988,-19.72222222,8.611111111,-28.88888889,2.3368,6.223,7.3152,14.72222222,5.03968254,-1.666666667,3.2512,14.66666667,5.925925926,4.444444444,6.7056
2019,TO,THOR19,TO THOR19,F,5/18/2019,2019138,4/22/2019,2019112,25,26,25.8,19.7,33.6,11.7,12.7,73.9,13.9,176.53,204.96,40.3,55.4,NA,NA,NA,375,13.63636364,16.06060606,14.56140351,2.373737374,6.717171717,1.754385965,-21.94444444,15.27777778,-35,2.159,4.2672,7.3152,14.24603175,4.880952381,-6.111111111,3.937,14.66666667,5.333333333,-1.58E-14,4.6736
2019,UN,PALM19,UN PALM19,M,5/19/2019,2019139,4/23/2019,2019113,25,26,25.8,21.9,34.9,12.4,12.5,76.6,13,162.5,217.25,41.7,58.7,NA,NA,NA,410,13.98989899,15.1010101,14.70760234,2.424242424,6.464646465,2.251461988,-19.72222222,8.611111111,-28.88888889,2.3368,6.223,7.3152,14.72222222,5.03968254,-1.666666667,3.2512,14.66666667,5.925925926,4.444444444,6.7056
2019,VM,PALM19,VM PALM19,F,5/19/2019,2019139,4/23/2019,2019113,25,26,25.8,21.1,31.6,12.7,11.7,73.2,10.5,122.85,192.76,41.6,55.8,NA,NA,NA,347,13.98989899,15.1010101,14.70760234,2.424242424,6.464646465,2.251461988,-19.72222222,8.611111111,-28.88888889,2.3368,6.223,7.3152,14.72222222,5.03968254,-1.666666667,3.2512,14.66666667,5.925925926,4.444444444,6.7056
2019,WL,PALM19,WL PALM19,M,5/19/2019,2019139,4/24/2019,2019114,25,25,25.5,21.1,33.4,12.6,12.6,75.3,12.3,154.98,210.42,41.9,58.5,NA,NA,NA,395,14.74747475,13.73737374,15.70175439,2.777777778,6.161616162,2.719298246,-13.61111111,-0.555555556,-15,2.667,6.2484,7.493,15.1984127,5.396825397,4.166666667,3.3274,14.48148148,6.296296296,5.833333333,6.858
2019,XK,ICCL19,XK ICCL19,F,5/21/2019,2019141,4/23/2019,2019113,27,28,27.7,24,34.5,11.9,13.7,79.1,10.5,143.85,220.8,44.6,60,NA,NA,NA,383,13.98989899,15.1010101,14.70760234,2.424242424,6.464646465,2.251461988,-19.72222222,8.611111111,-28.88888889,2.3368,6.223,7.3152,14.72222222,5.03968254,-1.666666667,3.2512,14.66666667,5.925925926,4.444444444,6.7056
2019,YJ,ICCL19,YJ ICCL19,M,5/21/2019,2019141,4/24/2019,2019114,26,27,26.7,23,35.1,12.7,12.3,76.1,12.1,148.83,219.38,41,59.1,NA,NA,NA,403,14.74747475,13.73737374,15.70175439,2.777777778,6.161616162,2.719298246,-13.61111111,-0.555555556,-15,2.667,6.2484,7.493,15.1984127,5.396825397,4.166666667,3.3274,14.48148148,6.296296296,5.833333333,6.858
2019,ZI,STE219,ZI STE219,U,6/4/2019,2019155,5/8/2019,2019128,26,27,26.6,22.9,34.3,12.5,12.8,78.4,11.4,145.92,216.95,44.1,59,NA,NA,NA,413,14.64646465,23.08080808,15.52631579,5.202020202,8.181818182,4.298245614,-0.833333333,61.94444444,-1.666666667,6.3246,2.9718,6.4516,18.53174603,6.428571429,34.72222222,6.731,21.22222222,7.259259259,63.61111111,4.064
2019,CE,STE219,CE STE219,M,6/4/2019,2019155,5/9/2019,2019129,25,26,25.7,23.8,34.8,11.3,12.5,77.4,11,137.5,207.06,42.6,59.7,NA,NA,NA,438,15.2020202,22.87878788,15.14619883,5.202020202,8.585858586,4.18128655,2.222222222,63.05555556,-6.388888889,5.7912,3.0226,3.9116,19.88095238,6.666666667,45.83333333,5.3848,21.92592593,7.62962963,71.66666667,3.7592
2019,DD,STE219,DD STE219,M,6/4/2019,2019155,5/10/2019,2019130,24,25,24.7,22.1,34.6,13.7,13.1,74.2,12.5,163.75,231.82,39.6,54.9,NA,NA,NA,350,16.66666667,21.96969697,14.8245614,6.464646465,8.131313131,4.385964912,17.22222222,55.55555556,-7.5,6.0198,4.4958,4.6482,21.03174603,7.103174603,56.94444444,3.302,22,8.074074074,75.55555556,4.8514
2020,VL,ABBO20,VL ABBO20,U,6/7/2020,2020159,5/12/2020,2020133,25,26,25.6,22.9,34.4,11.9,12.7,76.5,11.5,146.05,211.56,42.1,59,NA,NA,NA,348,17.92929293,25,12.22222222,4.04040404,12.72727273,0.67251462,10.83333333,97.5,-67.5,2.7178,2.1082,9.6012,23.92857143,11.50793651,108.0555556,2.3622,23.7037037,11.14814815,111.3888889,2.3114
2020,WK,SPR220,WK SPR220,U,6/11/2020,2020163,5/16/2020,2020137,NA,26,25.85,24.4,37.5,12.7,13,79.1,13.1,170.3,240.94,41.6,60.3,NA,NA,NA,460,22.57575758,24.74747475,13.50877193,9.393939394,12.67676768,0.730994152,65.83333333,95.83333333,-54.72222222,2.7432,2.2606,7.9502,24.12698413,11.58730159,110,2.7178,24.96296296,12.96296296,134.4444444,2.8956
2020,XJ,SPR220,XJ SPR220,U,6/11/2020,2020163,5/17/2020,2020138,NA,25,25.2,23.5,35,13.2,13.2,77.7,11.5,151.8,231,42.7,60.4,NA,NA,NA,432,23.03030303,24.19191919,14.06432749,10.1010101,11.86868687,1.111111111,72.22222222,88.33333333,-45.83333333,0.889,2.5654,7.7978,24.36507937,12.3015873,116.6666667,2.8702,25.07407407,12.66666667,133.0555556,2.5908
2020,PPS-F,SPR220,PPS-F SPR220,U,6/11/2020,2020163,5/18/2020,2020139,NA,24,24.24,20.6,32.2,12.3,11.4,70.7,11.6,132.24,190.79,38.5,55.1,NA,NA,NA,340,24.09090909,23.38383838,14.44444444,11.41414141,10.70707071,1.520467836,85.27777778,77.5,-38.33333333,0.889,2.5654,7.8486,24.72222222,12.73809524,122.2222222,2.8956,24.66666667,12.25925926,126.9444444,2.5654
2020,YI,BUR320,YI BUR320,U,6/23/2020,2020175,5/27/2020,2020148,NA,27,26.97,23.4,34.5,11.8,12.7,79.6,11.1,140.97,211.31,45.1,61.7,NA,NA,NA,410,24.74747475,23.58585859,18.68421053,12.67676768,8.131313131,5.994152047,95.83333333,64.44444444,44.44444444,2.2606,0.3302,3.7846,23.33333333,9.880952381,92.5,1.1176,23.92592593,9.592592593,101.3888889,1.1176
2020,ZH,BUR320,ZH BUR320,U,6/23/2020,2020175,5/28/2020,2020149,NA,26,26.03,23,33.2,12,12.3,73.2,10.2,125.46,201.69,40,60.5,NA,NA,NA,358,24.19191919,23.73737374,19.79532164,11.86868687,8.282828283,7.16374269,88.33333333,66.11111111,66.11111111,2.5654,0.0254,3.4544,23.65079365,9.801587302,94.16666667,1.1176,24.55555556,9.62962963,106.3888889,0.508
2020,AF,BUR320,AF BUR320,U,6/23/2020,2020175,5/29/2020,2020150,NA,25,25.08,22.7,34.3,12.4,12.2,72.8,11.6,141.52,210.95,38.5,57.3,NA,NA,NA,323,23.38383838,24.64646465,20.96491228,10.70707071,9.191919192,8.304093567,77.5,76.11111111,88.05555556,2.5654,0.2032,3.3528,23.80952381,9.722222222,94.72222222,1.1176,24.92592593,9.851851852,110.8333333,0.5334
2020,BE,STE220,BE STE220,U,6/26/2020,2020178,6/1/2020,2020153,24,25,25.43,22.1,32.6,11.6,12.8,75.8,10.5,134.4,198.86,43.2,57.2,NA,NA,NA,375,23.93939394,24.8989899,22.77777778,11.11111111,9.797979798,9.590643275,82.77777778,80.83333333,117.5,1.1176,0.9144,4.5974,24.64285714,9.484126984,98.88888889,0.508,25.18518519,10.40740741,116.9444444,0.9398
2020,TM,SAL220,TM SAL220,U,6/28/2020,2020180,6/3/2020,2020155,NA,25,25.38,22,33.8,12,12.5,74.5,11.8,147.5,207.03,40.7,58.7,NA,NA,NA,355,25.2020202,26.11111111,23.12865497,11.61616162,11.41414141,10.49707602,92.5,96.38888889,129.4444444,1.1176,1.1684,4.826,24.84126984,9.880952381,103.0555556,0.9398,26.44444444,11.66666667,135.8333333,1.1938
2020,UL,SAL220,UL SAL220,U,6/28/2020,2020180,6/3/2020,2020155,NA,25,25.22,20.7,31.5,10.9,11.5,73.1,10.8,124.2,176.4,41.6,55.3,NA,NA,NA,355,25.2020202,26.11111111,23.12865497,11.61616162,11.41414141,10.49707602,92.5,96.38888889,129.4444444,1.1176,1.1684,4.826,24.84126984,9.880952381,103.0555556,0.9398,26.44444444,11.66666667,135.8333333,1.1938
2020,VK,SAL220,VK SAL220,U,6/28/2020,2020180,6/3/2020,2020155,NA,25,24.85,20.8,32.9,11.8,11.8,73.6,12.1,142.78,194.11,40.7,57.1,NA,NA,NA,370,25.2020202,26.11111111,23.12865497,11.61616162,11.41414141,10.49707602,92.5,96.38888889,129.4444444,1.1176,1.1684,4.826,24.84126984,9.880952381,103.0555556,0.9398,26.44444444,11.66666667,135.8333333,1.1938
2020,XI,SAL220,XI SAL220,U,6/28/2020,2020180,6/3/2020,2020155,NA,25,24.91,20.4,31.8,11.5,11.2,69.9,11.4,127.68,180.47,38.1,54.9,NA,NA,NA,318,25.2020202,26.11111111,23.12865497,11.61616162,11.41414141,10.49707602,92.5,96.38888889,129.4444444,1.1176,1.1684,4.826,24.84126984,9.880952381,103.0555556,0.9398,26.44444444,11.66666667,135.8333333,1.1938
2021,DB,BRAN21,DB BRAN21,M,5/11/2021,2021131,4/15/2021,2021105,NA,26,25.73,22.8,34.5,12,12.3,73,11.7,143.91,209.59,38.5,59.7,NA,NA,NA,453,10.35353535,16.61616162,13.77192982,1.060606061,4.595959596,0.964912281,-47.22222222,6.666666667,-50,3.7338,5.1054,3.3528,13.61111111,1.904761905,-31.38888889,5.1308,14.7037037,3.111111111,-16.38888889,5.8166
2021,EA,BRAN21,EA BRAN21,F,5/11/2021,2021131,4/16/2021,2021106,NA,25,25.17,21.6,31.8,10.7,12.4,73.2,10.2,126.48,183.65,41.4,60.1,NA,NA,NA,404,9.848484848,16.51515152,13.47953216,0.555555556,4.545454545,0.906432749,-52.77777778,5.833333333,-53.33333333,3.7338,5.1054,4.064,13.73015873,2.261904762,-28.05555556,5.6642,15.48148148,3.259259259,-9.444444444,5.4102
2021,HX,SALE21,HX SALE21,M,5/12/2021,2021132,4/16/2021,2021106,NA,26,25.54,19.5,31.2,11.7,12,70.1,11.7,140.4,184.86,38.9,53,NA,NA,NA,343,9.848484848,16.51515152,13.47953216,0.555555556,4.545454545,0.906432749,-52.77777778,5.833333333,-53.33333333,3.7338,5.1054,4.064,13.73015873,2.261904762,-28.05555556,5.6642,15.48148148,3.259259259,-9.444444444,5.4102
2021,IW,SALE21,IW SALE21,F,5/12/2021,2021132,4/16/2021,2021106,NA,26,25.76,19.9,31.6,11.1,12.3,71.6,11.7,143.91,184.86,40,50.7,NA,NA,NA,353,9.848484848,16.51515152,13.47953216,0.555555556,4.545454545,0.906432749,-52.77777778,5.833333333,-53.33333333,3.7338,5.1054,4.064,13.73015873,2.261904762,-28.05555556,5.6642,15.48148148,3.259259259,-9.444444444,5.4102
2021,JV,SALE21,JV SALE21,M,5/12/2021,2021132,4/16/2021,2021106,NA,26,25.51,20.5,31.5,11.8,11.9,70.1,11,130.9,186.64,38.6,50.5,NA,NA,NA,364,9.848484848,16.51515152,13.47953216,0.555555556,4.545454545,0.906432749,-52.77777778,5.833333333,-53.33333333,3.7338,5.1054,4.064,13.73015873,2.261904762,-28.05555556,5.6642,15.48148148,3.259259259,-9.444444444,5.4102
2021,KU,SALE21,KU SALE21,F,5/12/2021,2021132,4/17/2021,2021107,NA,25,25.15,20.2,31.3,12.1,12.3,69.9,11.1,136.53,190.93,38.6,54.2,NA,NA,NA,334,9.898989899,16.81818182,12.95321637,0.353535354,4.747474747,0.906432749,-53.61111111,8.611111111,-58.33333333,3.1242,7.239,4.6736,14.96031746,3.015873016,-14.16666667,5.5626,16,3.666666667,-2.5,7.62
2021,LT,STEX21,LT STEX21,F,5/12/2021,2021132,4/15/2021,2021105,NA,27,27.21,22.8,32.3,13,12.6,77.5,9.5,119.7,206.72,45.2,58,NA,NA,NA,409,10.35353535,16.61616162,13.77192982,1.060606061,4.595959596,0.964912281,-47.22222222,6.666666667,-50,3.7338,5.1054,3.3528,13.61111111,1.904761905,-31.38888889,5.1308,14.7037037,3.111111111,-16.38888889,5.8166
2021,MS,STEX21,MS STEX21,F,5/12/2021,2021132,4/15/2021,2021105,NA,27,27.47,23,32.3,11.9,11.5,76.8,9.3,106.95,188.96,44.5,58,NA,NA,NA,422,10.35353535,16.61616162,13.77192982,1.060606061,4.595959596,0.964912281,-47.22222222,6.666666667,-50,3.7338,5.1054,3.3528,13.61111111,1.904761905,-31.38888889,5.1308,14.7037037,3.111111111,-16.38888889,5.8166
2021,NR,STEX21,NR STEX21,M,5/12/2021,2021132,4/16/2021,2021106,NA,26,25.68,23.1,34.8,13.2,13.4,79.2,11.7,156.78,231.42,44.4,60,NA,NA,NA,470,9.848484848,16.51515152,13.47953216,0.555555556,4.545454545,0.906432749,-52.77777778,5.833333333,-53.33333333,3.7338,5.1054,4.064,13.73015873,2.261904762,-28.05555556,5.6642,15.48148148,3.259259259,-9.444444444,5.4102
2021,OQ,STEX21,OQ STEX21,F,5/12/2021,2021132,4/16/2021,2021106,NA,26,26.45,22.3,32.4,12.5,11.9,76.5,10.1,120.19,197.64,44.1,58.4,NA,NA,NA,407,9.848484848,16.51515152,13.47953216,0.555555556,4.545454545,0.906432749,-52.77777778,5.833333333,-53.33333333,3.7338,5.1054,4.064,13.73015873,2.261904762,-28.05555556,5.6642,15.48148148,3.259259259,-9.444444444,5.4102
2021,S-AHH,MEEK21,S-AHH MEEK21,F,5/13/2021,2021133,4/15/2021,2021105,NA,28,28.16,23.6,35,11.9,13.3,78.9,11.4,151.62,220.5,43.9,60.9,NA,NA,NA,422,10.35353535,16.61616162,13.77192982,1.060606061,4.595959596,0.964912281,-47.22222222,6.666666667,-50,3.7338,5.1054,3.3528,13.61111111,1.904761905,-31.38888889,5.1308,14.7037037,3.111111111,-16.38888889,5.8166
2021,S-FHH,MEEK21,S-FHH MEEK21,F,5/13/2021,2021133,4/16/2021,2021106,NA,27,27.45,22.8,34.4,11.9,12.9,78.8,11.6,149.64,213.28,44.4,59.9,NA,NA,NA,408,9.848484848,16.51515152,13.47953216,0.555555556,4.545454545,0.906432749,-52.77777778,5.833333333,-53.33333333,3.7338,5.1054,4.064,13.73015873,2.261904762,-28.05555556,5.6642,15.48148148,3.259259259,-9.444444444,5.4102
2021,S-HHH,MEEK21,S-HHH MEEK21,M,5/13/2021,2021133,4/16/2021,2021106,NA,27,27.25,24.8,37.8,13.6,12.6,80.8,13,163.8,247.59,43,63.1,NA,NA,NA,420,9.848484848,16.51515152,13.47953216,0.555555556,4.545454545,0.906432749,-52.77777778,5.833333333,-53.33333333,3.7338,5.1054,4.064,13.73015873,2.261904762,-28.05555556,5.6642,15.48148148,3.259259259,-9.444444444,5.4102
2021,S-WHH,MEEK21,S-WHH MEEK21,M,5/13/2021,2021133,4/16/2021,2021106,NA,27,26.51,22.7,36,13.2,13.5,79.1,13.3,179.55,240.3,43.1,61.5,NA,NA,NA,425,9.848484848,16.51515152,13.47953216,0.555555556,4.545454545,0.906432749,-52.77777778,5.833333333,-53.33333333,3.7338,5.1054,4.064,13.73015873,2.261904762,-28.05555556,5.6642,15.48148148,3.259259259,-9.444444444,5.4102
2021,S-BHH,MEEK21,S-BHH MEEK21,F,5/13/2021,2021133,4/16/2021,2021106,NA,27,27.15,23,35.6,12.4,12.7,78.2,12.6,160.02,223.39,42.6,59.1,NA,NA,NA,410,9.848484848,16.51515152,13.47953216,0.555555556,4.545454545,0.906432749,-52.77777778,5.833333333,-53.33333333,3.7338,5.1054,4.064,13.73015873,2.261904762,-28.05555556,5.6642,15.48148148,3.259259259,-9.444444444,5.4102
2021,PP,ROTA21,PP ROTA21,M,5/13/2021,2021133,4/16/2021,2021106,NA,27,27.06,24.1,34.7,13,13.4,78.3,10.6,142.04,229.02,43.6,59.8,NA,NA,NA,452,9.848484848,16.51515152,13.47953216,0.555555556,4.545454545,0.906432749,-52.77777778,5.833333333,-53.33333333,3.7338,5.1054,4.064,13.73015873,2.261904762,-28.05555556,5.6642,15.48148148,3.259259259,-9.444444444,5.4102
2021,TL,ROTA21,TL ROTA21,F,5/13/2021,2021133,4/16/2021,2021106,NA,27,26.64,22.5,32.7,11.5,12.5,76,10.2,127.5,196.2,43.3,56.3,NA,NA,NA,415,9.848484848,16.51515152,13.47953216,0.555555556,4.545454545,0.906432749,-52.77777778,5.833333333,-53.33333333,3.7338,5.1054,4.064,13.73015873,2.261904762,-28.05555556,5.6642,15.48148148,3.259259259,-9.444444444,5.4102
2021,RN,ROTA21,RN ROTA21,M,5/13/2021,2021133,4/16/2021,2021106,NA,27,27.21,24.5,37.1,12.7,14.2,78.9,12.6,178.92,249.5,41.8,60.3,NA,NA,NA,440,9.848484848,16.51515152,13.47953216,0.555555556,4.545454545,0.906432749,-52.77777778,5.833333333,-53.33333333,3.7338,5.1054,4.064,13.73015873,2.261904762,-28.05555556,5.6642,15.48148148,3.259259259,-9.444444444,5.4102
2021,SM,ROTA21,SM ROTA21,M,5/13/2021,2021133,4/16/2021,2021106,NA,27,26.68,24.2,37.3,13.9,13.7,79.9,13.1,179.47,257.37,42.6,58.9,NA,NA,NA,438,9.848484848,16.51515152,13.47953216,0.555555556,4.545454545,0.906432749,-52.77777778,5.833333333,-53.33333333,3.7338,5.1054,4.064,13.73015873,2.261904762,-28.05555556,5.6642,15.48148148,3.259259259,-9.444444444,5.4102
2021,QO,ROTA21,QO ROTA21,M,5/13/2021,2021133,4/17/2021,2021107,NA,26,25.97,23.2,36,11.3,12.5,77.4,12.8,160,214.2,41.4,56.8,NA,NA,NA,412,9.898989899,16.81818182,12.95321637,0.353535354,4.747474747,0.906432749,-53.61111111,8.611111111,-58.33333333,3.1242,7.239,4.6736,14.96031746,3.015873016,-14.16666667,5.5626,16,3.666666667,-2.5,7.62
2021,UK,THOR21,UK THOR21,F,5/16/2021,2021136,4/18/2021,2021108,NA,28,27.53,21.1,32.6,11.4,12.5,74.4,11.5,143.75,194.79,41.8,58.2,NA,NA,NA,320,11.51515152,15.75757576,13.07017544,0.555555556,4.545454545,1.198830409,-43.61111111,1.666666667,-54.44444444,1.7018,7.2898,4.7752,15.71428571,3.571428571,-5,5.4102,15.7037037,3.666666667,-4.722222222,7.6708
2021,VJ,THOR21,VJ THOR21,F,5/16/2021,2021136,4/19/2021,2021109,NA,27,27.12,21.6,35.1,11.5,12.4,75.3,13.5,167.4,209.72,40.2,57.3,NA,NA,NA,331,13.03030303,14.54545455,12.77777778,1.161616162,3.939393939,1.228070175,-31.94444444,-8.333333333,-56.94444444,1.6764,8.7884,4.8768,16.30952381,3.849206349,1.111111111,5.3848,15.2962963,3.518518519,-8.888888889,8.9662
2021,WI,THOR21,WI THOR21,M,5/16/2021,2021136,4/20/2021,2021110,NA,26,26.06,22.6,35.4,12.1,12.5,76.9,12.8,160,217.71,41.5,58.8,NA,NA,NA,340,12.97979798,14.54545455,12.92397661,1.666666667,3.131313131,1.520467836,-29.44444444,-12.77777778,-52.77777778,4.9784,5.4102,4.1402,16.07142857,3.928571429,6.77236045021345e-15,7.62,15.25925926,3.518518519,-9.166666667,8.9916
2021,YG,SWIM21,YG SWIM21,M,5/16/2021,2021136,4/20/2021,2021110,NA,26,26.22,24.3,35.9,13.6,13.5,78.8,11.6,156.6,243.22,42.9,62.9,NA,NA,NA,451,12.97979798,14.54545455,12.92397661,1.666666667,3.131313131,1.520467836,-29.44444444,-12.77777778,-52.77777778,4.9784,5.4102,4.1402,16.07142857,3.928571429,6.77236045021345e-15,7.62,15.25925926,3.518518519,-9.166666667,8.9916
2021,ZF,SWIM21,ZF SWIM21,M,5/16/2021,2021136,4/20/2021,2021110,NA,26,26.41,23.4,34.7,13.1,13.3,77.5,11.3,150.29,229.02,42.8,62.8,NA,NA,NA,442,12.97979798,14.54545455,12.92397661,1.666666667,3.131313131,1.520467836,-29.44444444,-12.77777778,-52.77777778,4.9784,5.4102,4.1402,16.07142857,3.928571429,6.77236045021345e-15,7.62,15.25925926,3.518518519,-9.166666667,8.9916
2021,AD,SWIM21,AD SWIM21,F,5/16/2021,2021136,4/19/2021,2021109,NA,27,26.51,22.5,33.8,12.7,12.9,76.1,11.3,145.77,216.32,42.3,60.1,NA,NA,NA,390,13.03030303,14.54545455,12.77777778,1.161616162,3.939393939,1.228070175,-31.94444444,-8.333333333,-56.94444444,1.6764,8.7884,4.8768,16.30952381,3.849206349,1.111111111,5.3848,15.2962963,3.518518519,-8.888888889,8.9662
2021,S-OHP,JASP21,S-OHP JASP21,F,5/17/2021,2021137,4/20/2021,2021110,NA,27,26.94,25.4,38.1,12.8,13.7,81,12.7,173.99,252.41,42.9,62.3,NA,NA,NA,389,12.97979798,14.54545455,12.92397661,1.666666667,3.131313131,1.520467836,-29.44444444,-12.77777778,-52.77777778,4.9784,5.4102,4.1402,16.07142857,3.928571429,6.77236045021345e-15,7.62,15.25925926,3.518518519,-9.166666667,8.9916
2021,S-PHP,JASP21,S-PHP JASP21,F,5/17/2021,2021137,4/20/2021,2021110,NA,27,26.98,25.4,36.5,11.2,12.5,80.1,11.1,138.75,216.26,43.6,62.4,NA,NA,NA,430,12.97979798,14.54545455,12.92397661,1.666666667,3.131313131,1.520467836,-29.44444444,-12.77777778,-52.77777778,4.9784,5.4102,4.1402,16.07142857,3.928571429,6.77236045021345e-15,7.62,15.25925926,3.518518519,-9.166666667,8.9916
2021,S-RHP,JASP21,S-RHP JASP21,M,5/17/2021,2021137,4/21/2021,2021111,NA,26,25.88,24.4,38.4,13.9,14.3,79.6,14,200.2,270.72,41.2,64,NA,NA,NA,442,12.67676768,14.44444444,13.24561404,1.363636364,3.282828283,1.929824561,-32.77777778,-12.5,-45.83333333,5.0038,5.3086,4.3942,15.51587302,3.611111111,-6.111111111,7.3914,15.44444444,3.740740741,-6.111111111,8.89
2021,S-APH,JASP21,S-APH JASP21,M,5/17/2021,2021137,4/21/2021,2021111,NA,26,26.44,24.9,39.1,12.5,14.4,80.5,14.2,204.48,262.95,41.4,62.7,NA,NA,NA,440,12.67676768,14.44444444,13.24561404,1.363636364,3.282828283,1.929824561,-32.77777778,-12.5,-45.83333333,5.0038,5.3086,4.3942,15.51587302,3.611111111,-6.111111111,7.3914,15.44444444,3.740740741,-6.111111111,8.89
2021,BC,MANR21,BC MANR21,M,5/19/2021,2021139,4/22/2021,2021112,NA,27,26.85,24.7,37.2,12.9,13.3,80.6,12.5,166.25,243.66,43.4,60.9,NA,NA,NA,390,13.43434343,14.49494949,13.24561404,1.414141414,3.181818182,2.251461988,-28.33333333,-12.77777778,-42.77777778,4.4196,5.2832,4.8006,15.43650794,3.80952381,-5.277777778,8.9662,15.03703704,3.592592593,-10.27777778,8.89
2021,CB,MANR21,CB MANR21,F,5/19/2021,2021139,4/23/2021,2021113,NA,26,26.22,22.9,34.7,12.5,13.2,75.2,11.8,155.76,222.95,40.5,56.4,NA,NA,NA,329,15.2020202,14.29292929,12.95321637,2.323232323,2.676767677,2.456140351,-13.61111111,-16.66666667,-43.61111111,4.0386,5.2578,4.826,15.75396825,3.849206349,-2.777777778,8.89,14.51851852,3.074074074,-18.05555556,8.8138
2021,DA,MANR21,DA MANR21,M,5/19/2021,2021139,4/22/2021,2021112,NA,27,26.68,23.2,37.7,12.4,12.9,78.6,14.5,187.05,238.45,40.9,62,NA,NA,NA,365,13.43434343,14.49494949,13.24561404,1.414141414,3.181818182,2.251461988,-28.33333333,-12.77777778,-42.77777778,4.4196,5.2832,4.8006,15.43650794,3.80952381,-5.277777778,8.9662,15.03703704,3.592592593,-10.27777778,8.89
2021,EZ,MANR21 ,EZ MANR21,F,5/19/2021,2021139,4/22/2021,2021112,NA,27,26.71,22.2,35.1,11.5,12.4,76.8,12.9,159.96,209.72,41.7,60.1,NA,NA,NA,361,13.43434343,14.49494949,13.24561404,1.414141414,3.181818182,2.251461988,-28.33333333,-12.77777778,-42.77777778,4.4196,5.2832,4.8006,15.43650794,3.80952381,-5.277777778,8.9662,15.03703704,3.592592593,-10.27777778,8.89
2021,FY,WILG21,FY WILG21,F,5/19/2021,2021139,4/23/2021,2021113,NA,26,26.48,21.4,32,11.2,11.8,73.1,10.6,125.08,184,41.1,56.2,NA,NA,NA,328,15.2020202,14.29292929,12.95321637,2.323232323,2.676767677,2.456140351,-13.61111111,-16.66666667,-43.61111111,4.0386,5.2578,4.826,15.75396825,3.849206349,-2.777777778,8.89,14.51851852,3.074074074,-18.05555556,8.8138
2021,GX,WILG21,GX WILG21,M,5/19/2021,2021139,4/23/2021,2021113,NA,26,26.34,22.4,33.9,12.3,13.4,76.1,11.5,154.1,217.81,42.2,59.6,NA,NA,NA,392,15.2020202,14.29292929,12.95321637,2.323232323,2.676767677,2.456140351,-13.61111111,-16.66666667,-43.61111111,4.0386,5.2578,4.826,15.75396825,3.849206349,-2.777777778,8.89,14.51851852,3.074074074,-18.05555556,8.8138
2021,HW,WILG21,HW WILG21,F,5/19/2021,2021139,4/23/2021,2021113,NA,26,26.12,21.8,32.1,12.2,12.2,74.3,10.3,125.66,195.81,42.2,58,NA,NA,NA,360,15.2020202,14.29292929,12.95321637,2.323232323,2.676767677,2.456140351,-13.61111111,-16.66666667,-43.61111111,4.0386,5.2578,4.826,15.75396825,3.849206349,-2.777777778,8.89,14.51851852,3.074074074,-18.05555556,8.8138
2021,Dead,WILG21,Dead WILG21,F,5/19/2021,2021139,4/23/2021,2021113,NA,26,25.82,20.7,31.8,11.1,11.2,71.8,11.1,124.32,177.29,40,55.2,NA,NA,NA,337,15.2020202,14.29292929,12.95321637,2.323232323,2.676767677,2.456140351,-13.61111111,-16.66666667,-43.61111111,4.0386,5.2578,4.826,15.75396825,3.849206349,-2.777777778,8.89,14.51851852,3.074074074,-18.05555556,8.8138
2021,IV,EDAN21,IV EDAN21,F,5/20/2021,2021140,4/24/2021,2021114,NA,26,26.18,22.8,35,12.6,12.3,77,12.2,150.06,217.88,42,58.1,NA,NA,NA,377,16.41414141,14.5959596,13.0994152,3.585858586,2.171717172,2.631578947,-3.44E-15,-17.77777778,-40.55555556,4.6228,4.6482,4.826,14.96031746,3.849206349,-8.333333333,8.89,15.03703704,2.740740741,-16.66666667,5.4102
2021,JU,EDAN21,JU EDAN21,F,5/20/2021,2021140,4/25/2021,2021115,NA,25,25.45,21.8,33.3,12.2,12.9,74.8,11.5,148.35,208.96,41.5,58.2,NA,NA,NA,385,17.27272727,14.34343434,13.39181287,4.595959596,1.464646465,3.099415205,10.27777778,-23.05555556,-33.33333333,5.1308,4.1402,5.1054,14.28571429,3.214285714,-17.5,8.8138,15.66666667,2.925925926,-10.55555556,5.3086
2021,KT,EDAN21,KT EDAN21,F,5/20/2021,2021140,4/23/2021,2021113,NA,27,26.58,22.9,34.7,11.2,12.8,76.2,11.8,151.04,208.2,41.5,57.8,NA,NA,NA,368,15.2020202,14.29292929,12.95321637,2.323232323,2.676767677,2.456140351,-13.61111111,-16.66666667,-43.61111111,4.0386,5.2578,4.826,15.75396825,3.849206349,-2.777777778,8.89,14.51851852,3.074074074,-18.05555556,8.8138
2021,LS,THOM21,LS THOM21,F,5/22/2021,2021142,4/26/2021,2021116,NA,26,25.51,22.2,33.4,11.4,12.4,75.4,11.2,138.88,198.73,42,58.9,NA,NA,NA,402,16.61616162,15.25252525,13.30409357,4.595959596,1.666666667,3.216374269,6.666666667,-16.94444444,-33.05555556,5.1054,3.937,5.1054,14.64285714,2.698412698,-18.61111111,5.4102,16.03703704,3.296296296,-5,5.334
2021,MR,THOM21,MR THOM21,F,5/22/2021,2021142,4/27/2021,2021117,24,25,25.27,21.8,35.1,12,12.7,75.6,13.3,168.91,216.74,40.5,60.7,NA,NA,NA,390,16.51515152,16.26262626,12.69005848,4.545454545,2.373737374,3.040935673,5.833333333,-7.5,-40.55555556,5.1054,3.937,5.207,15.23809524,2.896825397,-13.05555556,5.3086,16.25925926,3.296296296,-3.333333333,5.3086
2021,S-BRP,THOM21,S-BRP THOM21,M,5/22/2021,2021142,4/27/2021,2021117,24,25,25.02,22.3,34.9,13.5,12.7,78,12.6,160.02,228.6,43.1,61,NA,NA,NA,412,16.51515152,16.26262626,12.69005848,4.545454545,2.373737374,3.040935673,5.833333333,-7.5,-40.55555556,5.1054,3.937,5.207,15.23809524,2.896825397,-13.05555556,5.3086,16.25925926,3.296296296,-3.333333333,5.3086
2021,S-YRP,THOM21,S-YRP THOM21,M,5/22/2021,2021142,4/27/2021,2021117,24,25,25.27,22.9,34.6,11.7,12.5,78.3,11.7,146.25,209.33,43.7,59.1,NA,NA,NA,422,16.51515152,16.26262626,12.69005848,4.545454545,2.373737374,3.040935673,5.833333333,-7.5,-40.55555556,5.1054,3.937,5.207,15.23809524,2.896825397,-13.05555556,5.3086,16.25925926,3.296296296,-3.333333333,5.3086
2021,NQ,NORM21,NQ NORM21,M,5/22/2021,2021142,4/26/2021,2021116,NA,26,26.28,23.3,35.9,12.8,13.5,77.6,12.6,170.1,236.04,41.7,60,NA,NA,NA,348,16.61616162,15.25252525,13.30409357,4.595959596,1.666666667,3.216374269,6.666666667,-16.94444444,-33.05555556,5.1054,3.937,5.1054,14.64285714,2.698412698,-18.61111111,5.4102,16.03703704,3.296296296,-5,5.334
2021,OP,NORM21,OP NORM21,U,5/22/2021,2021142,4/26/2021,2021116,NA,26,26.15,21.5,34.4,12,12.1,74.4,12.9,156.09,207.26,40,56.7,NA,NA,NA,312,16.61616162,15.25252525,13.30409357,4.595959596,1.666666667,3.216374269,6.666666667,-16.94444444,-33.05555556,5.1054,3.937,5.1054,14.64285714,2.698412698,-18.61111111,5.4102,16.03703704,3.296296296,-5,5.334
2021,PO,NORM21,PO NORM21,M,5/22/2021,2021142,4/27/2021,2021117,NA,25,25.46,21,34.1,11.4,12.2,72.5,13.1,159.82,201.19,38.4,56.3,NA,NA,NA,312,16.51515152,16.26262626,12.69005848,4.545454545,2.373737374,3.040935673,5.833333333,-7.5,-40.55555556,5.1054,3.937,5.207,15.23809524,2.896825397,-13.05555556,5.3086,16.25925926,3.296296296,-3.333333333,5.3086
2021,QN,WINS21,QN WINS21,M,5/30/2021,2021150,5/5/2021,2021125,24,25,25.35,22.4,36.2,12.9,12.8,78.3,13.8,176.64,232.59,42.1,57,NA,NA,NA,365,14.5959596,25.95959596,13.62573099,2.171717172,9.494949495,2.719298246,-17.77777778,85,-34.72222222,4.6482,0.6096,7.874,21.46825397,5.952380952,51.94444444,1.651,23.40740741,7.407407407,81.11111111,0.6096
2022,AC,SWIM22,AC SWIM22,U,5/16/2022,2022136,4/20/2022,2022110,26,26,25.85,23.4,37.6,13.6,14.2,80.8,14.2,201.64,261.32,43.2,64.9,NA,NA,NA,448,12.77777778,17.67676768,11.31578947,2.070707071,2.727272727,0.760233918,-28.33333333,2.222222222,-75.27777778,0.1778,0.5588,6.9596,15.27777778,2.976190476,-12.22222222,0.6604,15.37037037,1.62962963,-22.5,0.6604
2022,BB,SWIM22,BB SWIM22,U,5/16/2022,2022136,4/20/2022,2022110,26,26,25.97,24.1,35.7,11.7,13,78.2,11.6,150.8,220.45,42.5,60.7,NA,NA,NA,355,12.77777778,17.67676768,11.31578947,2.070707071,2.727272727,0.760233918,-28.33333333,2.222222222,-75.27777778,0.1778,0.5588,6.9596,15.27777778,2.976190476,-12.22222222,0.6604,15.37037037,1.62962963,-22.5,0.6604
2022,CA,SWIM22,CA SWIM22,U,5/16/2022,2022136,4/19/2022,2022109,27,27,26.85,23.3,35.7,11.8,13.5,75.8,12.4,167.4,225.8,40.1,61.4,NA,NA,NA,380,12.52525253,16.56565657,12.13450292,2.171717172,2.070707071,0.906432749,-29.16666667,-7.5,-66.11111111,1.778,0.5588,7.5946,15.3968254,3.412698413,-8.333333333,0.6604,15.22222222,2.111111111,-20,0.6604
2022,DZ,SWIM22,DZ SWIM22,U,5/16/2022,2022136,4/19/2022,2022109,26,27,26.92,23.3,37.5,12.2,13.3,75,14.2,188.86,239.06,37.5,59.8,NA,NA,NA,364,12.52525253,16.56565657,12.13450292,2.171717172,2.070707071,0.906432749,-29.16666667,-7.5,-66.11111111,1.778,0.5588,7.5946,15.3968254,3.412698413,-8.333333333,0.6604,15.22222222,2.111111111,-20,0.6604
